0.016666666666666666
0.06349206349206349
0.06015037593984962
0.06349206349206349
0.15037593984962405
0.16541353383458646
0.16541353383458646
0.24113475177304963
0.19858156028368795
0.19858156028368795
0.3120567375886525
0.3120567375886525
0.3120567375886525
0.41333333333333333
0.41333333333333333
0.425
0.42105263157894735
0.42105263157894735
0.42105263157894735
0.42105263157894735
0.3742690058479532
0.3825136612021858
0.3825136612021858
0.3825136612021858
0.3825136612021858
0.35714285714285715
0.3238095238095238
0.27906976744186046
0.27906976744186046
0.3070539419087137
0.3023255813953488
0.2753623188405797
0.31007751937984496
0.31007751937984496
0.33195020746887965
0.2311111111111111
0.2157676348547718
0.1937984496124031
0.1991701244813278
0.20155038759689922
0.20155038759689922
0.1908713692946058
0.22406639004149378
0.20444444444444446
0.20444444444444446
0.20444444444444446
0.1908713692946058
0.24806201550387597
0.24806201550387597
0.2391304347826087
0.2391304347826087
0.2391304347826087
0.29457364341085274
0.29457364341085274
0.2536231884057971
0.26811594202898553
0.29152542372881357
0.3047619047619048
0.273015873015873
0.2619047619047619
0.2905027932960894
0.2677165354330709
0.2677165354330709
0.2677165354330709
0.2677165354330709
0.2677165354330709
0.2677165354330709
0.2677165354330709
0.24671916010498687
0.2122905027932961
0.2122905027932961
0.20833333333333334
0.20833333333333334
0.20833333333333334
0.20833333333333334
0.21587301587301588
0.20238095238095238
0.20670391061452514
0.20670391061452514
0.20670391061452514
0.2152230971128609
0.2152230971128609
0.19753086419753085
0.2152230971128609
0.2152230971128609
0.19298245614035087
0.2
0.20175438596491227
0.20175438596491227
0.20175438596491227
0.20175438596491227
0.19047619047619047
0.18003913894324852
0.18633540372670807
0.19569471624266144
0.19875776397515527
0.19875776397515527
0.2035225048923679
0.2035225048923679
0.2153209109730849
0.2236842105263158
0.36257309941520466
0.36257309941520466
0.4095238095238095
0.37333333333333335
0.37333333333333335
0.37333333333333335
0.37333333333333335
0.4149377593360996
0.4149377593360996
0.4979253112033195
0.4979253112033195
0.4979253112033195
0.4979253112033195
0.4979253112033195
0.4979253112033195
0.4573643410852713
0.4573643410852713
0.4573643410852713
0.4979253112033195
0.4728682170542636
0.4728682170542636
0.4728682170542636
0.4728682170542636
0.4728682170542636
0.4728682170542636
0.4728682170542636
0.43478260869565216
0.43478260869565216
0.4067796610169492
0.43478260869565216
0.43478260869565216
0.43478260869565216
0.46511627906976744
0.4492753623188406
0.4492753623188406
0.4745762711864407
0.4745762711864407
0.4507936507936508
0.4406779661016949
0.4406779661016949
0.4406779661016949
0.4406779661016949
0.4406779661016949
0.4406779661016949
0.4406779661016949
0.4406779661016949
0.4406779661016949
0.3746031746031746
0.3746031746031746
0.3333333333333333
0.34285714285714286
0.3238095238095238
0.31547619047619047
0.3111111111111111
0.3111111111111111
0.3111111111111111
0.26031746031746034
0.21587301587301588
0.21694915254237288
0.20952380952380953
0.20833333333333334
0.20833333333333334
0.24581005586592178
0.24581005586592178
0.2976190476190476
0.3687150837988827
0.30446194225721784
0.3240223463687151
0.3240223463687151
0.2782152230971129
0.32545931758530183
0.32545931758530183
0.30617283950617286
0.30617283950617286
0.30617283950617286
0.2716049382716049
0.2716049382716049
0.2716049382716049
0.26046511627906976
0.2412280701754386
0.23684210526315788
0.23684210526315788
0.2324561403508772
0.2324561403508772
0.25877192982456143
0.24651162790697675
0.24651162790697675
0.24651162790697675
0.24186046511627907
0.26666666666666666
0.2651162790697674
0.2651162790697674
0.2631578947368421
0.2443064182194617
0.23483365949119372
0.2222222222222222
0.2035225048923679
0.18633540372670807
0.18633540372670807
0.18633540372670807
0.4979253112033195
0.4979253112033195
0.44813278008298757
0.44813278008298757
0.44813278008298757
0.44813278008298757
0.44813278008298757
0.43983402489626555
0.43983402489626555
0.43983402489626555
0.4315352697095436
0.37209302325581395
0.3817427385892116
0.4
0.4
0.4
0.4
0.38095238095238093
0.38095238095238093
0.3466666666666667
0.3466666666666667
0.24888888888888888
0.2571428571428571
0.2577777777777778
0.24066390041493776
0.24
0.2571428571428571
0.2571428571428571
0.27555555555555555
0.34057971014492755
0.34057971014492755
0.3254237288135593
0.2984126984126984
0.27380952380952384
0.3238095238095238
0.3238095238095238
0.3392857142857143
0.31843575418994413
0.31843575418994413
0.31843575418994413
0.31843575418994413
0.34523809523809523
0.34523809523809523
0.3407821229050279
0.30726256983240224
0.2737430167597765
0.2737430167597765
0.30952380952380953
0.30952380952380953
0.30952380952380953
0.31746031746031744
0.31746031746031744
0.31746031746031744
0.34576271186440677
0.34576271186440677
0.38405797101449274
0.37966101694915255
0.3695652173913043
0.3695652173913043
0.31547619047619047
0.29608938547486036
0.2782152230971129
0.31496062992125984
0.2675438596491228
0.20175438596491227
0.20175438596491227
0.20175438596491227
0.19875776397515527
0.20175438596491227
0.19298245614035087
0.19298245614035087
0.1813953488372093
0.1728395061728395
0.17674418604651163
0.16296296296296298
0.14814814814814814
0.14814814814814814
0.18271604938271604
0.1942257217847769
0.18271604938271604
0.19069767441860466
0.17982456140350878
0.17982456140350878
0.17407407407407408
0.17407407407407408
0.15789473684210525
0.15789473684210525
0.11228070175438597
0.12222222222222222
0.136986301369863
0.14492753623188406
0.14492753623188406
0.14492753623188406
0.14492753623188406
0.136986301369863
0.136986301369863
0.136986301369863
0.15555555555555556
0.1643835616438356
0.15185185185185185
0.4806201550387597
0.4806201550387597
0.4806201550387597
0.43410852713178294
0.43410852713178294
0.46473029045643155
0.4806201550387597
0.4806201550387597
0.6307053941908713
0.6307053941908713
0.6307053941908713
0.6307053941908713
0.6307053941908713
0.6307053941908713
0.6311111111111111
0.6311111111111111
0.6311111111111111
0.6311111111111111
0.6804979253112033
0.6804979253112033
0.6804979253112033
0.6804979253112033
0.6804979253112033
0.6804979253112033
0.6804979253112033
0.6844444444444444
0.6844444444444444
0.6844444444444444
0.6844444444444444
0.6390041493775933
0.6390041493775933
0.6390041493775933
0.6390041493775933
0.5426356589147286
0.4420289855072464
0.5038759689922481
0.5038759689922481
0.5038759689922481
0.4979253112033195
0.5726141078838174
0.5726141078838174
0.5726141078838174
0.6224066390041494
0.6224066390041494
0.6224066390041494
0.6224066390041494
0.6488888888888888
0.6488888888888888
0.6488888888888888
0.6488888888888888
0.6571428571428571
0.6571428571428571
0.6666666666666666
0.6666666666666666
0.5866666666666667
0.5866666666666667
0.5643153526970954
0.5643153526970954
0.5643153526970954
0.5643153526970954
0.5643153526970954
0.5643153526970954
0.5658914728682171
0.5394190871369294
0.5394190871369294
0.5155555555555555
0.5047619047619047
0.5047619047619047
0.4444444444444444
0.3900414937759336
0.3875968992248062
0.3695652173913043
0.3695652173913043
0.3695652173913043
0.3728813559322034
0.3728813559322034
0.3728813559322034
0.38405797101449274
0.3593220338983051
0.3525423728813559
0.30434782608695654
0.30434782608695654
0.30434782608695654
0.2983050847457627
0.2983050847457627
0.2983050847457627
0.2983050847457627
0.2983050847457627
0.26666666666666666
0.26666666666666666
0.26666666666666666
0.25595238095238093
0.25595238095238093
0.25595238095238093
0.27936507936507937
0.27976190476190477
0.27932960893854747
0.26246719160104987
0.26246719160104987
0.25196850393700787
0.6844444444444444
0.6844444444444444
0.6844444444444444
0.6844444444444444
0.6844444444444444
0.6857142857142857
0.6857142857142857
0.6857142857142857
0.6857142857142857
0.6857142857142857
0.638095238095238
0.638095238095238
0.638095238095238
0.64
0.64
0.6666666666666666
0.673469387755102
0.7238095238095238
0.7238095238095238
0.6844444444444444
0.6844444444444444
0.6844444444444444
0.6844444444444444
0.6844444444444444
0.6844444444444444
0.6844444444444444
0.6844444444444444
0.6844444444444444
0.6844444444444444
0.6844444444444444
0.6844444444444444
0.6844444444444444
0.6844444444444444
0.6844444444444444
0.6844444444444444
0.6844444444444444
0.6844444444444444
0.6844444444444444
0.638095238095238
0.638095238095238
0.638095238095238
0.638095238095238
0.638095238095238
0.638095238095238
0.6224489795918368
0.6224489795918368
0.6224489795918368
0.6224489795918368
0.7523809523809524
0.7523809523809524
0.7523809523809524
0.7523809523809524
0.7523809523809524
0.7523809523809524
0.7523809523809524
0.7523809523809524
0.7523809523809524
0.7523809523809524
0.7523809523809524
0.7523809523809524
0.7111111111111111
0.5809128630705395
0.5809128630705395
0.5116279069767442
0.5116279069767442
0.5116279069767442
0.5116279069767442
0.4782608695652174
0.5116279069767442
0.4782608695652174
0.4610169491525424
0.4380952380952381
0.4380952380952381
0.4380952380952381
0.4380952380952381
0.4745762711864407
0.4745762711864407
0.5072463768115942
0.5072463768115942
0.5072463768115942
0.49612403100775193
0.49612403100775193
0.49612403100775193
0.49612403100775193
0.49612403100775193
0.5968992248062015
0.6721991701244814
0.6721991701244814
0.6721991701244814
0.5891472868217055
0.5891472868217055
0.5891472868217055
0.5891472868217055
0.5891472868217055
0.5
0.5
0.4782608695652174
0.488135593220339
0.3682539682539683
0.4271186440677966
0.7523809523809524
0.7523809523809524
0.7523809523809524
0.7523809523809524
0.7523809523809524
0.7523809523809524
0.7523809523809524
0.7523809523809524
0.8061224489795918
0.8061224489795918
0.8061224489795918
0.8061224489795918
0.8061224489795918
0.8061224489795918
0.8061224489795918
0.8666666666666667
0.8666666666666667
0.8666666666666667
0.8666666666666667
0.8666666666666667
0.8666666666666667
0.8666666666666667
0.8666666666666667
0.8666666666666667
0.8666666666666667
0.8666666666666667
0.8666666666666667
0.8666666666666667
0.8666666666666667
1.0
1.0
0.8666666666666667
0.8666666666666667
0.8666666666666667
0.8666666666666667
0.8666666666666667
0.8666666666666667
0.8666666666666667
0.8666666666666667
0.8666666666666667
0.8666666666666667
0.8666666666666667
0.8666666666666667
0.8666666666666667
0.8666666666666667
0.8666666666666667
0.8666666666666667
0.8666666666666667
0.8666666666666667
0.8666666666666667
0.8666666666666667
0.8666666666666667
0.8666666666666667
0.8666666666666667
0.8666666666666667
0.8666666666666667
0.8666666666666667
0.8666666666666667
0.8666666666666667
0.8666666666666667
0.8666666666666667
0.8666666666666667
0.8666666666666667
0.8666666666666667
0.8666666666666667
0.7959183673469388
0.7959183673469388
0.7959183673469388
0.7959183673469388
0.7959183673469388
0.8666666666666667
0.8666666666666667
0.8666666666666667
0.8666666666666667
0.8
0.8
0.7468879668049793
0.7468879668049793
0.7468879668049793
0.7468879668049793
0.6639004149377593
0.6639004149377593
0.6639004149377593
0.7209302325581395
0.7209302325581395
0.6804979253112033
0.6804979253112033
0.6744186046511628
0.6556016597510373
0.6556016597510373
0.6124031007751938
0.572463768115942
0.572463768115942
0.5797101449275363
0.5423728813559322
0.5423728813559322
0.5217391304347826
0.5217391304347826
0.5217391304347826
0.5217391304347826
0.5217391304347826
1.0
1.0
1.0
1.0
1.0
1.0
1.0
1.0
1.0
1.0
1.0
1.0
1.0
1.0
1.0
1.0
1.0
1.0
1.0
1.0
1.0
1.0
1.0
1.0
1.0
1.0
1.0
1.0
1.0
1.0
1.0
1.0
1.0
1.0
1.0
1.0
1.0
1.0
1.0
1.0
1.0
1.0
1.0
1.0
1.0
1.0
1.0
1.0
1.0
1.0
1.0
1.0
1.0
1.0
1.0
1.0
1.0
1.0
1.0
1.0
1.0
1.0
1.0
1.0
1.0
1.0
1.0
1.0
1.0
1.0
1.0
1.0
1.0
1.0
1.0
1.0
1.0
1.0
1.0
1.0
1.0
1.0
1.0
1.0
1.0
1.0
1.0
1.0
0.8367346938775511
0.8367346938775511
0.8367346938775511
0.8571428571428571
0.8571428571428571
0.8571428571428571
0.8571428571428571
0.8571428571428571
0.8571428571428571
0.7714285714285715
0.7714285714285715
0.7714285714285715
1.0
1.0
1.0
1.0
1.0
1.0
1.0
1.0
1.0
1.0
1.0
1.0
1.0
1.0
1.0
1.0
1.0
1.0
1.0
1.0
1.0
1.0
1.0
1.0
1.0
1.0
1.0
1.0
1.0
1.0
1.0
1.0
1.0
1.0
1.0
1.0
1.0
1.0
1.0
1.0
1.0
1.0
1.0
1.0
1.0
1.0
1.0
1.0
0.8061224489795918
0.8061224489795918
0.8061224489795918
0.8061224489795918
0.8061224489795918
0.8061224489795918
0.73224043715847
0.73224043715847
0.73224043715847
0.73224043715847
0.73224043715847
0.73224043715847
0.8061224489795918
0.8061224489795918
0.8061224489795918
0.8061224489795918
0.8061224489795918
0.8061224489795918
0.8061224489795918
0.8061224489795918
0.8061224489795918
0.7868852459016393
0.7868852459016393
0.7868852459016393
0.6666666666666666
0.6844444444444444
0.6844444444444444
0.6844444444444444
0.6844444444444444
0.6844444444444444
0.7142857142857143
0.6095238095238096
0.6095238095238096
0.6095238095238096
0.6095238095238096
0.6095238095238096
0.6122448979591837
0.6122448979591837
0.5408163265306123
0.5408163265306123
0.5408163265306123
0.5408163265306123
0.5408163265306123
0.5408163265306123
0.4666666666666667
0.4666666666666667
0.4666666666666667
0.4666666666666667
0.4533333333333333
0.5477178423236515
0.5892116182572614
0.5892116182572614
1.0
1.0
1.0
1.0
1.0
1.0
1.0
1.0
1.0
1.0
1.0
1.0
1.0
1.0
1.0
1.0
1.0
1.0
1.0
1.0
1.0
1.0
1.0
1.0
1.0
1.0
1.0
0.8666666666666667
0.8666666666666667
0.8666666666666667
0.8666666666666667
0.7448979591836735
0.7448979591836735
0.7448979591836735
0.7448979591836735
0.7448979591836735
0.6095238095238096
0.6095238095238096
0.6095238095238096
0.6095238095238096
0.56
0.56
0.5643153526970954
0.5643153526970954
0.6044444444444445
0.6044444444444445
0.6044444444444445
0.6044444444444445
0.6086956521739131
0.6086956521739131
0.6086956521739131
0.6086956521739131
0.6086956521739131
0.6086956521739131
0.47101449275362317
0.47101449275362317
0.5038759689922481
0.5038759689922481
0.45652173913043476
0.5038759689922481
0.5038759689922481
0.5038759689922481
0.47101449275362317
0.46511627906976744
0.46511627906976744
0.4492753623188406
0.4492753623188406
0.46511627906976744
0.46511627906976744
0.46511627906976744
0.46511627906976744
0.46511627906976744
0.46511627906976744
0.46511627906976744
0.48132780082987553
0.48132780082987553
0.4728682170542636
0.4728682170542636
0.46511627906976744
0.48132780082987553
0.48132780082987553
0.48132780082987553
0.48132780082987553
0.5038759689922481
0.5038759689922481
0.5311203319502075
0.5688888888888889
0.5688888888888889
0.5688888888888889
0.5688888888888889
0.5688888888888889
0.5688888888888889
0.5688888888888889
0.5688888888888889
0.5688888888888889
0.5062240663900415
0.5062240663900415
0.5062240663900415
0.4806201550387597
0.4806201550387597
1.0
1.0
1.0
1.0
1.0
1.0
1.0
1.0
1.0
1.0
1.0
1.0
1.0
1.0
1.0
1.0
1.0
1.0
1.0
1.0
1.0
1.0
1.0
1.0
1.0
1.0
1.0
1.0
1.0
1.0
1.0
1.0
1.0
1.0
1.0
1.0
1.0
1.0
1.0
1.0
1.0
1.0
1.0
1.0
1.0
1.0
1.0
1.0
1.0
1.0
1.0
1.0
1.0
1.0
1.0
1.0
1.0
1.0
1.0
1.0
1.0
1.0
1.0
1.0
1.0
1.0
1.0
1.0
1.0
1.0
1.0
1.0
1.0
1.0
1.0
1.0
1.0
1.0
1.0
1.0
1.0
1.0
1.0
1.0
1.0
1.0
1.0
1.0
1.0
1.0
1.0
1.0
1.0
1.0
1.0
1.0
1.0
1.0
1.0
1.0
1.0
1.0
1.0
1.0
0.8088888888888889
0.8088888888888889
0.8088888888888889
0.8088888888888889
0.8088888888888889
0.8088888888888889
0.8088888888888889
0.8088888888888889
0.8088888888888889
0.8088888888888889
0.8088888888888889
0.8088888888888889
0.8088888888888889
0.8088888888888889
0.8088888888888889
0.8088888888888889
0.72
0.6311111111111111
0.6224066390041494
0.6224066390041494
0.6224066390041494
0.6224066390041494
0.6124031007751938
0.6058091286307054
0.6058091286307054
0.6058091286307054
0.6058091286307054
0.6058091286307054
0.6058091286307054
0.6058091286307054
0.6058091286307054
0.6058091286307054
0.6058091286307054
0.6058091286307054
0.6058091286307054
0.6511627906976745
0.6511627906976745
0.6307053941908713
0.6307053941908713
0.5866666666666667
0.5866666666666667
0.5866666666666667
0.5866666666666667
0.5809128630705395
0.5809128630705395
0.5658914728682171
0.5658914728682171
0.5477178423236515
0.5777777777777777
0.5777777777777777
0.5777777777777777
0.6
0.6
0.6
0.6
0.6
0.6
0.49523809523809526
0.49523809523809526
0.5238095238095238
0.5066666666666667
0.5066666666666667
0.5066666666666667
0.5066666666666667
0.5066666666666667
0.5066666666666667
0.44761904761904764
0.4897959183673469
0.5306122448979592
0.5306122448979592
0.5306122448979592
0.6010928961748634
0.6122448979591837
0.6122448979591837
0.6122448979591837
0.6122448979591837
0.6122448979591837
0.6122448979591837
0.6122448979591837
0.6122448979591837
0.6476190476190476
0.6476190476190476
0.6476190476190476
0.6476190476190476
0.6476190476190476
0.6476190476190476
0.6476190476190476
0.6476190476190476
0.6311111111111111
0.5333333333333333
0.5333333333333333
0.6311111111111111
0.4896265560165975
0.4418604651162791
0.4418604651162791
0.39855072463768115
0.37966101694915255
1.0
1.0
1.0
1.0
1.0
1.0
1.0
1.0
1.0
1.0
0.7959183673469388
0.7959183673469388
0.7959183673469388
0.7959183673469388
0.7959183673469388
0.7959183673469388
0.7959183673469388
0.7959183673469388
0.7959183673469388
0.7959183673469388
0.7959183673469388
0.7959183673469388
0.7959183673469388
0.7959183673469388
0.7959183673469388
0.7959183673469388
0.7959183673469388
0.7959183673469388
0.7959183673469388
0.7959183673469388
0.7959183673469388
0.7959183673469388
0.7959183673469388
0.7959183673469388
0.7959183673469388
0.7959183673469388
0.7959183673469388
0.7959183673469388
0.7959183673469388
0.7959183673469388
0.7333333333333333
0.7346938775510204
0.8571428571428571
0.8571428571428571
0.8571428571428571
0.8571428571428571
0.8571428571428571
0.8571428571428571
0.8571428571428571
0.8571428571428571
0.8571428571428571
0.8571428571428571
0.8571428571428571
0.8571428571428571
0.7959183673469388
0.7959183673469388
0.7959183673469388
0.7959183673469388
0.7959183673469388
0.7959183673469388
0.7959183673469388
0.7959183673469388
0.7238095238095238
0.7238095238095238
0.7238095238095238
0.6666666666666666
0.6666666666666666
0.7238095238095238
0.7238095238095238
0.7238095238095238
0.7959183673469388
0.6775956284153005
0.6775956284153005
0.6632653061224489
0.6632653061224489
0.638095238095238
0.6632653061224489
0.6632653061224489
0.6632653061224489
0.6476190476190476
0.6632653061224489
0.6632653061224489
0.6632653061224489
0.6775956284153005
0.6775956284153005
0.6775956284153005
0.6775956284153005
0.6775956284153005
0.6775956284153005
0.6775956284153005
0.6775956284153005
0.6775956284153005
0.6775956284153005
0.6775956284153005
0.6775956284153005
0.6775956284153005
0.6775956284153005
0.6775956284153005
0.6775956284153005
0.6775956284153005
1.0
1.0
1.0
1.0
1.0
1.0
1.0
1.0
1.0
1.0
1.0
1.0
1.0
1.0
1.0
1.0
1.0
1.0
1.0
1.0
1.0
1.0
1.0
1.0
1.0
1.0
1.0
1.0
1.0
1.0
1.0
1.0
1.0
1.0
1.0
1.0
1.0
1.0
1.0
0.8622222222222222
0.8622222222222222
0.8622222222222222
0.8622222222222222
0.8622222222222222
0.8622222222222222
0.8622222222222222
0.7717842323651453
0.7717842323651453
0.7466666666666667
0.7466666666666667
0.7466666666666667
0.7466666666666667
0.6721991701244814
0.6721991701244814
0.6721991701244814
0.6721991701244814
0.6721991701244814
0.6721991701244814
0.6721991701244814
0.6721991701244814
0.6721991701244814
0.6721991701244814
0.6721991701244814
0.6721991701244814
0.5809128630705395
0.5658914728682171
0.5726141078838174
0.6133333333333333
0.6133333333333333
0.6133333333333333
0.5904761904761905
0.5904761904761905
0.5688888888888889
0.5688888888888889
0.5688888888888889
0.5145228215767634
0.5145228215767634
0.5155555555555555
0.5155555555555555
0.5228215767634855
0.5228215767634855
0.5155555555555555
0.5155555555555555
0.5047619047619047
0.5047619047619047
0.4444444444444444
0.4622222222222222
0.49523809523809526
0.5714285714285714
0.5714285714285714
0.5714285714285714
0.580952380952381
0.6222222222222222
0.638095238095238
0.638095238095238
0.5866666666666667
0.5866666666666667
0.5866666666666667
0.5866666666666667
0.5311203319502075
1.0
1.0
1.0
1.0
1.0
1.0
1.0
1.0
1.0
1.0
1.0
0.8666666666666667
0.8666666666666667
0.8666666666666667
0.8666666666666667
0.8666666666666667
0.8666666666666667
0.8666666666666667
0.8666666666666667
0.8666666666666667
0.8666666666666667
0.8666666666666667
0.8666666666666667
0.8666666666666667
0.8666666666666667
0.8666666666666667
0.8666666666666667
0.8666666666666667
0.8666666666666667
0.8666666666666667
0.8666666666666667
0.8666666666666667
0.8666666666666667
0.8666666666666667
0.8666666666666667
0.8666666666666667
0.8666666666666667
0.8666666666666667
0.8666666666666667
0.8666666666666667
0.8666666666666667
0.8666666666666667
0.8666666666666667
0.8666666666666667
0.8666666666666667
0.8666666666666667
0.8666666666666667
0.8666666666666667
0.8666666666666667
0.8666666666666667
0.8666666666666667
0.8666666666666667
0.8666666666666667
0.8666666666666667
1.0
1.0
1.0
1.0
1.0
1.0
1.0
1.0
1.0
1.0
1.0
1.0
1.0
1.0
1.0
1.0
1.0
1.0
1.0
1.0
1.0
1.0
1.0
1.0
1.0
1.0
1.0
1.0
1.0
0.8469387755102041
0.8469387755102041
0.8469387755102041
0.8469387755102041
0.8469387755102041
0.8469387755102041
0.8469387755102041
0.8469387755102041
0.8469387755102041
0.8469387755102041
0.8469387755102041
0.8469387755102041
0.8469387755102041
0.8469387755102041
0.8469387755102041
0.8469387755102041
0.8469387755102041
1.0
1.0
1.0
0.8622222222222222
0.7466666666666667
0.7466666666666667
0.7466666666666667
0.7466666666666667
0.7466666666666667
0.7466666666666667
0.7466666666666667
0.7466666666666667
0.7428571428571429
0.7428571428571429
0.7428571428571429
0.7428571428571429
0.7428571428571429
0.7428571428571429
0.7428571428571429
0.7428571428571429
0.7428571428571429
0.7428571428571429
0.7428571428571429
0.7959183673469388
0.7959183673469388
0.7959183673469388
0.7959183673469388
0.6557377049180327
0.6557377049180327
0.6557377049180327
0.673469387755102
0.673469387755102
0.673469387755102
0.7103825136612022
0.8469387755102041
0.8469387755102041
0.8469387755102041
0.8469387755102041
0.8469387755102041
0.8469387755102041
0.8469387755102041
0.7959183673469388
0.7959183673469388
0.7959183673469388
0.7959183673469388
0.7959183673469388
0.7959183673469388
0.7959183673469388
0.7959183673469388
0.7959183673469388
0.7959183673469388
0.7959183673469388
0.7959183673469388
0.7959183673469388
0.7959183673469388
0.7959183673469388
0.7959183673469388
0.7959183673469388
0.7959183673469388
0.7959183673469388
0.7959183673469388
0.7959183673469388
0.7959183673469388
0.7959183673469388
0.7959183673469388
0.7959183673469388
0.7959183673469388
0.7959183673469388
0.7959183673469388
0.7959183673469388
0.7959183673469388
0.7959183673469388
0.7959183673469388
0.7959183673469388
0.7959183673469388
0.7959183673469388
0.7959183673469388
0.7959183673469388
0.7959183673469388
0.7959183673469388
0.7959183673469388
0.7959183673469388
0.7959183673469388
0.7959183673469388
0.7103825136612022
0.6783625730994152
0.6783625730994152
0.6783625730994152
0.6783625730994152
0.6783625730994152
0.6783625730994152
0.6783625730994152
0.6783625730994152
0.6783625730994152
0.6783625730994152
0.6783625730994152
0.6783625730994152
0.6783625730994152
0.6783625730994152
0.5792349726775956
1.0
1.0
1.0
1.0
1.0
1.0
1.0
1.0
1.0
1.0
1.0
1.0
1.0
1.0
1.0
1.0
1.0
1.0
1.0
1.0
1.0
1.0
1.0
1.0
1.0
1.0
1.0
1.0
1.0
1.0
1.0
1.0
1.0
1.0
1.0
0.8666666666666667
0.8666666666666667
0.8666666666666667
0.8666666666666667
0.8666666666666667
0.8666666666666667
0.8666666666666667
0.8666666666666667
0.8666666666666667
0.8666666666666667
0.8666666666666667
0.8666666666666667
0.8666666666666667
0.8666666666666667
0.8666666666666667
0.8666666666666667
0.8666666666666667
0.8666666666666667
0.8666666666666667
0.8666666666666667
0.8666666666666667
0.8666666666666667
0.8666666666666667
0.8666666666666667
0.8666666666666667
0.8666666666666667
0.8367346938775511
0.8367346938775511
0.8367346938775511
0.8367346938775511
0.8367346938775511
0.8367346938775511
0.8367346938775511
0.8367346938775511
0.8367346938775511
0.8367346938775511
0.8367346938775511
0.8367346938775511
0.8367346938775511
0.8367346938775511
0.8367346938775511
0.8367346938775511
0.8367346938775511
0.8367346938775511
0.8367346938775511
0.8367346938775511
0.8367346938775511
0.8367346938775511
0.8666666666666667
0.8666666666666667
0.8666666666666667
0.8666666666666667
0.8666666666666667
0.8666666666666667
0.8666666666666667
0.8666666666666667
0.8666666666666667
0.8666666666666667
0.8666666666666667
0.8666666666666667
0.8666666666666667
0.8666666666666667
0.8666666666666667
0.8088888888888889
0.8088888888888889
0.6933333333333334
1.0
1.0
1.0
1.0
1.0
1.0
1.0
1.0
1.0
1.0
1.0
1.0
1.0
1.0
1.0
1.0
1.0
1.0
1.0
1.0
1.0
1.0
1.0
1.0
1.0
1.0
1.0
1.0
1.0
1.0
1.0
1.0
1.0
1.0
1.0
1.0
1.0
1.0
1.0
1.0
1.0
1.0
1.0
1.0
1.0
1.0
1.0
1.0
1.0
1.0
1.0
1.0
1.0
1.0
1.0
1.0
1.0
1.0
1.0
1.0
1.0
1.0
1.0
1.0
1.0
1.0
1.0
1.0
1.0
1.0
1.0
1.0
1.0
1.0
1.0
1.0
1.0
1.0
1.0
1.0
1.0
1.0
1.0
1.0
1.0
1.0
1.0
1.0
1.0
1.0
1.0
1.0
1.0
1.0
1.0
1.0
1.0
1.0
1.0
1.0
1.0
1.0
1.0
1.0
1.0
1.0
1.0
1.0
1.0
1.0
1.0
1.0
1.0
1.0
1.0
1.0
1.0
1.0
1.0
1.0
1.0
1.0
1.0
1.0
1.0
1.0
1.0
1.0
1.0
1.0
1.0
1.0
1.0
1.0
1.0
1.0
1.0
1.0
1.0
1.0
1.0
1.0
1.0
1.0
1.0
1.0
1.0
1.0
1.0
1.0
1.0
1.0
1.0
1.0
1.0
1.0
1.0
1.0
1.0
1.0
1.0
1.0
1.0
1.0
1.0
1.0
1.0
1.0
1.0
1.0
1.0
1.0
1.0
1.0
1.0
1.0
1.0
1.0
1.0
1.0
1.0
1.0
1.0
1.0
1.0
1.0
1.0
1.0
1.0
1.0
1.0
1.0
1.0
1.0
1.0
1.0
1.0
1.0
1.0
1.0
1.0
1.0
1.0
1.0
1.0
1.0
1.0
1.0
1.0
1.0
1.0
1.0
1.0
1.0
1.0
1.0
1.0
1.0
1.0
1.0
1.0
1.0
1.0
1.0
0.8367346938775511
0.8367346938775511
0.8367346938775511
0.8367346938775511
0.8367346938775511
0.8666666666666667
0.8666666666666667
0.8666666666666667
0.8666666666666667
0.8666666666666667
0.8666666666666667
0.8666666666666667
0.8666666666666667
0.8666666666666667
0.8666666666666667
0.8666666666666667
0.8666666666666667
0.8666666666666667
0.8666666666666667
0.8666666666666667
0.8666666666666667
0.8666666666666667
0.8666666666666667
0.8666666666666667
0.8666666666666667
0.8666666666666667
0.8666666666666667
0.8666666666666667
0.8666666666666667
0.8666666666666667
0.8666666666666667
0.8666666666666667
0.8666666666666667
0.8666666666666667
0.8367346938775511
0.8367346938775511
0.8367346938775511
0.7213114754098361
0.7213114754098361
0.7213114754098361
0.7213114754098361
0.7213114754098361
0.7213114754098361
0.7213114754098361
0.7213114754098361
0.7142857142857143
0.7142857142857143
0.7142857142857143
0.7142857142857143
0.7142857142857143
0.7142857142857143
0.7142857142857143
0.7142857142857143
0.7142857142857143
0.7142857142857143
0.7142857142857143
0.7238095238095238
0.7238095238095238
0.7238095238095238
0.7238095238095238
0.7238095238095238
0.7238095238095238
0.6755555555555556
0.6755555555555556
0.7634854771784232
0.7634854771784232
0.7634854771784232
0.6976744186046512
0.5813953488372093
0.6224066390041494
0.6224066390041494
0.6224066390041494
0.5736434108527132
0.6224066390041494
0.6224066390041494
0.5422222222222223
1.0
0.8177777777777778
0.8177777777777778
0.7717842323651453
0.8177777777777778
0.8177777777777778
0.8177777777777778
0.8177777777777778
0.8177777777777778
0.8177777777777778
0.7966804979253111
0.8622222222222222
0.8622222222222222
0.8622222222222222
0.8622222222222222
0.8622222222222222
0.8622222222222222
0.7644444444444445
0.7644444444444445
0.7644444444444445
0.7644444444444445
0.8666666666666667
0.8666666666666667
0.8666666666666667
0.8666666666666667
0.8666666666666667
0.7466666666666667
0.7466666666666667
0.7466666666666667
0.7466666666666667
0.7466666666666667
0.8666666666666667
0.8666666666666667
0.8666666666666667
0.8666666666666667
0.8666666666666667
0.8666666666666667
0.6836734693877551
0.6836734693877551
0.6836734693877551
0.6836734693877551
0.6836734693877551
0.6836734693877551
0.6836734693877551
0.6994535519125683
0.5918367346938775
0.5918367346938775
0.6229508196721312
0.6229508196721312
0.6229508196721312
0.6229508196721312
0.6229508196721312
0.6229508196721312
0.6229508196721312
0.6229508196721312
0.6229508196721312
0.6229508196721312
0.6229508196721312
0.6229508196721312
0.6229508196721312
0.6229508196721312
0.6229508196721312
0.5497076023391813
0.5333333333333333
0.5333333333333333
0.5333333333333333
0.5333333333333333
0.5333333333333333
0.5333333333333333
0.6222222222222222
0.5726141078838174
0.5726141078838174
0.5726141078838174
0.5726141078838174
0.5726141078838174
0.5736434108527132
0.5736434108527132
0.5736434108527132
0.5736434108527132
0.5736434108527132
0.5736434108527132
0.5736434108527132
0.5736434108527132
0.5394190871369294
0.5394190871369294
0.5394190871369294
0.5244444444444445
0.5244444444444445
0.5244444444444445
0.5244444444444445
0.5244444444444445
0.6058091286307054
0.5813953488372093
0.5813953488372093
0.5813953488372093
0.5813953488372093
0.5813953488372093
0.5813953488372093
0.6058091286307054
0.6058091286307054
1.0
1.0
1.0
1.0
1.0
1.0
1.0
1.0
1.0
1.0
0.7959183673469388
0.7959183673469388
0.7959183673469388
0.7959183673469388
0.7959183673469388
0.7959183673469388
0.7959183673469388
0.7959183673469388
0.7959183673469388
0.7959183673469388
0.7959183673469388
0.7959183673469388
0.7959183673469388
0.7959183673469388
0.7959183673469388
0.6885245901639344
0.6885245901639344
0.6885245901639344
0.6885245901639344
0.6020408163265306
0.6285714285714286
0.6836734693877551
0.6836734693877551
0.6836734693877551
0.7142857142857143
0.7142857142857143
0.7142857142857143
0.7142857142857143
0.7142857142857143
0.7142857142857143
0.7142857142857143
0.7142857142857143
0.7142857142857143
0.7142857142857143
0.7142857142857143
0.7142857142857143
0.7142857142857143
0.7142857142857143
0.7142857142857143
0.7142857142857143
0.7142857142857143
0.7142857142857143
0.7142857142857143
0.7142857142857143
0.7142857142857143
0.7142857142857143
0.7142857142857143
0.7142857142857143
0.7142857142857143
0.7142857142857143
0.6224489795918368
0.6224489795918368
0.6224489795918368
0.6224489795918368
0.6224489795918368
0.5523809523809524
0.5612244897959183
0.5612244897959183
0.5612244897959183
0.546448087431694
0.546448087431694
0.546448087431694
0.546448087431694
0.5612244897959183
0.5612244897959183
0.5816326530612245
0.5816326530612245
0.5816326530612245
0.5816326530612245
0.5816326530612245
0.5816326530612245
0.5816326530612245
0.5816326530612245
0.5816326530612245
0.5816326530612245
0.5816326530612245
0.3979591836734694
0.45918367346938777
0.44808743169398907
0.44808743169398907
0.44808743169398907
0.44808743169398907
0.3742690058479532
0.3742690058479532
0.3742690058479532
0.3742690058479532
0.3825136612021858
0.3825136612021858
0.3825136612021858
0.3825136612021858
0.3825136612021858
1.0
1.0
1.0
1.0
1.0
1.0
1.0
1.0
1.0
1.0
1.0
1.0
1.0
1.0
1.0
1.0
1.0
1.0
1.0
1.0
1.0
1.0
1.0
1.0
1.0
1.0
1.0
1.0
1.0
1.0
1.0
1.0
1.0
1.0
1.0
1.0
1.0
1.0
1.0
1.0
1.0
1.0
1.0
1.0
1.0
1.0
1.0
1.0
1.0
1.0
1.0
1.0
1.0
1.0
1.0
0.8666666666666667
0.8666666666666667
0.8666666666666667
0.8666666666666667
0.8666666666666667
0.8666666666666667
0.8666666666666667
0.8666666666666667
0.8666666666666667
0.8666666666666667
0.8666666666666667
0.8666666666666667
0.8666666666666667
0.8666666666666667
0.8666666666666667
0.8666666666666667
0.8666666666666667
0.8666666666666667
0.8367346938775511
0.8367346938775511
0.8367346938775511
0.8367346938775511
0.8367346938775511
0.8367346938775511
0.8367346938775511
0.8367346938775511
0.8367346938775511
0.7904761904761904
0.7904761904761904
0.7904761904761904
0.7904761904761904
0.7904761904761904
0.7904761904761904
0.7904761904761904
0.8177777777777778
0.8177777777777778
0.8177777777777778
0.8177777777777778
0.8177777777777778
0.8177777777777778
0.8177777777777778
0.8177777777777778
0.8177777777777778
0.8177777777777778
0.8177777777777778
1.0
1.0
1.0
1.0
1.0
1.0
1.0
1.0
1.0
1.0
1.0
0.8533333333333334
0.8533333333333334
0.8533333333333334
0.8533333333333334
0.8533333333333334
0.8533333333333334
0.8533333333333334
0.8533333333333334
0.8533333333333334
0.8533333333333334
0.8533333333333334
0.8533333333333334
0.8533333333333334
0.8533333333333334
0.8533333333333334
0.8533333333333334
0.8533333333333334
0.7800829875518672
0.7800829875518672
0.7800829875518672
0.7800829875518672
0.7800829875518672
0.7800829875518672
0.7800829875518672
0.7800829875518672
0.7800829875518672
0.7800829875518672
0.7800829875518672
0.7800829875518672
0.7800829875518672
0.7800829875518672
0.7800829875518672
0.7800829875518672
0.7800829875518672
0.7800829875518672
0.7800829875518672
0.7800829875518672
0.7054263565891473
0.7054263565891473
0.7054263565891473
0.7054263565891473
0.7054263565891473
0.7054263565891473
0.7054263565891473
0.7054263565891473
0.7054263565891473
0.7551867219917012
0.6577777777777778
0.6577777777777778
0.6577777777777778
0.6577777777777778
0.6857142857142857
0.6857142857142857
0.6857142857142857
0.6857142857142857
0.6857142857142857
0.6857142857142857
0.6857142857142857
0.7244897959183674
0.7244897959183674
0.7244897959183674
0.8666666666666667
0.8666666666666667
0.8666666666666667
0.8666666666666667
0.8666666666666667
0.8622222222222222
0.8622222222222222
0.8622222222222222
1.0
1.0
1.0
0.8533333333333334
0.8533333333333334
0.8533333333333334
0.8533333333333334
0.8533333333333334
0.8533333333333334
0.8533333333333334
1.0
1.0
1.0
1.0
1.0
1.0
1.0
1.0
1.0
1.0
1.0
1.0
1.0
1.0
1.0
1.0
1.0
1.0
1.0
1.0
1.0
1.0
1.0
1.0
1.0
1.0
1.0
1.0
1.0
1.0
1.0
1.0
1.0
1.0
1.0
1.0
1.0
1.0
1.0
1.0
1.0
1.0
1.0
1.0
1.0
1.0
1.0
1.0
1.0
1.0
1.0
1.0
1.0
1.0
1.0
1.0
1.0
1.0
1.0
1.0
1.0
1.0
1.0
1.0
1.0
1.0
1.0
1.0
1.0
1.0
1.0
1.0
1.0
1.0
1.0
1.0
1.0
1.0
1.0
1.0
1.0
1.0
1.0
1.0
1.0
1.0
1.0
1.0
1.0
1.0
1.0
1.0
1.0
1.0
1.0
1.0
1.0
1.0
1.0
1.0
1.0
1.0
1.0
1.0
1.0
1.0
1.0
1.0
1.0
1.0
1.0
1.0
1.0
1.0
1.0
1.0
1.0
1.0
1.0
1.0
1.0
1.0
0.8666666666666667
0.8666666666666667
0.8666666666666667
0.8666666666666667
0.8666666666666667
0.8666666666666667
0.8666666666666667
0.8666666666666667
0.8666666666666667
0.8666666666666667
0.8666666666666667
0.8666666666666667
0.8666666666666667
0.8666666666666667
0.8666666666666667
0.8666666666666667
0.8666666666666667
0.8666666666666667
0.6844444444444444
0.6844444444444444
0.6844444444444444
0.6844444444444444
0.6844444444444444
0.6844444444444444
0.64
0.64
0.64
0.64
0.64
0.64
0.64
0.64
0.6224066390041494
0.6224066390041494
0.6224066390041494
0.6224066390041494
0.6224066390041494
0.5891472868217055
0.5891472868217055
0.5891472868217055
0.5891472868217055
0.5362318840579711
0.5362318840579711
0.5362318840579711
0.5362318840579711
0.5658914728682171
0.5658914728682171
0.6390041493775933
0.6390041493775933
0.6390041493775933
0.4728682170542636
0.40310077519379844
0.40310077519379844
0.391304347826087
0.391304347826087
0.391304347826087
0.391304347826087
0.391304347826087
0.4496124031007752
0.43478260869565216
0.43478260869565216
0.4496124031007752
0.4496124031007752
0.4496124031007752
0.4496124031007752
0.4496124031007752
0.4496124031007752
0.463768115942029
0.5271317829457365
0.5271317829457365
0.5271317829457365
0.5271317829457365
0.5271317829457365
0.5271317829457365
0.5271317829457365
0.5271317829457365
0.5271317829457365
0.5271317829457365
0.4855072463768116
0.4855072463768116
0.4855072463768116
0.4855072463768116
0.4855072463768116
0.4855072463768116
0.4855072463768116
0.49612403100775193
0.49612403100775193
0.49612403100775193
1.0
1.0
1.0
1.0
1.0
1.0
1.0
1.0
1.0
1.0
1.0
1.0
1.0
1.0
0.8622222222222222
0.8622222222222222
0.7142857142857143
0.7142857142857143
0.8061224489795918
0.8061224489795918
0.8061224489795918
0.6530612244897959
0.6530612244897959
0.6285714285714286
0.5866666666666667
0.5866666666666667
0.5866666666666667
0.5866666666666667
0.5866666666666667
0.5477178423236515
0.5477178423236515
0.40310077519379844
0.40310077519379844
0.3817427385892116
0.4418604651162791
0.4418604651162791
0.4263565891472868
0.4263565891472868
0.427536231884058
0.37966101694915255
0.37966101694915255
0.37966101694915255
0.3864406779661017
0.3864406779661017
0.3864406779661017
0.3864406779661017
0.3864406779661017
0.3864406779661017
0.43478260869565216
0.43478260869565216
0.43478260869565216
0.4057971014492754
0.4057971014492754
0.4057971014492754
0.37966101694915255
0.3695652173913043
0.3695652173913043
0.3695652173913043
0.3695652173913043
0.3695652173913043
0.4067796610169492
0.4067796610169492
0.427536231884058
0.4271186440677966
0.4271186440677966
0.427536231884058
0.427536231884058
0.4492753623188406
0.4186046511627907
0.4186046511627907
0.3643410852713178
0.3643410852713178
0.4315352697095436
0.40310077519379844
0.4126984126984127
0.4126984126984127
0.4126984126984127
0.4126984126984127
0.38095238095238093
0.38095238095238093
0.3619047619047619
0.3619047619047619
0.375
0.375
0.3873015873015873
0.3873015873015873
0.3873015873015873
0.3873015873015873
0.3873015873015873
0.3873015873015873
0.3630952380952381
0.3630952380952381
0.35119047619047616
0.39664804469273746
0.39664804469273746
0.39664804469273746
0.39664804469273746
0.43575418994413406
0.40782122905027934
0.37270341207349084
0.37270341207349084
1.0
1.0
1.0
1.0
1.0
1.0
1.0
1.0
1.0
1.0
1.0
1.0
1.0
1.0
1.0
1.0
1.0
1.0
1.0
1.0
1.0
1.0
1.0
1.0
1.0
1.0
1.0
1.0
1.0
1.0
1.0
1.0
1.0
1.0
1.0
1.0
1.0
1.0
1.0
1.0
1.0
1.0
1.0
1.0
1.0
1.0
1.0
1.0
1.0
1.0
1.0
1.0
1.0
1.0
1.0
1.0
1.0
1.0
1.0
1.0
1.0
1.0
1.0
1.0
1.0
0.8666666666666667
0.8666666666666667
0.8666666666666667
0.8666666666666667
0.8666666666666667
0.8666666666666667
0.8666666666666667
0.8666666666666667
0.8666666666666667
0.8666666666666667
0.8666666666666667
0.8666666666666667
0.8666666666666667
0.8666666666666667
0.8666666666666667
0.8666666666666667
0.8666666666666667
0.8666666666666667
0.8666666666666667
0.8666666666666667
0.8666666666666667
0.8666666666666667
0.8666666666666667
0.8666666666666667
0.8666666666666667
0.8666666666666667
0.8666666666666667
0.8666666666666667
0.8666666666666667
0.8666666666666667
0.8666666666666667
0.8666666666666667
0.8666666666666667
0.8666666666666667
0.8666666666666667
1.0
1.0
1.0
1.0
1.0
1.0
1.0
1.0
1.0
1.0
1.0
1.0
1.0
1.0
1.0
1.0
1.0
1.0
1.0
1.0
0.8469387755102041
0.8469387755102041
0.8469387755102041
0.8469387755102041
0.8469387755102041
0.8469387755102041
0.8469387755102041
0.8469387755102041
0.7244897959183674
0.7244897959183674
0.7244897959183674
0.6761904761904762
0.6761904761904762
0.6761904761904762
0.6761904761904762
0.6761904761904762
0.7244897959183674
0.7244897959183674
0.7244897959183674
0.7244897959183674
0.7244897959183674
0.7244897959183674
0.5792349726775956
0.5792349726775956
0.6994535519125683
0.6994535519125683
0.6994535519125683
0.6994535519125683
0.6994535519125683
0.6994535519125683
0.5510204081632653
0.580952380952381
0.580952380952381
0.580952380952381
0.580952380952381
0.6224489795918368
0.6224489795918368
0.6307053941908713
0.6307053941908713
0.6755555555555556
0.6755555555555556
0.7619047619047619
0.7619047619047619
0.7619047619047619
0.7619047619047619
0.7619047619047619
0.6530612244897959
0.6530612244897959
0.6530612244897959
0.6530612244897959
0.6530612244897959
0.5245901639344263
0.5
0.5
0.5245901639344263
0.5245901639344263
0.5245901639344263
0.5245901639344263
0.5497076023391813
0.5497076023391813
0.5497076023391813
0.5497076023391813
0.5497076023391813
0.5497076023391813
0.5497076023391813
0.5380116959064327
0.46994535519125685
0.46994535519125685
0.46994535519125685
0.46994535519125685
0.45901639344262296
0.45614035087719296
0.47953216374269003
0.45614035087719296
0.45614035087719296
0.4262295081967213
0.4444444444444444
0.4444444444444444
0.4444444444444444
0.46994535519125685
1.0
1.0
1.0
1.0
1.0
1.0
1.0
1.0
1.0
1.0
1.0
1.0
1.0
1.0
1.0
1.0
1.0
1.0
1.0
1.0
1.0
1.0
1.0
1.0
1.0
1.0
1.0
1.0
1.0
1.0
1.0
1.0
1.0
1.0
1.0
1.0
1.0
1.0
1.0
1.0
1.0
1.0
1.0
1.0
1.0
1.0
0.8061224489795918
0.8061224489795918
0.8061224489795918
0.8061224489795918
0.8061224489795918
0.8061224489795918
0.8061224489795918
0.8061224489795918
0.8061224489795918
0.8061224489795918
0.8061224489795918
0.8061224489795918
0.8061224489795918
0.8163265306122449
0.8163265306122449
0.8163265306122449
0.8163265306122449
0.8163265306122449
0.8163265306122449
0.8163265306122449
0.8163265306122449
0.8163265306122449
0.8163265306122449
0.8163265306122449
0.8163265306122449
0.8163265306122449
0.8163265306122449
0.8163265306122449
0.8163265306122449
0.8163265306122449
0.8163265306122449
0.8163265306122449
0.8163265306122449
0.8163265306122449
0.8163265306122449
0.8163265306122449
0.8163265306122449
0.8163265306122449
0.8163265306122449
0.8163265306122449
0.8163265306122449
0.8163265306122449
0.8163265306122449
0.8163265306122449
0.8163265306122449
0.8163265306122449
0.8163265306122449
0.8163265306122449
0.8163265306122449
0.8163265306122449
0.8163265306122449
0.8163265306122449
0.8163265306122449
0.8163265306122449
1.0
1.0
1.0
1.0
1.0
1.0
1.0
1.0
1.0
1.0
1.0
1.0
1.0
1.0
1.0
1.0
1.0
1.0
1.0
1.0
0.8088888888888889
0.8088888888888889
0.8088888888888889
0.8088888888888889
0.8088888888888889
0.8088888888888889
0.8088888888888889
0.8088888888888889
0.8088888888888889
0.8088888888888889
0.8088888888888889
0.8088888888888889
0.8088888888888889
0.8088888888888889
0.8088888888888889
0.8088888888888889
0.8088888888888889
0.8088888888888889
0.8088888888888889
0.8088888888888889
0.8088888888888889
0.8088888888888889
0.8088888888888889
0.8088888888888889
0.8088888888888889
0.8088888888888889
0.8088888888888889
0.8088888888888889
0.8088888888888889
0.8088888888888889
0.8088888888888889
0.8088888888888889
0.8088888888888889
0.8088888888888889
0.8088888888888889
0.8088888888888889
0.8088888888888889
0.8088888888888889
0.8088888888888889
0.8088888888888889
0.8088888888888889
0.8088888888888889
0.8088888888888889
0.8088888888888889
0.8088888888888889
0.8088888888888889
0.8088888888888889
0.8088888888888889
0.8088888888888889
0.8088888888888889
0.8088888888888889
0.8088888888888889
0.8088888888888889
0.8088888888888889
0.8088888888888889
0.8088888888888889
0.8088888888888889
0.8088888888888889
0.8088888888888889
0.8088888888888889
0.8088888888888889
0.8088888888888889
0.8088888888888889
0.8088888888888889
0.8088888888888889
0.8088888888888889
0.8088888888888889
0.8088888888888889
0.8088888888888889
0.8088888888888889
0.6761904761904762
0.6761904761904762
0.6761904761904762
0.5612244897959183
0.5612244897959183
0.6190476190476191
0.6190476190476191
0.6190476190476191
0.6190476190476191
0.6190476190476191
1.0
1.0
1.0
1.0
1.0
1.0
1.0
1.0
1.0
1.0
1.0
1.0
1.0
1.0
1.0
1.0
1.0
1.0
1.0
1.0
1.0
1.0
1.0
1.0
1.0
1.0
1.0
1.0
1.0
1.0
1.0
1.0
1.0
1.0
1.0
1.0
1.0
1.0
1.0
1.0
1.0
1.0
1.0
1.0
1.0
1.0
1.0
1.0
1.0
0.8367346938775511
0.8367346938775511
0.8367346938775511
0.8367346938775511
1.0
1.0
1.0
1.0
1.0
1.0
1.0
1.0
1.0
1.0
1.0
1.0
1.0
1.0
1.0
1.0
1.0
1.0
1.0
1.0
1.0
1.0
1.0
1.0
1.0
1.0
1.0
1.0
1.0
1.0
1.0
1.0
1.0
1.0
1.0
1.0
1.0
1.0
1.0
1.0
1.0
1.0
1.0
1.0
1.0
1.0
1.0
1.0
1.0
1.0
1.0
1.0
1.0
1.0
1.0
1.0
1.0
1.0
1.0
1.0
1.0
1.0
1.0
1.0
1.0
1.0
1.0
0.8666666666666667
0.8666666666666667
0.8666666666666667
0.8666666666666667
0.8666666666666667
0.8666666666666667
0.8666666666666667
0.8666666666666667
0.8666666666666667
0.8666666666666667
0.7040816326530612
0.7040816326530612
0.7040816326530612
0.7040816326530612
0.7040816326530612
0.7040816326530612
0.7040816326530612
0.7040816326530612
0.7040816326530612
0.7040816326530612
0.7040816326530612
0.7040816326530612
0.7040816326530612
0.7040816326530612
0.7040816326530612
0.7040816326530612
0.7040816326530612
0.7040816326530612
0.7040816326530612
0.7040816326530612
0.6476190476190476
0.6476190476190476
0.6476190476190476
0.6476190476190476
0.6476190476190476
0.6476190476190476
0.6476190476190476
0.6476190476190476
0.6476190476190476
0.6476190476190476
0.6476190476190476
0.6476190476190476
0.6476190476190476
0.6476190476190476
0.6476190476190476
0.6044444444444445
0.6044444444444445
0.7523809523809524
0.627906976744186
0.5726141078838174
0.5726141078838174
0.5726141078838174
0.5726141078838174
0.5726141078838174
0.5726141078838174
0.6222222222222222
0.6224066390041494
0.6224066390041494
0.6224066390041494
0.6224066390041494
0.6224066390041494
0.6224066390041494
0.5809128630705395
0.5809128630705395
0.5809128630705395
0.5809128630705395
0.5809128630705395
0.5809128630705395
0.5809128630705395
0.5809128630705395
0.5809128630705395
0.5809128630705395
0.5809128630705395
0.5809128630705395
0.5726141078838174
0.49777777777777776
0.5726141078838174
0.5193798449612403
0.5
0.5
0.49612403100775193
1.0
1.0
1.0
1.0
1.0
1.0
1.0
1.0
1.0
1.0
1.0
1.0
1.0
1.0
1.0
1.0
1.0
1.0
1.0
1.0
1.0
1.0
1.0
1.0
1.0
1.0
1.0
0.8666666666666667
0.8666666666666667
0.8666666666666667
0.8666666666666667
0.8666666666666667
0.8666666666666667
0.8666666666666667
0.8666666666666667
0.8666666666666667
0.8666666666666667
0.8666666666666667
0.8666666666666667
0.8666666666666667
0.7428571428571429
0.7428571428571429
0.7428571428571429
0.7428571428571429
0.7428571428571429
0.7428571428571429
0.7428571428571429
0.7428571428571429
0.7428571428571429
0.7428571428571429
0.7244897959183674
0.6571428571428571
0.6571428571428571
0.6571428571428571
0.6571428571428571
0.6571428571428571
0.6571428571428571
0.6571428571428571
0.6571428571428571
0.6571428571428571
0.5714285714285714
0.5714285714285714
0.6190476190476191
0.6190476190476191
0.6190476190476191
0.5918367346938775
0.5918367346938775
0.5918367346938775
0.5918367346938775
0.6
0.6
0.6
0.6
0.56
0.5311203319502075
0.5311203319502075
0.5311203319502075
0.4883720930232558
0.4883720930232558
0.4883720930232558
0.4883720930232558
0.4883720930232558
0.4883720930232558
0.4883720930232558
0.4883720930232558
0.4883720930232558
0.4883720930232558
0.4927536231884058
0.4610169491525424
0.4927536231884058
0.4927536231884058
0.4927536231884058
0.5271317829457365
0.5362318840579711
0.5362318840579711
0.5362318840579711
0.5362318840579711
0.5362318840579711
0.5288135593220339
0.5288135593220339
1.0
1.0
1.0
1.0
1.0
1.0
1.0
1.0
1.0
1.0
1.0
1.0
1.0
1.0
1.0
1.0
1.0
1.0
1.0
1.0
1.0
1.0
1.0
1.0
1.0
1.0
1.0
1.0
1.0
1.0
1.0
1.0
1.0
1.0
1.0
1.0
1.0
1.0
1.0
1.0
1.0
1.0
1.0
1.0
1.0
1.0
1.0
1.0
1.0
1.0
1.0
1.0
1.0
1.0
1.0
1.0
1.0
1.0
1.0
1.0
1.0
1.0
1.0
1.0
1.0
1.0
1.0
1.0
1.0
1.0
1.0
1.0
1.0
1.0
1.0
1.0
1.0
1.0
1.0
1.0
1.0
1.0
1.0
1.0
1.0
1.0
1.0
1.0
1.0
1.0
1.0
1.0
1.0
1.0
1.0
1.0
1.0
1.0
1.0
1.0
1.0
1.0
1.0
1.0
1.0
0.8061224489795918
0.8061224489795918
0.8061224489795918
0.7959183673469388
0.7959183673469388
0.7959183673469388
0.7959183673469388
0.7959183673469388
0.7959183673469388
0.7959183673469388
0.7959183673469388
0.6775956284153005
0.6775956284153005
0.6775956284153005
0.6775956284153005
0.6775956284153005
0.6775956284153005
0.6775956284153005
0.6775956284153005
0.6198830409356725
0.6198830409356725
0.6198830409356725
0.6198830409356725
0.6198830409356725
0.5
0.5
0.5
0.5
0.5
0.5
0.5029239766081871
0.5029239766081871
0.5683060109289617
0.5683060109289617
0.5683060109289617
0.5683060109289617
0.5683060109289617
0.5683060109289617
0.673469387755102
0.6428571428571429
0.5573770491803278
0.5573770491803278
0.5573770491803278
0.49122807017543857
0.5027322404371585
0.5027322404371585
0.5027322404371585
0.5027322404371585
0.2653061224489796
0.2653061224489796
0.2653061224489796
0.2653061224489796
0.273224043715847
0.273224043715847
0.26229508196721313
0.26229508196721313
0.26229508196721313
0.30612244897959184
0.30612244897959184
0.30612244897959184
0.30612244897959184
0.42857142857142855
0.4444444444444444
0.4444444444444444
0.48132780082987553
0.48132780082987553
0.5193798449612403
0.5193798449612403
0.4728682170542636
0.4728682170542636
0.4728682170542636
0.4728682170542636
0.4492753623188406
0.4492753623188406
0.4728682170542636
0.43983402489626555
0.43983402489626555
0.3953488372093023
0.3953488372093023
0.3953488372093023
0.3953488372093023
0.3488372093023256
0.3488372093023256
0.3488372093023256
0.3488372093023256
0.3488372093023256
0.3488372093023256
0.35507246376811596
0.35507246376811596
0.35507246376811596
0.3254237288135593
0.3254237288135593
0.3254237288135593
0.36231884057971014
0.36231884057971014
1.0
1.0
1.0
1.0
1.0
1.0
1.0
1.0
1.0
1.0
1.0
1.0
1.0
1.0
1.0
1.0
1.0
1.0
1.0
1.0
1.0
1.0
1.0
1.0
1.0
1.0
1.0
1.0
1.0
0.8666666666666667
0.8666666666666667
0.8666666666666667
0.8666666666666667
0.8666666666666667
0.8666666666666667
0.8666666666666667
0.8666666666666667
0.8666666666666667
0.8666666666666667
0.8666666666666667
0.8666666666666667
0.8666666666666667
0.8666666666666667
0.8666666666666667
0.8666666666666667
0.8666666666666667
0.8666666666666667
0.8666666666666667
0.8666666666666667
0.8666666666666667
0.8666666666666667
0.8666666666666667
0.8666666666666667
0.8666666666666667
0.8666666666666667
0.7466666666666667
0.7466666666666667
0.6556016597510373
0.6556016597510373
0.7466666666666667
0.7466666666666667
0.7466666666666667
0.7466666666666667
0.7466666666666667
0.7466666666666667
0.7466666666666667
0.8666666666666667
0.8666666666666667
0.8666666666666667
0.7523809523809524
0.7523809523809524
0.7523809523809524
0.7523809523809524
0.7523809523809524
0.7523809523809524
0.7523809523809524
0.7523809523809524
0.7523809523809524
0.7822222222222223
0.7822222222222223
0.7822222222222223
0.7822222222222223
0.7822222222222223
0.7822222222222223
0.7822222222222223
0.7822222222222223
0.7822222222222223
0.7822222222222223
0.7822222222222223
0.7822222222222223
0.7822222222222223
0.7822222222222223
0.7822222222222223
0.7822222222222223
0.7822222222222223
0.6887966804979253
0.6356589147286822
0.6356589147286822
0.6014492753623188
0.6014492753623188
0.6014492753623188
1.0
1.0
1.0
1.0
1.0
1.0
1.0
1.0
1.0
1.0
1.0
1.0
1.0
1.0
1.0
1.0
1.0
1.0
1.0
1.0
1.0
1.0
1.0
1.0
1.0
1.0
1.0
1.0
1.0
1.0
1.0
1.0
1.0
1.0
1.0
1.0
1.0
1.0
1.0
1.0
1.0
1.0
1.0
1.0
1.0
1.0
1.0
1.0
1.0
1.0
1.0
1.0
1.0
1.0
1.0
1.0
1.0
1.0
1.0
1.0
1.0
1.0
1.0
1.0
1.0
1.0
1.0
1.0
1.0
1.0
1.0
1.0
1.0
1.0
1.0
1.0
1.0
1.0
1.0
1.0
1.0
1.0
1.0
1.0
1.0
1.0
1.0
1.0
1.0
1.0
1.0
1.0
1.0
1.0
1.0
1.0
1.0
1.0
1.0
1.0
1.0
1.0
1.0
1.0
1.0
1.0
1.0
1.0
1.0
1.0
1.0
1.0
1.0
1.0
1.0
1.0
1.0
1.0
1.0
1.0
1.0
1.0
1.0
1.0
1.0
1.0
1.0
1.0
1.0
1.0
1.0
1.0
1.0
1.0
1.0
1.0
1.0
1.0
1.0
1.0
1.0
0.8622222222222222
0.8622222222222222
0.8622222222222222
0.8622222222222222
0.8622222222222222
0.8622222222222222
0.8622222222222222
0.8622222222222222
0.8622222222222222
0.8622222222222222
0.8622222222222222
0.8622222222222222
0.8622222222222222
0.8622222222222222
0.8622222222222222
0.8622222222222222
0.8622222222222222
0.8622222222222222
0.8622222222222222
0.8622222222222222
0.8622222222222222
0.8622222222222222
0.8622222222222222
0.8622222222222222
0.8622222222222222
0.8622222222222222
0.8622222222222222
0.8622222222222222
0.8622222222222222
0.8622222222222222
1.0
1.0
1.0
1.0
1.0
1.0
1.0
1.0
1.0
1.0
1.0
1.0
1.0
1.0
1.0
1.0
1.0
1.0
1.0
1.0
0.8622222222222222
0.8622222222222222
0.8622222222222222
0.8622222222222222
0.8622222222222222
0.8622222222222222
0.8622222222222222
0.8533333333333334
0.7468879668049793
1.0
1.0
1.0
1.0
1.0
1.0
1.0
1.0
1.0
1.0
1.0
1.0
1.0
1.0
1.0
1.0
1.0
1.0
1.0
1.0
1.0
1.0
1.0
1.0
1.0
1.0
1.0
1.0
1.0
1.0
1.0
1.0
1.0
1.0
1.0
1.0
1.0
1.0
1.0
1.0
1.0
1.0
1.0
1.0
1.0
1.0
1.0
1.0
1.0
1.0
1.0
1.0
1.0
1.0
1.0
1.0
1.0
1.0
1.0
1.0
1.0
1.0
1.0
1.0
1.0
1.0
1.0
1.0
1.0
1.0
1.0
1.0
1.0
1.0
1.0
1.0
1.0
1.0
1.0
1.0
1.0
1.0
1.0
1.0
1.0
1.0
1.0
1.0
1.0
1.0
1.0
1.0
1.0
1.0
1.0
1.0
1.0
1.0
0.8533333333333334
0.8533333333333334
1.0
1.0
0.8622222222222222
0.8622222222222222
0.8622222222222222
0.8622222222222222
0.8622222222222222
0.8622222222222222
0.7883817427385892
0.7883817427385892
0.7883817427385892
0.7883817427385892
0.7883817427385892
0.7883817427385892
0.7131782945736435
0.7131782945736435
0.6521739130434783
0.6159420289855072
0.5084745762711864
0.5084745762711864
0.5084745762711864
0.5507246376811594
0.5942028985507246
0.4745762711864407
0.4745762711864407
0.4745762711864407
0.4782608695652174
0.4782608695652174
0.6046511627906976
0.6046511627906976
0.6887966804979253
0.5311203319502075
0.5311203319502075
0.5311203319502075
0.5311203319502075
0.5271317829457365
0.46511627906976744
0.4496124031007752
0.4496124031007752
0.4496124031007752
0.4496124031007752
0.43478260869565216
0.5038759689922481
0.5038759689922481
0.5038759689922481
0.5038759689922481
0.5038759689922481
0.5038759689922481
0.5038759689922481
0.43478260869565216
0.43478260869565216
0.49491525423728816
0.49491525423728816
0.49491525423728816
0.49491525423728816
0.49491525423728816
0.5652173913043478
0.5652173913043478
0.6434108527131783
0.6434108527131783
0.5869565217391305
0.5423728813559322
0.5869565217391305
0.5869565217391305
0.5581395348837209
0.5217391304347826
0.5289855072463768
0.5289855072463768
0.5072463768115942
0.5072463768115942
0.5072463768115942
0.5072463768115942
0.5426356589147286
0.5426356589147286
0.5426356589147286
0.5362318840579711
0.4883720930232558
0.3651452282157676
0.3333333333333333
0.3178294573643411
0.27906976744186046
0.26666666666666666
0.26666666666666666
0.2099737532808399
0.18994413407821228
0.1564245810055866
0.1452513966480447
0.1452513966480447
0.13648293963254593
0.1382716049382716
0.13333333333333333
0.13123359580052493
0.13123359580052493
0.11173184357541899
0.14173228346456693
0.14173228346456693
0.14814814814814814
0.12558139534883722
0.12558139534883722
0.11403508771929824
1.0
1.0
1.0
1.0
1.0
1.0
1.0
1.0
1.0
1.0
1.0
1.0
1.0
1.0
1.0
1.0
1.0
1.0
1.0
1.0
1.0
1.0
1.0
1.0
1.0
1.0
1.0
1.0
1.0
1.0
1.0
1.0
1.0
1.0
1.0
1.0
1.0
1.0
1.0
1.0
1.0
1.0
1.0
1.0
1.0
1.0
1.0
1.0
1.0
1.0
1.0
1.0
1.0
1.0
1.0
1.0
1.0
1.0
1.0
1.0
1.0
1.0
1.0
1.0
1.0
1.0
1.0
1.0
1.0
1.0
1.0
1.0
1.0
1.0
1.0
1.0
1.0
1.0
1.0
1.0
1.0
1.0
1.0
1.0
1.0
1.0
1.0
1.0
1.0
1.0
1.0
1.0
1.0
1.0
1.0
0.8666666666666667
0.8666666666666667
0.8666666666666667
0.8666666666666667
0.8666666666666667
0.8666666666666667
1.0
1.0
1.0
1.0
1.0
0.8088888888888889
0.8088888888888889
0.8088888888888889
0.8088888888888889
0.8088888888888889
0.8088888888888889
0.7111111111111111
0.7111111111111111
0.7111111111111111
0.7111111111111111
0.7111111111111111
0.7111111111111111
0.7053941908713693
0.8088888888888889
0.8088888888888889
0.8088888888888889
0.8088888888888889
0.8088888888888889
0.8088888888888889
0.8088888888888889
0.8088888888888889
0.8088888888888889
0.8088888888888889
0.8088888888888889
0.8088888888888889
0.8088888888888889
0.8088888888888889
0.8088888888888889
0.8088888888888889
0.8088888888888889
0.8088888888888889
0.8088888888888889
0.8088888888888889
0.8088888888888889
0.8088888888888889
0.8088888888888889
0.8088888888888889
0.8088888888888889
0.8088888888888889
0.8088888888888889
0.8088888888888889
0.8088888888888889
0.7219917012448133
0.7219917012448133
0.7219917012448133
0.7219917012448133
0.7219917012448133
0.7219917012448133
0.7219917012448133
0.7219917012448133
0.7219917012448133
0.7219917012448133
0.7219917012448133
0.6201550387596899
0.6556016597510373
0.6556016597510373
0.7022222222222222
0.7022222222222222
0.7022222222222222
0.7022222222222222
0.7022222222222222
0.7022222222222222
0.7022222222222222
0.7022222222222222
0.6761904761904762
0.5816326530612245
0.5816326530612245
0.5816326530612245
0.5816326530612245
0.5816326530612245
0.5816326530612245
0.5523809523809524
0.5523809523809524
0.5523809523809524
0.5523809523809524
0.5523809523809524
0.5523809523809524
0.56
0.56
0.56
0.56
0.56
0.56
0.56
0.5560165975103735
0.5560165975103735
0.4806201550387597
0.4979253112033195
0.4979253112033195
0.4108527131782946
0.2318840579710145
0.23728813559322035
0.2608695652173913
0.2558139534883721
0.2558139534883721
1.0
1.0
1.0
1.0
1.0
1.0
1.0
1.0
1.0
1.0
1.0
1.0
1.0
1.0
1.0
1.0
1.0
1.0
1.0
1.0
1.0
1.0
1.0
1.0
1.0
1.0
1.0
1.0
1.0
1.0
1.0
1.0
1.0
1.0
1.0
1.0
1.0
1.0
1.0
1.0
1.0
1.0
1.0
1.0
1.0
1.0
0.7209302325581395
0.7209302325581395
0.7209302325581395
0.7209302325581395
0.7209302325581395
0.7209302325581395
0.7209302325581395
0.7209302325581395
0.7209302325581395
0.7209302325581395
0.7209302325581395
0.7209302325581395
0.7209302325581395
0.7209302325581395
0.6666666666666666
0.6666666666666666
0.6169491525423729
0.6169491525423729
0.6169491525423729
0.6169491525423729
0.6594202898550725
0.6594202898550725
0.6169491525423729
0.6169491525423729
0.5777777777777777
0.5476190476190477
0.48214285714285715
0.48214285714285715
0.48214285714285715
0.48214285714285715
0.5142857142857142
0.5142857142857142
0.5142857142857142
0.5142857142857142
0.5142857142857142
0.5142857142857142
0.5142857142857142
0.5142857142857142
0.5142857142857142
0.5142857142857142
0.5142857142857142
0.5142857142857142
0.5206349206349207
0.5206349206349207
0.4380952380952381
0.375
0.3575418994413408
0.34120734908136485
0.31843575418994413
0.31843575418994413
0.29608938547486036
0.3273809523809524
0.3273809523809524
0.30726256983240224
1.0
1.0
1.0
1.0
1.0
1.0
0.8088888888888889
0.8088888888888889
0.8088888888888889
0.8088888888888889
0.8088888888888889
0.8088888888888889
0.8088888888888889
0.8088888888888889
0.8088888888888889
0.8088888888888889
0.8088888888888889
0.8088888888888889
0.8088888888888889
0.8088888888888889
0.7377777777777778
0.7377777777777778
0.7377777777777778
0.7377777777777778
0.7377777777777778
0.7377777777777778
0.7377777777777778
0.7377777777777778
0.7377777777777778
0.7377777777777778
0.7555555555555555
0.7555555555555555
0.7555555555555555
0.7555555555555555
0.7555555555555555
0.6473029045643154
0.7555555555555555
0.7555555555555555
0.7555555555555555
0.7555555555555555
0.7555555555555555
0.7555555555555555
0.7555555555555555
0.7555555555555555
0.7555555555555555
0.7555555555555555
0.7555555555555555
0.7555555555555555
0.7555555555555555
0.7555555555555555
0.7555555555555555
0.7555555555555555
0.6804979253112033
0.5813953488372093
0.6473029045643154
0.6473029045643154
0.6473029045643154
0.6473029045643154
0.6473029045643154
0.6473029045643154
0.6473029045643154
0.6639004149377593
0.6046511627906976
0.6046511627906976
0.6046511627906976
0.572463768115942
0.572463768115942
0.5152542372881356
0.5152542372881356
0.5152542372881356
0.5434782608695652
0.48135593220338985
0.48135593220338985
0.41304347826086957
0.4418604651162791
0.4418604651162791
0.43410852713178294
0.4263565891472868
0.4315352697095436
0.4496124031007752
0.37681159420289856
0.36231884057971014
0.3864406779661017
0.38095238095238093
0.38095238095238093
0.38095238095238093
0.3873015873015873
0.3630952380952381
0.3630952380952381
0.32098765432098764
0.291358024691358
0.26976744186046514
0.24561403508771928
0.2650103519668737
0.2650103519668737
0.2631578947368421
0.2815734989648033
0.273972602739726
0.2465753424657534
0.1925925925925926
1.0
1.0
1.0
1.0
1.0
1.0
1.0
1.0
1.0
1.0
1.0
1.0
1.0
1.0
1.0
1.0
1.0
1.0
1.0
1.0
1.0
1.0
1.0
1.0
1.0
1.0
1.0
1.0
1.0
1.0
1.0
1.0
1.0
1.0
1.0
1.0
1.0
1.0
1.0
1.0
1.0
1.0
1.0
1.0
1.0
1.0
1.0
1.0
1.0
1.0
1.0
1.0
1.0
1.0
1.0
1.0
1.0
1.0
1.0
1.0
1.0
1.0
1.0
1.0
1.0
1.0
1.0
1.0
1.0
1.0
1.0
1.0
1.0
1.0
1.0
1.0
1.0
1.0
1.0
1.0
1.0
1.0
1.0
1.0
1.0
1.0
1.0
1.0
1.0
1.0
1.0
1.0
1.0
1.0
1.0
1.0
1.0
1.0
1.0
1.0
1.0
1.0
1.0
1.0
1.0
1.0
1.0
1.0
1.0
1.0
1.0
1.0
0.8088888888888889
0.8088888888888889
0.8088888888888889
0.8088888888888889
0.8088888888888889
0.8088888888888889
0.8088888888888889
0.8088888888888889
0.8088888888888889
0.8088888888888889
0.8088888888888889
0.8049792531120332
0.7209302325581395
0.6739130434782609
0.6739130434782609
0.6739130434782609
0.6739130434782609
0.6739130434782609
0.6739130434782609
0.6739130434782609
0.7209302325581395
0.7209302325581395
0.7209302325581395
0.7209302325581395
0.7054263565891473
0.7054263565891473
0.7054263565891473
0.7054263565891473
0.7054263565891473
0.7054263565891473
0.7054263565891473
0.7054263565891473
0.7054263565891473
0.7054263565891473
0.7054263565891473
0.7054263565891473
0.7054263565891473
0.5144927536231884
0.5016949152542373
0.5016949152542373
0.46984126984126984
0.46984126984126984
0.4634920634920635
0.4634920634920635
0.4634920634920635
0.4634920634920635
0.43452380952380953
0.43452380952380953
0.43452380952380953
0.43452380952380953
0.43452380952380953
0.43452380952380953
0.4134078212290503
0.3884514435695538
0.3654320987654321
0.34418604651162793
0.3508771929824561
0.3508771929824561
0.3023255813953488
0.2850877192982456
0.2850877192982456
0.2850877192982456
0.2650103519668737
0.25048923679060664
0.25048923679060664
0.25048923679060664
0.22700587084148727
0.2518518518518518
0.273972602739726
0.273972602739726
0.23333333333333334
0.23703703703703705
0.23874755381604695
0.17407407407407408
0.17407407407407408
0.19569471624266144
0.16829745596868884
0.16829745596868884
0.15555555555555556
0.14736842105263157
0.13976705490848584
0.15165876777251186
0.13813813813813813
0.15714285714285714
0.16516516516516516
0.16816816816816818
0.16816816816816818
0.16816816816816818
0.16816816816816818
1.0
1.0
1.0
1.0
1.0
1.0
1.0
1.0
1.0
1.0
1.0
1.0
1.0
1.0
1.0
1.0
1.0
1.0
1.0
1.0
1.0
0.8533333333333334
0.8533333333333334
0.8533333333333334
0.8533333333333334
0.8666666666666667
0.8666666666666667
0.8666666666666667
0.8666666666666667
0.8666666666666667
0.7857142857142857
0.7857142857142857
0.7857142857142857
0.7857142857142857
0.7857142857142857
0.7857142857142857
0.7857142857142857
0.7857142857142857
0.7857142857142857
0.7857142857142857
0.7047619047619048
0.7047619047619048
0.7047619047619048
0.6488888888888888
0.5809128630705395
0.5726141078838174
0.5726141078838174
0.5726141078838174
0.5726141078838174
0.5581395348837209
0.5581395348837209
0.5581395348837209
0.5581395348837209
0.5062240663900415
0.5062240663900415
0.5062240663900415
0.5062240663900415
0.5062240663900415
0.5062240663900415
0.4806201550387597
0.4806201550387597
0.4806201550387597
0.5062240663900415
0.5062240663900415
0.5777777777777777
0.5228215767634855
0.5311203319502075
0.5311203319502075
0.5311203319502075
0.5311203319502075
0.5311203319502075
0.5145228215767634
0.5145228215767634
0.5145228215767634
0.5244444444444445
0.5244444444444445
0.5244444444444445
0.5244444444444445
0.5244444444444445
0.5244444444444445
0.5244444444444445
0.5244444444444445
0.5714285714285714
0.5777777777777777
0.5777777777777777
0.5777777777777777
0.5777777777777777
0.5777777777777777
0.5777777777777777
0.5777777777777777
0.5777777777777777
0.5904761904761905
0.5904761904761905
0.5
0.5
0.5
0.5
0.5
0.5
0.5
1.0
1.0
1.0
0.8088888888888889
0.8088888888888889
0.8088888888888889
0.8088888888888889
0.8088888888888889
0.8088888888888889
0.8088888888888889
0.8088888888888889
0.8088888888888889
0.8088888888888889
0.8088888888888889
0.8088888888888889
0.8088888888888889
0.8088888888888889
0.8088888888888889
0.8088888888888889
0.8088888888888889
0.8088888888888889
0.8088888888888889
0.8088888888888889
0.7551867219917012
0.7022222222222222
0.7022222222222222
0.7022222222222222
0.7022222222222222
0.7022222222222222
0.7022222222222222
0.5714285714285714
0.5714285714285714
0.5714285714285714
0.5714285714285714
0.5714285714285714
0.5714285714285714
0.5714285714285714
0.4444444444444444
0.43555555555555553
0.43555555555555553
0.43555555555555553
0.43555555555555553
0.43555555555555553
0.43555555555555553
0.4149377593360996
0.34854771784232363
0.3593220338983051
0.3593220338983051
0.3593220338983051
0.3593220338983051
0.34285714285714286
0.34285714285714286
0.30357142857142855
0.31843575418994413
0.29396325459317585
0.2765432098765432
0.25116279069767444
0.2074074074074074
0.23097112860892388
0.24691358024691357
0.24691358024691357
0.21728395061728395
0.22790697674418606
0.24691358024691357
0.23703703703703705
0.23703703703703705
0.2572178477690289
0.23097112860892388
0.2099737532808399
0.2099737532808399
0.2099737532808399
0.19753086419753085
0.2204724409448819
0.2204724409448819
0.23703703703703705
0.22325581395348837
0.21052631578947367
0.22325581395348837
0.22325581395348837
0.23209876543209876
0.23209876543209876
0.21395348837209302
0.21395348837209302
0.20246913580246914
0.20246913580246914
0.20246913580246914
0.20465116279069767
0.19298245614035087
0.1925925925925926
0.1925925925925926
0.18596491228070175
0.18596491228070175
0.2037037037037037
0.18596491228070175
0.17970049916805325
0.1769352290679305
0.15915915915915915
0.16285714285714287
0.15142857142857144
0.15915915915915915
1.0
1.0
1.0
1.0
1.0
1.0
1.0
1.0
1.0
1.0
1.0
1.0
1.0
1.0
1.0
1.0
1.0
1.0
1.0
1.0
1.0
1.0
1.0
1.0
1.0
1.0
1.0
1.0
1.0
1.0
1.0
1.0
1.0
1.0
1.0
1.0
1.0
1.0
1.0
1.0
1.0
1.0
1.0
1.0
1.0
1.0
1.0
1.0
1.0
1.0
1.0
1.0
1.0
1.0
1.0
1.0
1.0
1.0
1.0
1.0
1.0
0.8666666666666667
0.8666666666666667
0.8666666666666667
0.8666666666666667
0.8666666666666667
0.8666666666666667
0.8666666666666667
0.8666666666666667
0.8666666666666667
0.8666666666666667
0.8666666666666667
0.8666666666666667
0.8666666666666667
0.8666666666666667
0.8666666666666667
0.8666666666666667
0.8666666666666667
0.8666666666666667
0.8666666666666667
0.8666666666666667
0.8666666666666667
0.8666666666666667
0.8666666666666667
0.8666666666666667
0.8666666666666667
0.8666666666666667
0.8666666666666667
0.8666666666666667
0.8666666666666667
0.8666666666666667
0.8666666666666667
0.8666666666666667
0.8666666666666667
0.8666666666666667
0.8666666666666667
0.8666666666666667
0.8666666666666667
0.8666666666666667
0.8666666666666667
1.0
1.0
1.0
1.0
1.0
1.0
1.0
1.0
1.0
1.0
0.8367346938775511
0.8367346938775511
0.8367346938775511
0.8367346938775511
0.8367346938775511
0.8367346938775511
0.8367346938775511
0.8367346938775511
1.0
1.0
1.0
1.0
1.0
1.0
1.0
1.0
1.0
1.0
1.0
0.8666666666666667
0.8666666666666667
0.8666666666666667
0.8666666666666667
0.8666666666666667
0.8666666666666667
0.8666666666666667
0.8666666666666667
0.8666666666666667
0.8666666666666667
0.8666666666666667
0.8666666666666667
0.8666666666666667
0.8666666666666667
0.8666666666666667
0.8666666666666667
0.8666666666666667
0.8666666666666667
0.8666666666666667
0.8666666666666667
0.8666666666666667
0.8666666666666667
0.8666666666666667
0.8666666666666667
0.8666666666666667
0.8666666666666667
0.8666666666666667
0.8666666666666667
0.8666666666666667
0.8666666666666667
0.8666666666666667
0.7555555555555555
0.7555555555555555
0.7555555555555555
0.7555555555555555
0.7555555555555555
0.7555555555555555
0.7428571428571429
0.6933333333333334
0.6933333333333334
0.6933333333333334
0.6933333333333334
0.6933333333333334
0.6933333333333334
0.6933333333333334
0.6933333333333334
0.6933333333333334
0.6933333333333334
0.6933333333333334
0.6933333333333334
0.6933333333333334
0.6666666666666666
0.6666666666666666
0.6666666666666666
0.8088888888888889
0.8088888888888889
0.8088888888888889
0.8088888888888889
0.8088888888888889
0.8088888888888889
0.8088888888888889
0.8088888888888889
0.8088888888888889
0.8088888888888889
0.7022222222222222
0.7022222222222222
0.7022222222222222
0.580952380952381
0.580952380952381
0.580952380952381
0.580952380952381
1.0
1.0
1.0
1.0
1.0
1.0
1.0
1.0
1.0
1.0
1.0
1.0
1.0
1.0
1.0
1.0
1.0
1.0
1.0
1.0
1.0
1.0
1.0
1.0
1.0
1.0
1.0
0.8533333333333334
0.8533333333333334
0.8533333333333334
0.8533333333333334
0.8533333333333334
0.8533333333333334
1.0
1.0
1.0
1.0
1.0
1.0
1.0
1.0
1.0
1.0
1.0
1.0
1.0
1.0
1.0
1.0
1.0
1.0
1.0
1.0
1.0
1.0
1.0
0.8061224489795918
0.8061224489795918
0.8061224489795918
0.73224043715847
0.73224043715847
0.73224043715847
0.73224043715847
0.73224043715847
0.73224043715847
0.73224043715847
0.73224043715847
0.73224043715847
0.73224043715847
0.73224043715847
0.73224043715847
0.73224043715847
0.73224043715847
0.73224043715847
0.73224043715847
0.73224043715847
0.7142857142857143
0.7142857142857143
0.7142857142857143
0.6095238095238096
0.6095238095238096
0.6095238095238096
0.6095238095238096
0.6095238095238096
0.6095238095238096
0.6095238095238096
0.6095238095238096
0.6095238095238096
0.6095238095238096
0.5066666666666667
0.5066666666666667
0.5333333333333333
0.580952380952381
0.580952380952381
0.5422222222222223
0.5422222222222223
0.5523809523809524
0.5244444444444445
0.5422222222222223
0.5422222222222223
0.5422222222222223
1.0
1.0
1.0
1.0
1.0
1.0
1.0
1.0
1.0
1.0
1.0
1.0
1.0
1.0
1.0
1.0
1.0
1.0
1.0
1.0
1.0
1.0
1.0
1.0
1.0
1.0
1.0
1.0
1.0
1.0
0.8666666666666667
0.8666666666666667
0.8666666666666667
0.8666666666666667
0.8666666666666667
0.8666666666666667
0.8666666666666667
0.8666666666666667
0.8666666666666667
0.8666666666666667
0.8666666666666667
0.8666666666666667
0.8666666666666667
0.8666666666666667
0.8666666666666667
0.8666666666666667
0.8666666666666667
0.8666666666666667
0.8666666666666667
0.8666666666666667
0.8666666666666667
0.8666666666666667
0.8666666666666667
0.8666666666666667
0.8666666666666667
0.8666666666666667
0.8666666666666667
0.8666666666666667
0.8666666666666667
0.8666666666666667
0.8666666666666667
0.8666666666666667
0.8666666666666667
0.8666666666666667
0.8088888888888889
0.8088888888888889
0.7551867219917012
0.8088888888888889
0.8088888888888889
0.8088888888888889
0.8088888888888889
0.8088888888888889
0.8088888888888889
0.8088888888888889
0.8088888888888889
0.8088888888888889
0.8088888888888889
0.8088888888888889
0.8088888888888889
0.8088888888888889
0.8088888888888889
0.8088888888888889
0.8177777777777778
0.8177777777777778
0.8177777777777778
0.8177777777777778
0.8088888888888889
0.8088888888888889
0.8088888888888889
0.7634854771784232
0.7634854771784232
0.7634854771784232
0.7634854771784232
0.7634854771784232
0.7634854771784232
0.7634854771784232
0.7634854771784232
0.7634854771784232
0.7634854771784232
0.7634854771784232
1.0
1.0
1.0
1.0
1.0
1.0
1.0
1.0
1.0
1.0
1.0
1.0
1.0
1.0
1.0
1.0
1.0
1.0
1.0
1.0
0.8666666666666667
0.8666666666666667
0.8666666666666667
0.8666666666666667
0.8666666666666667
0.8666666666666667
0.8666666666666667
0.8666666666666667
0.8666666666666667
0.8666666666666667
0.8666666666666667
0.8177777777777778
0.8177777777777778
0.8177777777777778
0.8177777777777778
0.8177777777777778
0.8177777777777778
0.8177777777777778
0.8177777777777778
0.8177777777777778
0.8177777777777778
0.8177777777777778
0.8177777777777778
0.7302904564315352
0.7054263565891473
0.6739130434782609
0.6372881355932203
0.6372881355932203
0.6372881355932203
0.6372881355932203
0.6372881355932203
0.6372881355932203
0.6372881355932203
0.6372881355932203
0.6372881355932203
0.6372881355932203
0.6372881355932203
0.6372881355932203
0.6372881355932203
0.6372881355932203
0.6372881355932203
0.6372881355932203
0.6372881355932203
0.6372881355932203
0.5968253968253968
0.5968253968253968
0.47023809523809523
0.5416666666666666
0.5968253968253968
0.5968253968253968
0.5968253968253968
0.5968253968253968
0.6033898305084746
0.5079365079365079
0.5079365079365079
0.5079365079365079
0.5079365079365079
0.5142857142857142
0.5152542372881356
0.5152542372881356
0.5434782608695652
0.5434782608695652
0.5084745762711864
0.5084745762711864
0.5084745762711864
0.5084745762711864
0.5084745762711864
0.5084745762711864
0.5434782608695652
0.5434782608695652
0.5434782608695652
0.5434782608695652
0.5152542372881356
0.37966101694915255
0.3525423728813559
0.3873015873015873
0.3630952380952381
0.36312849162011174
0.36312849162011174
0.36312849162011174
1.0
1.0
1.0
1.0
1.0
0.8088888888888889
0.8088888888888889
0.8088888888888889
0.6970954356846473
0.6970954356846473
0.6970954356846473
0.6970954356846473
0.6970954356846473
0.6970954356846473
0.6970954356846473
0.6970954356846473
0.6970954356846473
0.6970954356846473
0.6970954356846473
0.6222222222222222
0.6222222222222222
0.5726141078838174
0.6044444444444445
0.6044444444444445
0.6044444444444445
0.6044444444444445
0.6044444444444445
0.6044444444444445
0.6044444444444445
0.56
0.56
0.56
0.56
0.56
0.45714285714285713
0.45714285714285713
0.45714285714285713
0.4266666666666667
0.44813278008298757
0.4263565891472868
0.4263565891472868
0.4263565891472868
0.4979253112033195
0.4979253112033195
0.4979253112033195
0.4979253112033195
0.4979253112033195
0.4979253112033195
0.4979253112033195
0.4496124031007752
0.4496124031007752
0.4496124031007752
0.4496124031007752
0.4979253112033195
0.4883720930232558
0.5643153526970954
0.5643153526970954
0.5643153526970954
0.5062240663900415
0.5062240663900415
0.5422222222222223
0.5422222222222223
0.5422222222222223
0.5422222222222223
0.5422222222222223
0.5422222222222223
0.5333333333333333
0.6224489795918368
0.6224489795918368
0.6224489795918368
0.6224489795918368
0.6224489795918368
0.6224489795918368
0.6224489795918368
0.6224489795918368
0.6224489795918368
0.6224489795918368
0.644808743169399
0.4808743169398907
0.4808743169398907
0.44808743169398907
0.44808743169398907
0.44808743169398907
0.44808743169398907
0.45918367346938777
0.45918367346938777
0.45918367346938777
0.45918367346938777
0.45918367346938777
0.4808743169398907
0.4808743169398907
0.42857142857142855
0.42857142857142855
0.42857142857142855
0.4095238095238095
0.3673469387755102
0.3673469387755102
0.29523809523809524
0.29523809523809524
0.29523809523809524
1.0
1.0
1.0
1.0
1.0
1.0
1.0
1.0
1.0
1.0
1.0
1.0
1.0
1.0
1.0
1.0
1.0
1.0
1.0
1.0
1.0
1.0
1.0
1.0
1.0
1.0
1.0
1.0
1.0
1.0
1.0
1.0
1.0
1.0
1.0
1.0
1.0
1.0
1.0
1.0
1.0
1.0
1.0
1.0
1.0
1.0
1.0
1.0
1.0
1.0
1.0
0.7959183673469388
0.7959183673469388
0.7959183673469388
0.7959183673469388
0.7959183673469388
0.7959183673469388
0.7959183673469388
0.7619047619047619
0.7619047619047619
0.7619047619047619
0.6933333333333334
0.6933333333333334
0.6933333333333334
0.7800829875518672
0.7800829875518672
0.7800829875518672
0.7800829875518672
0.7800829875518672
0.8711111111111111
0.8711111111111111
0.8711111111111111
0.8711111111111111
0.8711111111111111
0.6884057971014492
0.644927536231884
0.644927536231884
0.644927536231884
0.5898305084745763
0.6231884057971014
0.6014492753623188
0.6014492753623188
0.6014492753623188
0.6014492753623188
0.6014492753623188
0.6014492753623188
0.535593220338983
0.6014492753623188
0.5869565217391305
0.5869565217391305
0.5869565217391305
0.5869565217391305
0.5869565217391305
0.5869565217391305
0.5869565217391305
0.6589147286821705
0.6589147286821705
0.6589147286821705
0.6589147286821705
0.6589147286821705
1.0
1.0
1.0
1.0
1.0
1.0
1.0
1.0
1.0
1.0
1.0
1.0
1.0
1.0
1.0
1.0
1.0
1.0
1.0
1.0
1.0
1.0
1.0
1.0
1.0
1.0
1.0
1.0
1.0
1.0
1.0
1.0
1.0
1.0
1.0
1.0
1.0
1.0
1.0
1.0
0.8571428571428571
0.8571428571428571
0.8571428571428571
0.8571428571428571
0.8571428571428571
0.8571428571428571
0.7857142857142857
0.7857142857142857
0.7857142857142857
0.7857142857142857
0.7857142857142857
0.7857142857142857
0.7857142857142857
0.6994535519125683
0.6900584795321637
0.6900584795321637
0.6994535519125683
0.6994535519125683
0.6326530612244898
0.6285714285714286
0.6285714285714286
0.6285714285714286
0.6285714285714286
0.6285714285714286
0.6285714285714286
0.6285714285714286
0.6285714285714286
0.6285714285714286
0.673469387755102
0.5683060109289617
0.5730994152046783
0.5730994152046783
0.5730994152046783
0.5730994152046783
0.5730994152046783
0.5730994152046783
0.5730994152046783
0.5730994152046783
0.5625
0.5625
0.5625
0.5625
0.5625
0.575
0.575
0.575
0.575
0.575
0.575
0.575
0.575
0.575
0.575
0.631578947368421
0.631578947368421
0.631578947368421
0.631578947368421
0.631578947368421
0.631578947368421
0.631578947368421
1.0
1.0
1.0
1.0
1.0
1.0
1.0
1.0
1.0
1.0
1.0
1.0
1.0
1.0
1.0
1.0
1.0
1.0
1.0
1.0
1.0
1.0
1.0
1.0
1.0
1.0
1.0
1.0
1.0
1.0
1.0
1.0
1.0
1.0
1.0
1.0
1.0
1.0
1.0
1.0
1.0
1.0
1.0
1.0
1.0
1.0
1.0
1.0
1.0
1.0
1.0
1.0
1.0
1.0
1.0
1.0
1.0
1.0
1.0
1.0
1.0
1.0
1.0
1.0
1.0
1.0
1.0
1.0
1.0
1.0
1.0
1.0
1.0
0.8533333333333334
0.8533333333333334
0.8533333333333334
0.8533333333333334
0.8533333333333334
0.8533333333333334
0.8533333333333334
0.8533333333333334
0.8533333333333334
0.8533333333333334
0.8533333333333334
0.8533333333333334
0.8533333333333334
0.8533333333333334
0.8533333333333334
0.8533333333333334
1.0
1.0
1.0
1.0
1.0
1.0
1.0
1.0
1.0
1.0
1.0
1.0
1.0
1.0
1.0
1.0
1.0
1.0
1.0
1.0
1.0
1.0
1.0
1.0
1.0
1.0
1.0
1.0
1.0
1.0
1.0
1.0
1.0
1.0
1.0
1.0
1.0
1.0
1.0
1.0
1.0
1.0
1.0
1.0
1.0
1.0
1.0
1.0
1.0
1.0
1.0
1.0
1.0
1.0
1.0
1.0
1.0
1.0
1.0
1.0
1.0
1.0
1.0
1.0
1.0
1.0
1.0
1.0
1.0
1.0
1.0
1.0
1.0
1.0
1.0
1.0
1.0
1.0
1.0
1.0
1.0
1.0
1.0
1.0
1.0
1.0
1.0
1.0
1.0
1.0
1.0
1.0
1.0
1.0
1.0
1.0
1.0
1.0
1.0
1.0
1.0
1.0
1.0
1.0
1.0
1.0
1.0
1.0
1.0
1.0
1.0
1.0
1.0
1.0
1.0
1.0
1.0
1.0
1.0
1.0
1.0
1.0
1.0
1.0
1.0
1.0
1.0
1.0
1.0
1.0
1.0
1.0
0.8088888888888889
0.8088888888888889
0.8088888888888889
0.8088888888888889
0.8088888888888889
0.8088888888888889
0.7634854771784232
0.7634854771784232
0.7634854771784232
0.7634854771784232
0.7634854771784232
0.7634854771784232
0.7634854771784232
0.7551867219917012
0.7551867219917012
0.7131782945736435
0.7634854771784232
0.7634854771784232
0.7634854771784232
0.7634854771784232
0.7634854771784232
0.7634854771784232
0.7634854771784232
0.7634854771784232
0.7634854771784232
0.8088888888888889
0.8088888888888889
0.8088888888888889
0.8088888888888889
0.8088888888888889
0.8088888888888889
0.8088888888888889
0.8088888888888889
0.8088888888888889
0.8088888888888889
0.8088888888888889
0.8088888888888889
0.8088888888888889
0.8088888888888889
0.8088888888888889
1.0
1.0
1.0
1.0
1.0
1.0
1.0
1.0
1.0
1.0
1.0
1.0
1.0
1.0
1.0
1.0
1.0
1.0
1.0
1.0
1.0
1.0
1.0
1.0
1.0
1.0
1.0
1.0
1.0
1.0
1.0
1.0
1.0
0.8088888888888889
0.8088888888888889
0.8088888888888889
0.8088888888888889
0.8088888888888889
0.8088888888888889
1.0
1.0
1.0
1.0
1.0
1.0
1.0
1.0
1.0
1.0
1.0
1.0
1.0
1.0
1.0
1.0
1.0
1.0
1.0
1.0
1.0
1.0
1.0
1.0
1.0
1.0
1.0
1.0
1.0
1.0
1.0
1.0
1.0
1.0
1.0
1.0
1.0
1.0
1.0
1.0
1.0
1.0
1.0
1.0
1.0
1.0
1.0
1.0
1.0
1.0
1.0
1.0
1.0
1.0
1.0
1.0
1.0
1.0
1.0
1.0
1.0
1.0
1.0
1.0
1.0
0.8367346938775511
0.8666666666666667
0.8666666666666667
0.8666666666666667
0.8666666666666667
0.8666666666666667
0.8666666666666667
0.8666666666666667
0.8666666666666667
0.8666666666666667
0.8666666666666667
0.8666666666666667
0.8666666666666667
0.8666666666666667
0.8666666666666667
0.7733333333333333
1.0
1.0
1.0
1.0
1.0
1.0
1.0
1.0
1.0
1.0
1.0
1.0
1.0
1.0
1.0
1.0
1.0
1.0
1.0
1.0
1.0
1.0
1.0
1.0
1.0
1.0
1.0
1.0
1.0
1.0
1.0
1.0
1.0
1.0
1.0
1.0
1.0
1.0
1.0
1.0
1.0
1.0
1.0
1.0
1.0
1.0
1.0
1.0
1.0
1.0
1.0
1.0
1.0
1.0
1.0
1.0
1.0
1.0
1.0
1.0
1.0
1.0
1.0
1.0
1.0
1.0
1.0
1.0
1.0
1.0
1.0
1.0
1.0
1.0
1.0
1.0
1.0
1.0
1.0
1.0
1.0
1.0
1.0
1.0
1.0
1.0
1.0
1.0
1.0
1.0
1.0
1.0
1.0
1.0
1.0
1.0
1.0
1.0
1.0
1.0
1.0
1.0
1.0
1.0
1.0
1.0
1.0
1.0
1.0
1.0
1.0
1.0
1.0
1.0
1.0
1.0
1.0
1.0
1.0
1.0
1.0
1.0
1.0
1.0
1.0
1.0
1.0
1.0
1.0
1.0
1.0
1.0
1.0
1.0
1.0
1.0
1.0
1.0
1.0
1.0
1.0
1.0
1.0
1.0
1.0
1.0
1.0
1.0
1.0
1.0
1.0
1.0
1.0
1.0
1.0
1.0
1.0
1.0
1.0
1.0
1.0
1.0
1.0
1.0
1.0
1.0
1.0
1.0
1.0
1.0
1.0
1.0
1.0
1.0
1.0
1.0
1.0
1.0
1.0
1.0
1.0
1.0
1.0
1.0
1.0
1.0
1.0
1.0
1.0
1.0
1.0
1.0
1.0
1.0
1.0
1.0
1.0
1.0
1.0
1.0
1.0
1.0
1.0
1.0
1.0
1.0
1.0
1.0
1.0
1.0
1.0
1.0
1.0
1.0
1.0
1.0
1.0
1.0
1.0
1.0
1.0
1.0
1.0
1.0
1.0
1.0
1.0
1.0
1.0
1.0
1.0
1.0
1.0
1.0
1.0
1.0
1.0
1.0
1.0
1.0
1.0
1.0
1.0
1.0
1.0
1.0
1.0
1.0
1.0
1.0
1.0
1.0
0.8533333333333334
0.8533333333333334
0.8533333333333334
0.8533333333333334
0.8533333333333334
0.8533333333333334
0.8533333333333334
0.8533333333333334
0.8533333333333334
0.8533333333333334
0.8666666666666667
0.8666666666666667
0.8666666666666667
0.8666666666666667
0.8666666666666667
0.8666666666666667
0.8666666666666667
0.8666666666666667
0.7959183673469388
0.7959183673469388
0.7959183673469388
0.7333333333333333
0.7333333333333333
0.7333333333333333
0.7333333333333333
0.7333333333333333
0.7333333333333333
0.7466666666666667
0.7466666666666667
0.7466666666666667
0.7466666666666667
0.8088888888888889
0.7238095238095238
0.7238095238095238
0.7022222222222222
0.7022222222222222
0.7022222222222222
0.7022222222222222
0.7022222222222222
0.7022222222222222
0.7022222222222222
0.7022222222222222
0.7022222222222222
0.7022222222222222
0.7022222222222222
0.7022222222222222
0.6933333333333334
0.6933333333333334
0.6933333333333334
0.6933333333333334
0.6933333333333334
0.6666666666666666
0.5510204081632653
0.5510204081632653
0.5510204081632653
0.5510204081632653
0.5510204081632653
0.5510204081632653
0.5245901639344263
0.49122807017543857
0.45901639344262296
0.3825136612021858
0.3825136612021858
0.3825136612021858
0.3825136612021858
0.3825136612021858
0.3825136612021858
1.0
1.0
1.0
1.0
1.0
1.0
1.0
1.0
1.0
1.0
1.0
1.0
1.0
1.0
1.0
1.0
1.0
0.8711111111111111
0.8711111111111111
0.8711111111111111
0.8711111111111111
0.8132780082987552
0.7466666666666667
0.7466666666666667
0.7466666666666667
0.7466666666666667
0.7466666666666667
0.7302904564315352
0.7302904564315352
0.7054263565891473
0.7054263565891473
0.7468879668049793
0.6804979253112033
0.6804979253112033
0.6804979253112033
0.6804979253112033
0.6804979253112033
0.7911111111111111
0.7911111111111111
0.7911111111111111
0.7911111111111111
0.819047619047619
0.819047619047619
0.819047619047619
0.819047619047619
0.819047619047619
0.819047619047619
0.819047619047619
0.819047619047619
0.819047619047619
0.819047619047619
0.819047619047619
0.819047619047619
0.819047619047619
0.8367346938775511
0.8367346938775511
0.8367346938775511
0.8367346938775511
0.8367346938775511
0.8367346938775511
0.8367346938775511
0.8367346938775511
0.8367346938775511
0.8367346938775511
0.8367346938775511
0.8367346938775511
0.8367346938775511
0.6952380952380952
0.6952380952380952
0.6952380952380952
0.6952380952380952
0.6952380952380952
0.6952380952380952
0.6952380952380952
0.7022222222222222
0.7022222222222222
0.7022222222222222
0.7022222222222222
0.6639004149377593
0.5062240663900415
0.5062240663900415
0.5062240663900415
0.5062240663900415
0.5062240663900415
0.5062240663900415
0.5062240663900415
0.5813953488372093
0.5289855072463768
0.5289855072463768
0.5348837209302325
0.5348837209302325
0.5348837209302325
0.5348837209302325
0.5348837209302325
0.4927536231884058
0.5193798449612403
0.5193798449612403
0.5394190871369294
0.6124031007751938
0.6124031007751938
1.0
1.0
1.0
1.0
1.0
1.0
1.0
1.0
1.0
1.0
1.0
1.0
1.0
1.0
0.8469387755102041
0.8469387755102041
0.8469387755102041
0.8469387755102041
0.8469387755102041
0.8469387755102041
0.8469387755102041
0.8469387755102041
0.6994535519125683
0.6994535519125683
0.6994535519125683
0.6994535519125683
0.6994535519125683
0.6994535519125683
0.6994535519125683
0.6994535519125683
0.6994535519125683
0.6994535519125683
0.673469387755102
0.673469387755102
0.5792349726775956
0.5792349726775956
0.5792349726775956
0.5792349726775956
0.5029239766081871
0.5029239766081871
0.5245901639344263
0.5245901639344263
0.47959183673469385
0.5245901639344263
0.5306122448979592
0.5306122448979592
0.5306122448979592
0.5306122448979592
0.5306122448979592
0.5306122448979592
0.41904761904761906
0.4806201550387597
0.4492753623188406
0.4492753623188406
0.5271317829457365
0.5271317829457365
0.5271317829457365
0.5271317829457365
0.5271317829457365
0.4782608695652174
0.4067796610169492
0.4067796610169492
0.4067796610169492
0.4067796610169492
0.4067796610169492
0.4067796610169492
0.4067796610169492
0.4067796610169492
0.4067796610169492
0.4067796610169492
0.43174603174603177
0.43174603174603177
0.44745762711864406
0.44745762711864406
0.44745762711864406
0.44745762711864406
0.3687150837988827
0.3687150837988827
0.3687150837988827
0.3687150837988827
0.30697674418604654
0.2765432098765432
0.2765432098765432
0.2887139107611549
0.30617283950617286
0.2887139107611549
0.28346456692913385
0.28346456692913385
0.2765432098765432
0.26046511627906976
0.2765432098765432
0.2765432098765432
0.2744186046511628
0.2744186046511628
0.2543859649122807
0.25
0.25
0.25
0.2443064182194617
0.2309197651663405
1.0
1.0
1.0
1.0
1.0
1.0
1.0
1.0
1.0
1.0
1.0
1.0
1.0
1.0
1.0
1.0
1.0
1.0
1.0
1.0
1.0
1.0
1.0
1.0
1.0
1.0
1.0
1.0
1.0
1.0
1.0
1.0
1.0
1.0
1.0
1.0
1.0
1.0
1.0
1.0
1.0
1.0
1.0
1.0
1.0
1.0
1.0
1.0
0.8622222222222222
0.8622222222222222
0.8622222222222222
0.8622222222222222
0.8049792531120332
0.8049792531120332
0.7883817427385892
0.7883817427385892
0.751937984496124
0.751937984496124
0.8049792531120332
0.8049792531120332
0.8049792531120332
0.8049792531120332
0.8049792531120332
0.8049792531120332
0.8049792531120332
0.8049792531120332
0.8049792531120332
0.8049792531120332
0.8622222222222222
0.8622222222222222
0.8622222222222222
0.8622222222222222
0.8622222222222222
0.8622222222222222
0.8622222222222222
0.8622222222222222
0.8622222222222222
0.8622222222222222
0.8622222222222222
0.8622222222222222
0.8622222222222222
0.8622222222222222
0.8622222222222222
0.8622222222222222
0.8622222222222222
0.8622222222222222
0.8622222222222222
0.8622222222222222
0.8622222222222222
0.819047619047619
0.819047619047619
0.819047619047619
0.819047619047619
0.819047619047619
0.819047619047619
0.819047619047619
0.819047619047619
0.819047619047619
0.819047619047619
0.819047619047619
1.0
1.0
1.0
1.0
1.0
1.0
1.0
1.0
1.0
1.0
1.0
1.0
1.0
1.0
1.0
1.0
1.0
1.0
1.0
1.0
1.0
1.0
1.0
1.0
1.0
1.0
1.0
1.0
1.0
1.0
1.0
1.0
1.0
1.0
1.0
1.0
1.0
1.0
1.0
1.0
1.0
1.0
1.0
1.0
1.0
1.0
1.0
1.0
0.8666666666666667
0.8666666666666667
0.8666666666666667
0.8666666666666667
0.8666666666666667
0.8666666666666667
0.8666666666666667
0.8666666666666667
0.8666666666666667
0.8666666666666667
0.8666666666666667
0.7428571428571429
0.7111111111111111
0.7111111111111111
0.7428571428571429
0.7428571428571429
0.7428571428571429
0.7428571428571429
0.7428571428571429
0.7428571428571429
0.7428571428571429
0.7428571428571429
0.7428571428571429
0.7428571428571429
0.7428571428571429
0.7428571428571429
0.7428571428571429
0.7428571428571429
0.7428571428571429
0.7428571428571429
0.7428571428571429
0.7428571428571429
0.7428571428571429
0.6326530612244898
0.6326530612244898
0.6285714285714286
0.6285714285714286
0.6285714285714286
0.6285714285714286
0.6285714285714286
0.6285714285714286
0.6285714285714286
0.6285714285714286
0.6285714285714286
0.6285714285714286
0.6285714285714286
0.6285714285714286
0.6326530612244898
0.6326530612244898
0.6326530612244898
0.6326530612244898
0.5204081632653061
1.0
1.0
1.0
1.0
1.0
1.0
1.0
1.0
1.0
1.0
1.0
1.0
1.0
1.0
1.0
1.0
0.8666666666666667
0.8666666666666667
0.8666666666666667
0.8177777777777778
0.8177777777777778
0.8177777777777778
0.8177777777777778
0.8177777777777778
0.8177777777777778
0.8177777777777778
0.8177777777777778
0.8177777777777778
0.8177777777777778
0.8177777777777778
0.8177777777777778
0.8177777777777778
0.6556016597510373
0.6556016597510373
0.6639004149377593
0.6511627906976745
0.6511627906976745
0.6511627906976745
0.6511627906976745
0.6511627906976745
0.6511627906976745
0.6511627906976745
0.6511627906976745
0.5507246376811594
0.5507246376811594
0.5507246376811594
0.5507246376811594
0.5507246376811594
0.5288135593220339
0.5288135593220339
0.5015873015873016
0.5015873015873016
0.47023809523809523
0.47023809523809523
0.47023809523809523
0.4581005586592179
0.3989501312335958
0.3989501312335958
0.3989501312335958
0.4199475065616798
0.4199475065616798
0.45251396648044695
0.47023809523809523
0.5079365079365079
0.5079365079365079
0.5079365079365079
0.5079365079365079
0.5079365079365079
0.5079365079365079
0.5220338983050847
0.45714285714285713
0.45714285714285713
0.45714285714285713
0.46779661016949153
0.4745762711864407
0.463768115942029
0.463768115942029
0.463768115942029
0.463768115942029
0.4927536231884058
0.4927536231884058
0.4406779661016949
0.39365079365079364
0.39365079365079364
0.39365079365079364
0.38095238095238093
0.38095238095238093
0.3743016759776536
0.3743016759776536
0.3743016759776536
0.3743016759776536
0.3743016759776536
0.3569553805774278
0.3569553805774278
0.36312849162011174
0.36312849162011174
0.36312849162011174
0.36312849162011174
0.36312849162011174
0.36312849162011174
1.0
1.0
1.0
1.0
1.0
1.0
1.0
1.0
1.0
1.0
1.0
1.0
1.0
0.7959183673469388
0.7959183673469388
0.7959183673469388
0.7868852459016393
0.7868852459016393
0.7868852459016393
0.7868852459016393
0.7868852459016393
0.73224043715847
0.73224043715847
0.73224043715847
0.73224043715847
0.73224043715847
0.73224043715847
0.73224043715847
0.7040816326530612
0.7040816326530612
0.7040816326530612
0.7040816326530612
0.7040816326530612
0.7040816326530612
0.7040816326530612
0.644808743169399
0.5714285714285714
0.5714285714285714
0.5619047619047619
0.5619047619047619
0.5619047619047619
0.5619047619047619
0.5619047619047619
0.5619047619047619
0.5619047619047619
0.5619047619047619
0.5333333333333333
0.5062240663900415
0.48
0.5142857142857142
0.5142857142857142
0.5306122448979592
0.5306122448979592
0.5306122448979592
0.5306122448979592
0.5306122448979592
0.39344262295081966
0.39344262295081966
0.39344262295081966
0.39344262295081966
0.39344262295081966
0.39344262295081966
0.39344262295081966
0.39344262295081966
0.39344262295081966
0.39344262295081966
0.39766081871345027
0.42857142857142855
0.42857142857142855
0.4266666666666667
0.5422222222222223
0.5422222222222223
0.5422222222222223
0.5422222222222223
0.5422222222222223
0.5422222222222223
0.5422222222222223
0.5422222222222223
0.5422222222222223
0.5422222222222223
0.5422222222222223
0.5422222222222223
0.4979253112033195
0.4979253112033195
0.4979253112033195
0.4979253112033195
0.4979253112033195
0.4186046511627907
0.4186046511627907
0.39855072463768115
0.39855072463768115
0.3593220338983051
0.3593220338983051
0.3492063492063492
0.3492063492063492
0.3492063492063492
0.3492063492063492
0.3593220338983051
0.34782608695652173
0.34782608695652173
1.0
1.0
1.0
1.0
1.0
1.0
1.0
1.0
1.0
1.0
1.0
1.0
1.0
1.0
1.0
1.0
1.0
1.0
1.0
1.0
1.0
1.0
1.0
1.0
1.0
1.0
1.0
1.0
1.0
0.8666666666666667
0.8666666666666667
0.8666666666666667
0.8666666666666667
0.8666666666666667
0.8666666666666667
0.8666666666666667
0.8666666666666667
0.8666666666666667
0.8666666666666667
0.8666666666666667
0.8666666666666667
0.8666666666666667
0.8666666666666667
0.8666666666666667
0.8666666666666667
0.8666666666666667
0.8666666666666667
0.8666666666666667
0.8666666666666667
0.8666666666666667
0.8666666666666667
0.8666666666666667
0.8666666666666667
0.8666666666666667
0.6311111111111111
0.5809128630705395
0.5809128630705395
0.5809128630705395
0.5809128630705395
0.6046511627906976
0.6046511627906976
0.6046511627906976
0.6046511627906976
0.6046511627906976
0.6046511627906976
0.5892116182572614
0.5892116182572614
0.5892116182572614
0.5560165975103735
0.6488888888888888
0.6488888888888888
0.6488888888888888
0.6488888888888888
0.6307053941908713
0.6307053941908713
0.6307053941908713
0.6307053941908713
0.5813953488372093
0.5813953488372093
0.5813953488372093
0.5813953488372093
0.5813953488372093
0.5813953488372093
0.5560165975103735
0.5560165975103735
0.5038759689922481
0.5038759689922481
0.5038759689922481
0.5038759689922481
0.5038759689922481
0.5038759689922481
0.47101449275362317
0.44745762711864406
0.44745762711864406
0.4927536231884058
0.4927536231884058
0.4927536231884058
0.4927536231884058
0.5348837209302325
0.5348837209302325
1.0
1.0
1.0
1.0
1.0
1.0
1.0
1.0
1.0
1.0
1.0
1.0
1.0
1.0
1.0
1.0
1.0
1.0
1.0
1.0
1.0
1.0
1.0
1.0
1.0
1.0
1.0
1.0
1.0
1.0
1.0
1.0
1.0
1.0
1.0
1.0
1.0
1.0
1.0
1.0
1.0
1.0
1.0
1.0
1.0
1.0
1.0
1.0
1.0
1.0
1.0
1.0
1.0
1.0
1.0
0.8367346938775511
0.8367346938775511
0.8367346938775511
0.8367346938775511
0.8367346938775511
0.8367346938775511
0.7047619047619048
0.7288888888888889
0.7288888888888889
0.7288888888888889
0.6556016597510373
0.6556016597510373
0.6511627906976745
0.7385892116182573
0.6639004149377593
0.6046511627906976
0.6014492753623188
0.6014492753623188
0.6014492753623188
0.627906976744186
0.627906976744186
0.627906976744186
0.627906976744186
0.6594202898550725
0.6594202898550725
0.6594202898550725
0.6594202898550725
0.6594202898550725
0.5966101694915255
0.5966101694915255
0.6594202898550725
0.6594202898550725
0.6101694915254238
0.6101694915254238
0.6101694915254238
0.6101694915254238
0.5714285714285714
0.5714285714285714
0.5714285714285714
0.5714285714285714
0.5898305084745763
0.5898305084745763
0.5898305084745763
0.6376811594202898
0.6376811594202898
1.0
1.0
1.0
1.0
1.0
1.0
1.0
1.0
1.0
1.0
1.0
1.0
1.0
1.0
1.0
1.0
1.0
1.0
1.0
1.0
1.0
1.0
1.0
1.0
1.0
1.0
1.0
1.0
1.0
1.0
1.0
1.0
1.0
1.0
1.0
1.0
1.0
1.0
1.0
1.0
1.0
1.0
1.0
1.0
1.0
1.0
1.0
1.0
1.0
1.0
1.0
1.0
1.0
1.0
1.0
1.0
1.0
1.0
1.0
1.0
1.0
1.0
1.0
1.0
1.0
1.0
1.0
1.0
1.0
1.0
1.0
1.0
1.0
1.0
1.0
1.0
1.0
1.0
1.0
1.0
1.0
1.0
1.0
1.0
1.0
1.0
1.0
1.0
1.0
1.0
1.0
1.0
1.0
1.0
1.0
1.0
1.0
0.8367346938775511
0.8367346938775511
1.0
1.0
1.0
1.0
1.0
1.0
1.0
1.0
1.0
1.0
1.0
1.0
1.0
1.0
1.0
1.0
1.0
1.0
1.0
1.0
1.0
1.0
1.0
1.0
1.0
1.0
1.0
1.0
1.0
1.0
1.0
1.0
1.0
1.0
1.0
1.0
1.0
1.0
1.0
1.0
1.0
1.0
1.0
1.0
1.0
1.0
1.0
1.0
1.0
1.0
1.0
1.0
1.0
1.0
1.0
1.0
1.0
1.0
0.8469387755102041
0.8469387755102041
0.8469387755102041
0.8469387755102041
0.8469387755102041
0.8095238095238095
0.8095238095238095
0.8095238095238095
0.8095238095238095
0.8095238095238095
0.8095238095238095
0.8095238095238095
0.8095238095238095
0.8095238095238095
0.8095238095238095
0.7377777777777778
0.7377777777777778
0.7377777777777778
0.7377777777777778
0.7377777777777778
0.7377777777777778
0.7377777777777778
0.7377777777777778
0.7377777777777778
0.7377777777777778
0.7377777777777778
0.7377777777777778
0.7377777777777778
0.7377777777777778
0.7377777777777778
0.7377777777777778
0.7377777777777778
0.7377777777777778
0.8095238095238095
0.8095238095238095
0.8095238095238095
0.8095238095238095
0.7755102040816326
0.7333333333333333
0.7333333333333333
0.7333333333333333
0.7333333333333333
0.7333333333333333
1.0
1.0
1.0
1.0
1.0
1.0
1.0
1.0
1.0
1.0
1.0
1.0
1.0
1.0
1.0
1.0
1.0
1.0
1.0
1.0
1.0
1.0
1.0
1.0
1.0
1.0
1.0
1.0
1.0
1.0
1.0
1.0
1.0
1.0
1.0
1.0
1.0
1.0
1.0
1.0
1.0
1.0
1.0
1.0
1.0
1.0
1.0
1.0
1.0
1.0
1.0
1.0
1.0
1.0
1.0
1.0
1.0
1.0
1.0
1.0
1.0
1.0
1.0
1.0
1.0
1.0
1.0
1.0
1.0
1.0
1.0
1.0
1.0
1.0
1.0
1.0
1.0
1.0
1.0
1.0
1.0
1.0
1.0
1.0
1.0
1.0
1.0
1.0
1.0
1.0
1.0
1.0
1.0
1.0
1.0
1.0
1.0
1.0
1.0
1.0
1.0
1.0
1.0
1.0
1.0
1.0
1.0
1.0
1.0
1.0
1.0
0.7959183673469388
0.7959183673469388
0.7959183673469388
0.7959183673469388
0.7959183673469388
0.7959183673469388
0.7959183673469388
0.7959183673469388
0.7959183673469388
0.7959183673469388
0.7959183673469388
0.7959183673469388
0.644808743169399
0.644808743169399
0.644808743169399
0.644808743169399
0.644808743169399
0.644808743169399
0.644808743169399
0.644808743169399
0.644808743169399
0.644808743169399
0.644808743169399
0.6224489795918368
0.644808743169399
0.644808743169399
0.644808743169399
0.644808743169399
0.644808743169399
0.644808743169399
0.644808743169399
0.644808743169399
0.6632653061224489
0.6632653061224489
0.6632653061224489
0.6632653061224489
0.6632653061224489
0.6632653061224489
0.6632653061224489
0.6632653061224489
0.6632653061224489
0.6632653061224489
0.6632653061224489
0.6632653061224489
0.6632653061224489
0.6632653061224489
0.6632653061224489
0.6632653061224489
0.6632653061224489
0.6632653061224489
0.6632653061224489
0.6632653061224489
0.6571428571428571
0.6571428571428571
0.6571428571428571
0.6571428571428571
0.6632653061224489
0.6632653061224489
0.6632653061224489
0.6632653061224489
0.6632653061224489
0.6632653061224489
0.6632653061224489
0.6632653061224489
0.6632653061224489
0.8061224489795918
0.8061224489795918
0.8061224489795918
0.8061224489795918
0.8061224489795918
0.8061224489795918
0.6666666666666666
0.6666666666666666
0.6666666666666666
0.6666666666666666
0.6666666666666666
0.6666666666666666
0.6666666666666666
0.6326530612244898
0.6326530612244898
0.6476190476190476
0.72
0.72
0.72
0.72
0.72
0.72
0.6571428571428571
0.6571428571428571
1.0
1.0
1.0
1.0
1.0
1.0
1.0
1.0
1.0
1.0
1.0
1.0
1.0
1.0
1.0
1.0
1.0
1.0
1.0
1.0
1.0
1.0
1.0
1.0
1.0
1.0
1.0
1.0
1.0
1.0
1.0
1.0
1.0
1.0
1.0
1.0
1.0
1.0
1.0
1.0
1.0
1.0
1.0
1.0
1.0
1.0
1.0
1.0
1.0
1.0
1.0
1.0
1.0
1.0
1.0
1.0
1.0
1.0
1.0
1.0
1.0
1.0
1.0
1.0
1.0
1.0
1.0
1.0
1.0
1.0
1.0
1.0
1.0
1.0
1.0
1.0
1.0
1.0
1.0
1.0
1.0
1.0
1.0
1.0
1.0
1.0
1.0
1.0
1.0
1.0
1.0
1.0
1.0
1.0
1.0
1.0
1.0
1.0
0.8666666666666667
0.8666666666666667
1.0
1.0
0.8088888888888889
0.8088888888888889
0.6058091286307054
0.6046511627906976
0.6046511627906976
0.6046511627906976
0.6046511627906976
0.6046511627906976
0.6046511627906976
0.6046511627906976
0.6046511627906976
0.5652173913043478
0.5652173913043478
0.5652173913043478
0.5652173913043478
0.5652173913043478
0.6046511627906976
0.6224066390041494
0.6224066390041494
0.6224066390041494
0.5658914728682171
0.5658914728682171
0.5658914728682171
0.463768115942029
0.463768115942029
0.3864406779661017
0.4
0.4
0.4
0.4
0.4
0.375
0.375
0.30726256983240224
0.32142857142857145
0.32142857142857145
0.2737430167597765
0.24186046511627907
0.2617283950617284
0.25679012345679014
0.24651162790697675
0.24651162790697675
0.24651162790697675
0.2962962962962963
0.2962962962962963
0.27906976744186046
0.27906976744186046
0.27631578947368424
0.2815734989648033
0.2894736842105263
0.2894736842105263
0.2894736842105263
0.2894736842105263
0.2898550724637681
0.30701754385964913
0.2898550724637681
0.2807017543859649
0.2567287784679089
0.2567287784679089
0.24266144814090018
0.2518518518518518
0.2596491228070175
0.24561403508771928
0.23703703703703705
0.22456140350877193
0.22456140350877193
0.22456140350877193
0.21630615640599002
0.21630615640599002
0.22807017543859648
0.24625623960066556
0.24625623960066556
0.256140350877193
0.256140350877193
0.256140350877193
0.256140350877193
0.23703703703703705
0.2583170254403131
0.2815734989648033
0.25
0.2484472049689441
0.21052631578947367
0.12422360248447205
0.12524461839530332
0.11741682974559686
0.11741682974559686
0.10740740740740741
0.07777777777777778
0.07368421052631578
0.07777777777777778
0.0821917808219178
0.08518518518518518
0.09393346379647749
0.09393346379647749
0.07827788649706457
0.07827788649706457
0.0547945205479452
0.0547945205479452
1.0
1.0
1.0
1.0
1.0
1.0
1.0
1.0
1.0
1.0
1.0
1.0
1.0
1.0
1.0
1.0
1.0
1.0
1.0
1.0
0.8533333333333334
0.8533333333333334
0.8533333333333334
0.8533333333333334
0.8533333333333334
1.0
1.0
1.0
1.0
1.0
1.0
1.0
1.0
1.0
1.0
1.0
1.0
1.0
1.0
1.0
1.0
1.0
1.0
1.0
1.0
1.0
1.0
1.0
1.0
1.0
1.0
1.0
1.0
1.0
1.0
1.0
1.0
1.0
1.0
1.0
1.0
1.0
1.0
1.0
1.0
1.0
1.0
1.0
1.0
1.0
1.0
1.0
1.0
1.0
1.0
1.0
1.0
1.0
1.0
1.0
1.0
1.0
1.0
1.0
1.0
1.0
1.0
1.0
1.0
1.0
1.0
1.0
1.0
1.0
1.0
1.0
1.0
1.0
1.0
1.0
1.0
1.0
1.0
1.0
1.0
1.0
1.0
1.0
1.0
1.0
0.7959183673469388
0.7959183673469388
0.7959183673469388
0.7959183673469388
0.7959183673469388
0.7959183673469388
0.6857142857142857
0.6857142857142857
0.6857142857142857
0.6857142857142857
0.7959183673469388
0.7959183673469388
0.7959183673469388
0.7959183673469388
0.7959183673469388
0.7448979591836735
0.7448979591836735
0.7448979591836735
0.7448979591836735
0.7448979591836735
0.7448979591836735
0.7448979591836735
0.7448979591836735
0.6836734693877551
0.6836734693877551
0.6836734693877551
0.6836734693877551
0.6836734693877551
0.6836734693877551
0.6836734693877551
0.6836734693877551
0.7103825136612022
0.6326530612244898
0.6326530612244898
0.6095238095238096
0.6326530612244898
0.6326530612244898
0.6326530612244898
0.6326530612244898
0.6326530612244898
0.6326530612244898
0.6326530612244898
0.6326530612244898
0.6530612244897959
0.6530612244897959
0.6530612244897959
0.6530612244897959
0.6530612244897959
0.6530612244897959
0.6530612244897959
0.6530612244897959
0.6530612244897959
0.6530612244897959
0.6530612244897959
0.6530612244897959
0.6530612244897959
0.6530612244897959
0.6530612244897959
0.6530612244897959
0.6326530612244898
0.5204081632653061
0.46994535519125685
0.46994535519125685
0.46994535519125685
0.46994535519125685
0.46994535519125685
0.4387755102040816
0.4666666666666667
0.4387755102040816
0.4387755102040816
0.4387755102040816
0.41904761904761906
0.3523809523809524
0.3523809523809524
0.3523809523809524
0.3523809523809524
0.3523809523809524
0.3523809523809524
0.3523809523809524
0.3523809523809524
0.3673469387755102
0.3673469387755102
0.3673469387755102
0.3673469387755102
0.3673469387755102
0.3673469387755102
0.3673469387755102
0.38095238095238093
0.38095238095238093
0.38095238095238093
1.0
1.0
1.0
1.0
1.0
1.0
1.0
1.0
1.0
1.0
1.0
1.0
1.0
1.0
1.0
1.0
1.0
1.0
1.0
1.0
1.0
1.0
1.0
1.0
1.0
1.0
1.0
1.0
1.0
1.0
1.0
1.0
1.0
1.0
1.0
1.0
1.0
1.0
1.0
0.8666666666666667
0.7644444444444445
0.7644444444444445
0.7644444444444445
0.7644444444444445
0.7644444444444445
0.7644444444444445
0.7644444444444445
0.7644444444444445
0.7644444444444445
0.7644444444444445
0.6666666666666666
0.6666666666666666
0.7040816326530612
0.7040816326530612
0.7040816326530612
0.7040816326530612
0.6952380952380952
0.6952380952380952
0.6952380952380952
0.6952380952380952
0.6952380952380952
0.6952380952380952
0.6952380952380952
0.6952380952380952
0.6952380952380952
0.6952380952380952
0.6952380952380952
0.6952380952380952
0.6952380952380952
0.6952380952380952
0.6761904761904762
0.6761904761904762
0.6761904761904762
0.6761904761904762
0.6761904761904762
0.6761904761904762
0.6761904761904762
0.6761904761904762
0.6761904761904762
0.6311111111111111
0.6761904761904762
0.6761904761904762
0.6761904761904762
0.6761904761904762
0.6761904761904762
0.6761904761904762
0.6761904761904762
0.6761904761904762
0.6761904761904762
0.64
0.64
0.580952380952381
0.580952380952381
0.580952380952381
0.580952380952381
0.580952380952381
0.580952380952381
0.580952380952381
0.580952380952381
0.5422222222222223
1.0
1.0
1.0
1.0
1.0
1.0
1.0
1.0
1.0
1.0
1.0
1.0
1.0
1.0
1.0
1.0
1.0
1.0
1.0
1.0
1.0
1.0
1.0
1.0
1.0
1.0
1.0
1.0
1.0
1.0
1.0
1.0
1.0
1.0
1.0
1.0
1.0
1.0
1.0
1.0
1.0
1.0
1.0
1.0
1.0
1.0
1.0
1.0
1.0
1.0
1.0
1.0
1.0
1.0
1.0
1.0
1.0
1.0
1.0
1.0
1.0
1.0
1.0
1.0
1.0
1.0
1.0
1.0
1.0
1.0
1.0
1.0
1.0
1.0
1.0
1.0
1.0
1.0
1.0
0.8088888888888889
0.8088888888888889
0.8088888888888889
0.8088888888888889
0.8088888888888889
0.8088888888888889
0.8088888888888889
0.8088888888888889
0.8088888888888889
0.8088888888888889
0.8088888888888889
0.8088888888888889
0.8088888888888889
0.8088888888888889
0.8088888888888889
0.8088888888888889
0.8088888888888889
0.8088888888888889
0.8088888888888889
0.8088888888888889
0.8088888888888889
1.0
1.0
1.0
1.0
1.0
1.0
1.0
1.0
1.0
1.0
1.0
1.0
1.0
1.0
1.0
1.0
1.0
1.0
1.0
1.0
1.0
1.0
1.0
1.0
1.0
1.0
1.0
1.0
1.0
1.0
1.0
1.0
1.0
1.0
1.0
1.0
1.0
1.0
1.0
1.0
1.0
1.0
1.0
1.0
1.0
1.0
1.0
1.0
1.0
1.0
1.0
1.0
1.0
1.0
1.0
1.0
1.0
1.0
1.0
1.0
0.8622222222222222
0.8622222222222222
0.8622222222222222
0.8622222222222222
0.8622222222222222
0.8622222222222222
0.8622222222222222
0.8049792531120332
0.8049792531120332
0.8049792531120332
0.8049792531120332
0.8049792531120332
0.8049792531120332
0.8049792531120332
0.8049792531120332
0.7883817427385892
0.8177777777777778
0.8177777777777778
0.8177777777777778
0.8177777777777778
0.8177777777777778
0.8177777777777778
0.8177777777777778
0.8177777777777778
0.8177777777777778
0.8177777777777778
0.8177777777777778
0.8177777777777778
0.8177777777777778
0.8177777777777778
0.8177777777777778
0.8177777777777778
0.8177777777777778
0.8177777777777778
0.8666666666666667
0.8666666666666667
0.8666666666666667
0.8666666666666667
0.8666666666666667
0.8666666666666667
1.0
1.0
1.0
1.0
1.0
1.0
1.0
1.0
1.0
1.0
1.0
1.0
1.0
1.0
1.0
1.0
1.0
1.0
1.0
1.0
1.0
1.0
1.0
1.0
1.0
1.0
1.0
1.0
1.0
1.0
1.0
1.0
1.0
1.0
1.0
1.0
1.0
1.0
1.0
1.0
1.0
1.0
1.0
1.0
1.0
1.0
1.0
1.0
1.0
1.0
1.0
1.0
1.0
1.0
1.0
1.0
1.0
0.8088888888888889
0.8088888888888889
0.7966804979253111
0.7966804979253111
0.7966804979253111
0.7966804979253111
0.7966804979253111
0.7966804979253111
0.7966804979253111
0.7966804979253111
0.7966804979253111
0.7966804979253111
0.7966804979253111
0.7966804979253111
0.7966804979253111
0.7966804979253111
0.7966804979253111
0.7966804979253111
0.7966804979253111
0.7966804979253111
0.7966804979253111
0.7966804979253111
0.7966804979253111
0.7966804979253111
0.7966804979253111
0.7966804979253111
0.7966804979253111
0.7966804979253111
0.7717842323651453
0.7717842323651453
0.7717842323651453
0.7717842323651453
0.7131782945736435
0.5841269841269842
0.5841269841269842
0.5841269841269842
0.5841269841269842
0.5841269841269842
0.6372881355932203
0.5142857142857142
0.5142857142857142
0.47023809523809523
0.47023809523809523
1.0
1.0
1.0
1.0
1.0
1.0
1.0
1.0
1.0
1.0
1.0
0.8533333333333334
0.8533333333333334
0.8533333333333334
0.8533333333333334
0.8533333333333334
0.8533333333333334
0.8533333333333334
0.8533333333333334
0.8533333333333334
0.8533333333333334
0.8533333333333334
0.8533333333333334
0.8533333333333334
0.8533333333333334
1.0
1.0
1.0
1.0
1.0
1.0
1.0
1.0
1.0
1.0
1.0
1.0
1.0
1.0
1.0
1.0
1.0
1.0
1.0
1.0
1.0
1.0
1.0
1.0
1.0
1.0
1.0
1.0
1.0
1.0
1.0
1.0
1.0
1.0
1.0
1.0
1.0
0.8711111111111111
0.8711111111111111
0.8711111111111111
0.8711111111111111
0.8711111111111111
0.8711111111111111
0.8711111111111111
0.8711111111111111
0.8711111111111111
0.8711111111111111
0.8711111111111111
0.7385892116182573
0.7385892116182573
0.7385892116182573
0.7385892116182573
0.7385892116182573
0.7385892116182573
0.7385892116182573
0.7219917012448133
0.6744186046511628
0.5813953488372093
0.5579710144927537
0.5271317829457365
0.5271317829457365
0.5
0.4108527131782946
0.38405797101449274
0.37681159420289856
0.40310077519379844
0.4186046511627907
0.4186046511627907
0.4186046511627907
0.35658914728682173
0.3115942028985507
0.3115942028985507
0.31007751937984496
0.31007751937984496
0.31007751937984496
1.0
1.0
1.0
1.0
1.0
1.0
1.0
1.0
1.0
1.0
1.0
1.0
1.0
1.0
1.0
1.0
1.0
1.0
1.0
1.0
1.0
0.8666666666666667
0.8666666666666667
0.8666666666666667
0.8666666666666667
0.8666666666666667
0.8666666666666667
0.8666666666666667
0.8666666666666667
0.8666666666666667
0.8666666666666667
0.8666666666666667
0.8666666666666667
0.8666666666666667
0.7111111111111111
0.7111111111111111
0.7111111111111111
0.7111111111111111
0.7111111111111111
0.7111111111111111
0.7111111111111111
0.7111111111111111
0.7111111111111111
0.7111111111111111
0.6488888888888888
0.6577777777777778
0.6577777777777778
0.6476190476190476
0.6476190476190476
0.6476190476190476
0.7022222222222222
0.7022222222222222
0.7022222222222222
0.7022222222222222
0.7022222222222222
0.7022222222222222
0.7022222222222222
0.7022222222222222
0.7022222222222222
0.7022222222222222
0.7022222222222222
0.7523809523809524
0.7523809523809524
0.7523809523809524
0.7714285714285715
0.6952380952380952
0.6488888888888888
0.6488888888888888
0.6488888888888888
0.5726141078838174
0.5726141078838174
0.5726141078838174
0.5726141078838174
0.5726141078838174
0.5726141078838174
0.5726141078838174
0.5726141078838174
0.5955555555555555
0.4730290456431535
0.4730290456431535
0.4730290456431535
0.4730290456431535
0.5155555555555555
0.5394190871369294
0.5394190871369294
0.5116279069767442
0.5116279069767442
0.5116279069767442
0.5116279069767442
0.5
0.5271317829457365
0.5271317829457365
0.5
0.5
0.5
0.5
0.4927536231884058
0.4927536231884058
0.4927536231884058
0.4927536231884058
1.0
1.0
1.0
1.0
1.0
1.0
1.0
1.0
1.0
1.0
1.0
0.8711111111111111
0.8666666666666667
0.8666666666666667
0.8666666666666667
0.8666666666666667
0.8666666666666667
0.8666666666666667
0.8666666666666667
0.8666666666666667
0.8666666666666667
0.8666666666666667
0.7377777777777778
0.7377777777777778
0.7377777777777778
0.7377777777777778
0.7377777777777778
0.7377777777777778
0.7377777777777778
0.7377777777777778
0.7377777777777778
0.7377777777777778
0.7377777777777778
0.7377777777777778
0.7377777777777778
0.7377777777777778
0.7377777777777778
0.7377777777777778
0.7377777777777778
0.7377777777777778
0.6721991701244814
0.6721991701244814
0.6721991701244814
0.6721991701244814
0.6721991701244814
0.6721991701244814
0.6821705426356589
0.6821705426356589
0.6821705426356589
0.6821705426356589
0.6821705426356589
0.6821705426356589
0.7800829875518672
0.7800829875518672
0.7800829875518672
0.7800829875518672
0.7800829875518672
0.7800829875518672
0.7800829875518672
0.7800829875518672
0.7822222222222223
0.7822222222222223
0.7822222222222223
0.7822222222222223
0.7822222222222223
0.7822222222222223
0.7822222222222223
0.7822222222222223
0.7822222222222223
0.7822222222222223
0.7822222222222223
0.7822222222222223
0.7822222222222223
0.7822222222222223
0.7822222222222223
0.7822222222222223
0.7822222222222223
0.6887966804979253
0.6887966804979253
0.6887966804979253
0.6887966804979253
0.6589147286821705
0.6589147286821705
0.6589147286821705
0.7883817427385892
0.751937984496124
0.751937984496124
0.751937984496124
0.751937984496124
0.751937984496124
0.751937984496124
0.751937984496124
0.751937984496124
0.751937984496124
0.751937984496124
0.751937984496124
0.751937984496124
0.6589147286821705
0.6589147286821705
0.6589147286821705
1.0
1.0
1.0
1.0
1.0
1.0
1.0
1.0
1.0
1.0
1.0
1.0
1.0
1.0
1.0
1.0
1.0
1.0
1.0
1.0
1.0
0.8088888888888889
0.8088888888888889
0.8088888888888889
0.8088888888888889
0.8088888888888889
0.8088888888888889
0.8088888888888889
0.8088888888888889
0.8088888888888889
0.8088888888888889
0.8533333333333334
0.8533333333333334
0.8533333333333334
0.7028985507246377
0.7028985507246377
0.7028985507246377
0.7028985507246377
0.7028985507246377
0.7028985507246377
0.6086956521739131
0.6086956521739131
0.6086956521739131
0.6956521739130435
0.6956521739130435
0.6956521739130435
0.6956521739130435
0.6956521739130435
0.6956521739130435
0.6434108527131783
0.6434108527131783
0.6434108527131783
0.6434108527131783
0.6434108527131783
0.6434108527131783
0.6434108527131783
0.6434108527131783
0.6434108527131783
0.6434108527131783
0.6434108527131783
0.6434108527131783
0.5942028985507246
0.5942028985507246
0.5627118644067797
0.5434782608695652
0.5084745762711864
0.49491525423728816
0.49491525423728816
0.49491525423728816
0.31746031746031744
0.31746031746031744
0.29152542372881357
0.29152542372881357
0.2984126984126984
0.2857142857142857
0.24404761904761904
0.24404761904761904
0.24404761904761904
0.22346368715083798
0.22346368715083798
0.18452380952380953
0.18452380952380953
0.18452380952380953
0.18435754189944134
0.18435754189944134
0.18435754189944134
0.18435754189944134
0.18994413407821228
0.22790697674418606
0.22790697674418606
0.22790697674418606
0.2
0.2
0.2
0.2
0.2
0.2
0.05116279069767442
0.039473684210526314
0.039473684210526314
1.0
1.0
1.0
1.0
1.0
1.0
1.0
1.0
1.0
1.0
1.0
1.0
1.0
1.0
1.0
1.0
1.0
1.0
1.0
1.0
1.0
1.0
1.0
1.0
1.0
1.0
1.0
1.0
1.0
1.0
1.0
1.0
1.0
1.0
1.0
1.0
1.0
1.0
1.0
1.0
1.0
1.0
1.0
1.0
1.0
1.0
1.0
1.0
1.0
1.0
1.0
1.0
1.0
1.0
1.0
1.0
1.0
1.0
1.0
1.0
1.0
1.0
1.0
1.0
1.0
1.0
1.0
1.0
1.0
1.0
0.8666666666666667
0.8666666666666667
0.8666666666666667
0.8666666666666667
0.8666666666666667
0.8666666666666667
0.8666666666666667
0.8666666666666667
0.8666666666666667
0.8666666666666667
0.8666666666666667
0.8666666666666667
0.8666666666666667
0.8666666666666667
0.8666666666666667
0.8666666666666667
0.8666666666666667
0.6938775510204082
0.6938775510204082
0.6666666666666666
0.6666666666666666
0.6666666666666666
0.6666666666666666
0.6666666666666666
0.6666666666666666
0.6666666666666666
0.6666666666666666
0.6666666666666666
0.6666666666666666
0.6666666666666666
1.0
1.0
1.0
1.0
1.0
1.0
1.0
1.0
0.8666666666666667
0.8666666666666667
0.8666666666666667
0.8666666666666667
0.8666666666666667
0.8666666666666667
0.8666666666666667
0.8666666666666667
0.8666666666666667
0.8666666666666667
0.8666666666666667
0.8666666666666667
0.8666666666666667
0.8666666666666667
0.8666666666666667
0.8666666666666667
0.8666666666666667
0.8666666666666667
0.8666666666666667
0.8666666666666667
0.8666666666666667
0.8666666666666667
0.8666666666666667
0.8666666666666667
0.8666666666666667
0.8666666666666667
0.8666666666666667
0.8666666666666667
0.8666666666666667
0.8666666666666667
0.8666666666666667
0.8666666666666667
0.8666666666666667
0.8088888888888889
0.8088888888888889
0.8088888888888889
0.8666666666666667
0.8666666666666667
0.8666666666666667
0.8666666666666667
0.8666666666666667
0.8666666666666667
0.8666666666666667
0.8666666666666667
0.8666666666666667
0.8666666666666667
0.8666666666666667
0.8666666666666667
0.7822222222222223
0.8666666666666667
0.8666666666666667
0.8666666666666667
0.8666666666666667
0.8666666666666667
0.8666666666666667
0.8666666666666667
0.8666666666666667
0.8666666666666667
0.8666666666666667
0.8666666666666667
0.8666666666666667
0.8666666666666667
0.8666666666666667
0.8666666666666667
0.7551020408163265
0.7551020408163265
0.7551020408163265
0.7551020408163265
0.7551020408163265
0.7551020408163265
0.7551020408163265
0.7551020408163265
0.7551020408163265
0.7551020408163265
0.7551020408163265
0.7551020408163265
0.6010928961748634
0.6010928961748634
0.6010928961748634
0.6010928961748634
0.6010928961748634
0.6010928961748634
0.673469387755102
0.673469387755102
0.673469387755102
0.673469387755102
0.673469387755102
0.673469387755102
0.673469387755102
0.673469387755102
0.673469387755102
0.673469387755102
1.0
1.0
1.0
1.0
1.0
1.0
1.0
1.0
1.0
1.0
1.0
1.0
1.0
1.0
1.0
1.0
1.0
1.0
1.0
1.0
1.0
1.0
1.0
1.0
1.0
1.0
1.0
1.0
1.0
1.0
1.0
1.0
1.0
1.0
1.0
1.0
1.0
1.0
1.0
1.0
1.0
0.8533333333333334
0.7136929460580913
0.7136929460580913
0.6933333333333334
0.6933333333333334
0.6933333333333334
0.780952380952381
0.780952380952381
0.780952380952381
0.780952380952381
0.780952380952381
0.780952380952381
0.7466666666666667
0.7466666666666667
0.7555555555555555
0.7555555555555555
0.7555555555555555
0.7238095238095238
0.7238095238095238
0.7238095238095238
0.7238095238095238
0.7238095238095238
0.7238095238095238
0.7238095238095238
0.7238095238095238
0.6844444444444444
0.6844444444444444
0.6390041493775933
0.6390041493775933
0.6755555555555556
0.6755555555555556
0.6755555555555556
0.6755555555555556
0.6755555555555556
0.6755555555555556
0.6755555555555556
0.6
0.6
0.6
0.5619047619047619
0.5619047619047619
0.5619047619047619
0.5619047619047619
0.5619047619047619
0.5619047619047619
0.5619047619047619
0.5155555555555555
0.4730290456431535
0.4730290456431535
0.4730290456431535
0.4108527131782946
0.4263565891472868
0.45652173913043476
0.49612403100775193
0.49612403100775193
0.49612403100775193
0.5062240663900415
0.4573643410852713
0.4573643410852713
1.0
1.0
1.0
1.0
1.0
1.0
1.0
1.0
1.0
1.0
1.0
1.0
1.0
1.0
1.0
1.0
1.0
1.0
1.0
1.0
1.0
1.0
1.0
1.0
1.0
1.0
1.0
1.0
1.0
1.0
1.0
1.0
1.0
1.0
0.8061224489795918
0.8061224489795918
0.8061224489795918
0.8061224489795918
0.8061224489795918
0.8061224489795918
0.8061224489795918
0.8061224489795918
0.8061224489795918
0.8061224489795918
0.8061224489795918
0.8061224489795918
0.8061224489795918
0.7431693989071039
0.7431693989071039
0.7431693989071039
0.7431693989071039
0.7431693989071039
0.7431693989071039
0.7431693989071039
0.7142857142857143
0.7142857142857143
0.6476190476190476
0.6476190476190476
0.6
0.6
0.6
0.6632653061224489
0.49523809523809526
0.49523809523809526
0.49523809523809526
0.49523809523809526
0.49523809523809526
0.49523809523809526
0.47959183673469385
0.47959183673469385
0.47959183673469385
0.47959183673469385
0.47959183673469385
0.49523809523809526
0.4711111111111111
0.4730290456431535
0.4730290456431535
0.5477178423236515
0.5116279069767442
0.5116279069767442
0.5144927536231884
0.47101449275362317
0.47101449275362317
0.47101449275362317
0.47101449275362317
0.4271186440677966
0.463768115942029
0.463768115942029
0.46511627906976744
0.4979253112033195
0.4573643410852713
0.4573643410852713
0.4573643410852713
0.427536231884058
0.427536231884058
0.427536231884058
0.427536231884058
0.36610169491525424
0.31746031746031744
0.33220338983050846
1.0
1.0
1.0
1.0
1.0
1.0
1.0
1.0
1.0
1.0
1.0
1.0
1.0
1.0
1.0
1.0
1.0
1.0
1.0
1.0
1.0
1.0
1.0
1.0
1.0
1.0
1.0
1.0
0.8571428571428571
0.8571428571428571
0.8571428571428571
0.8571428571428571
0.7377777777777778
0.7377777777777778
0.7377777777777778
0.6141078838174274
0.5394190871369294
0.6488888888888888
0.6488888888888888
0.6488888888888888
0.6488888888888888
0.6488888888888888
0.6488888888888888
0.6488888888888888
0.5643153526970954
0.5643153526970954
0.5511111111111111
0.5511111111111111
0.5511111111111111
0.5511111111111111
0.5511111111111111
0.5511111111111111
0.5333333333333333
0.5333333333333333
0.5333333333333333
0.5333333333333333
0.5333333333333333
0.5333333333333333
0.5333333333333333
0.5333333333333333
0.5047619047619047
0.5047619047619047
0.5047619047619047
0.5918367346938775
0.5918367346938775
0.5918367346938775
0.5918367346938775
0.5918367346938775
0.5918367346938775
0.5918367346938775
0.5714285714285714
0.5714285714285714
0.5714285714285714
0.5714285714285714
0.5714285714285714
0.5714285714285714
0.5714285714285714
0.5714285714285714
0.6428571428571429
0.6428571428571429
0.6428571428571429
0.6428571428571429
0.6428571428571429
0.6428571428571429
0.6428571428571429
0.6428571428571429
0.6428571428571429
0.6476190476190476
0.6476190476190476
0.6476190476190476
0.5619047619047619
0.5619047619047619
0.5619047619047619
0.5619047619047619
0.5619047619047619
0.5619047619047619
0.5619047619047619
0.5619047619047619
0.5619047619047619
0.5619047619047619
0.8533333333333334
0.8533333333333334
0.8533333333333334
0.8533333333333334
0.8533333333333334
0.7800829875518672
0.7800829875518672
0.7800829875518672
0.7800829875518672
0.8533333333333334
0.8533333333333334
0.8533333333333334
0.8533333333333334
0.8533333333333334
0.8533333333333334
0.8533333333333334
0.8533333333333334
0.8533333333333334
0.8533333333333334
0.8533333333333334
0.8533333333333334
0.8533333333333334
0.8177777777777778
0.8177777777777778
0.8177777777777778
0.8177777777777778
0.8177777777777778
0.8177777777777778
0.8177777777777778
0.8177777777777778
0.8177777777777778
0.8177777777777778
0.8177777777777778
0.8177777777777778
0.8177777777777778
0.8177777777777778
0.8177777777777778
0.8177777777777778
0.8177777777777778
0.8177777777777778
0.8177777777777778
0.8177777777777778
0.8177777777777778
0.8177777777777778
0.8177777777777778
0.8177777777777778
0.7634854771784232
0.7717842323651453
0.7717842323651453
0.7717842323651453
0.6133333333333333
0.6133333333333333
0.6133333333333333
0.6133333333333333
0.638095238095238
0.638095238095238
0.638095238095238
0.638095238095238
0.638095238095238
0.638095238095238
0.638095238095238
0.638095238095238
0.7959183673469388
0.7959183673469388
0.7959183673469388
0.7959183673469388
0.7959183673469388
0.7959183673469388
0.7959183673469388
0.7959183673469388
0.7959183673469388
0.7959183673469388
0.7959183673469388
0.7959183673469388
0.7959183673469388
0.7959183673469388
0.7959183673469388
0.7959183673469388
0.7959183673469388
0.7959183673469388
0.7959183673469388
0.7959183673469388
0.7238095238095238
0.7238095238095238
0.7238095238095238
0.7238095238095238
0.7238095238095238
0.7238095238095238
0.7238095238095238
0.7238095238095238
0.7238095238095238
0.7238095238095238
0.7238095238095238
0.7644444444444445
0.7644444444444445
0.7644444444444445
0.7644444444444445
0.6556016597510373
0.6556016597510373
0.6556016597510373
1.0
1.0
1.0
1.0
1.0
1.0
1.0
1.0
1.0
1.0
1.0
1.0
1.0
1.0
1.0
1.0
1.0
1.0
1.0
1.0
1.0
1.0
1.0
1.0
1.0
1.0
1.0
1.0
1.0
1.0
1.0
1.0
1.0
1.0
1.0
1.0
1.0
1.0
1.0
1.0
1.0
1.0
1.0
1.0
1.0
1.0
1.0
1.0
1.0
1.0
1.0
1.0
1.0
1.0
1.0
1.0
1.0
1.0
1.0
1.0
1.0
1.0
1.0
1.0
1.0
1.0
1.0
1.0
1.0
1.0
1.0
1.0
1.0
1.0
1.0
1.0
1.0
1.0
1.0
1.0
1.0
1.0
1.0
1.0
1.0
1.0
1.0
1.0
1.0
1.0
1.0
1.0
1.0
1.0
1.0
1.0
1.0
0.8088888888888889
0.8088888888888889
0.8088888888888889
1.0
1.0
1.0
1.0
1.0
1.0
1.0
1.0
1.0
1.0
1.0
1.0
1.0
1.0
1.0
1.0
1.0
1.0
1.0
1.0
1.0
1.0
1.0
1.0
1.0
1.0
1.0
1.0
1.0
1.0
1.0
1.0
1.0
1.0
1.0
1.0
1.0
1.0
1.0
1.0
1.0
1.0
1.0
1.0
1.0
1.0
1.0
1.0
1.0
1.0
1.0
1.0
1.0
1.0
1.0
1.0
1.0
1.0
1.0
1.0
1.0
1.0
1.0
1.0
1.0
1.0
1.0
1.0
1.0
1.0
1.0
1.0
1.0
1.0
1.0
1.0
1.0
1.0
1.0
1.0
1.0
0.8666666666666667
0.8666666666666667
0.8666666666666667
0.8666666666666667
0.8666666666666667
0.8666666666666667
0.8666666666666667
0.8666666666666667
0.8666666666666667
0.8666666666666667
0.8666666666666667
0.8666666666666667
0.8666666666666667
0.8666666666666667
0.8666666666666667
0.8666666666666667
0.8666666666666667
0.8666666666666667
0.8666666666666667
1.0
1.0
1.0
1.0
1.0
1.0
1.0
1.0
1.0
1.0
1.0
1.0
1.0
1.0
1.0
1.0
1.0
1.0
1.0
1.0
1.0
1.0
1.0
1.0
1.0
1.0
1.0
1.0
1.0
1.0
1.0
1.0
1.0
1.0
1.0
1.0
1.0
1.0
1.0
1.0
1.0
1.0
1.0
1.0
1.0
1.0
1.0
1.0
1.0
1.0
1.0
1.0
1.0
1.0
1.0
1.0
1.0
1.0
1.0
1.0
1.0
1.0
1.0
1.0
1.0
1.0
1.0
1.0
1.0
1.0
1.0
1.0
1.0
1.0
1.0
1.0
1.0
1.0
1.0
1.0
1.0
1.0
1.0
1.0
1.0
1.0
1.0
1.0
1.0
1.0
1.0
1.0
1.0
1.0
1.0
1.0
1.0
1.0
1.0
1.0
1.0
1.0
1.0
1.0
1.0
1.0
1.0
1.0
1.0
1.0
1.0
1.0
1.0
1.0
1.0
1.0
1.0
1.0
1.0
1.0
1.0
1.0
1.0
1.0
1.0
1.0
1.0
1.0
1.0
1.0
1.0
1.0
1.0
1.0
1.0
1.0
1.0
1.0
1.0
1.0
1.0
1.0
1.0
1.0
1.0
1.0
1.0
0.7959183673469388
0.6095238095238096
0.5777777777777777
0.5777777777777777
0.5777777777777777
0.5333333333333333
0.5612244897959183
0.5612244897959183
0.5612244897959183
0.5612244897959183
0.5612244897959183
0.5612244897959183
0.5142857142857142
0.5142857142857142
0.5142857142857142
0.5142857142857142
0.5142857142857142
0.5142857142857142
0.5904761904761905
0.5904761904761905
0.5904761904761905
0.5904761904761905
0.6428571428571429
0.6428571428571429
0.6428571428571429
0.6190476190476191
0.6190476190476191
0.6190476190476191
0.6190476190476191
0.6190476190476191
0.6190476190476191
0.6190476190476191
0.6190476190476191
0.6190476190476191
0.6190476190476191
0.6190476190476191
0.6190476190476191
0.5511111111111111
0.5560165975103735
0.5560165975103735
0.5560165975103735
0.5560165975103735
0.5503875968992248
0.5217391304347826
0.5581395348837209
0.5289855072463768
0.5289855072463768
0.5084745762711864
0.5084745762711864
0.48253968253968255
0.44642857142857145
0.4245810055865922
0.44642857142857145
1.0
1.0
1.0
1.0
1.0
1.0
1.0
1.0
1.0
1.0
1.0
1.0
1.0
1.0
1.0
1.0
1.0
1.0
1.0
1.0
1.0
1.0
1.0
1.0
1.0
1.0
1.0
1.0
1.0
1.0
1.0
1.0
1.0
1.0
1.0
1.0
1.0
1.0
1.0
1.0
1.0
1.0
1.0
1.0
1.0
1.0
1.0
1.0
1.0
1.0
1.0
1.0
1.0
1.0
1.0
1.0
1.0
1.0
1.0
1.0
1.0
1.0
1.0
1.0
1.0
1.0
1.0
1.0
1.0
0.8711111111111111
0.8711111111111111
0.8711111111111111
1.0
1.0
1.0
1.0
1.0
1.0
1.0
1.0
1.0
1.0
1.0
1.0
1.0
1.0
1.0
1.0
1.0
1.0
1.0
1.0
1.0
1.0
1.0
1.0
1.0
1.0
1.0
1.0
1.0
1.0
1.0
1.0
1.0
1.0
1.0
1.0
1.0
1.0
1.0
1.0
1.0
1.0
1.0
1.0
1.0
1.0
1.0
1.0
1.0
1.0
1.0
1.0
1.0
1.0
1.0
1.0
1.0
1.0
1.0
1.0
1.0
1.0
1.0
1.0
1.0
1.0
1.0
1.0
1.0
1.0
1.0
1.0
1.0
1.0
1.0
1.0
1.0
1.0
1.0
1.0
1.0
1.0
1.0
1.0
1.0
1.0
1.0
1.0
1.0
1.0
1.0
1.0
1.0
1.0
1.0
1.0
1.0
1.0
1.0
1.0
1.0
1.0
1.0
1.0
1.0
1.0
1.0
1.0
1.0
1.0
0.8061224489795918
0.8061224489795918
0.8061224489795918
0.8061224489795918
0.8061224489795918
0.73224043715847
0.73224043715847
0.73224043715847
0.73224043715847
0.73224043715847
0.73224043715847
0.73224043715847
0.73224043715847
0.73224043715847
0.73224043715847
0.73224043715847
0.73224043715847
0.73224043715847
1.0
1.0
1.0
1.0
1.0
1.0
1.0
1.0
1.0
1.0
1.0
1.0
1.0
1.0
1.0
1.0
1.0
1.0
1.0
1.0
1.0
1.0
1.0
1.0
1.0
1.0
1.0
1.0
1.0
1.0
1.0
1.0
1.0
1.0
1.0
1.0
1.0
1.0
1.0
1.0
1.0
1.0
1.0
1.0
1.0
1.0
1.0
1.0
1.0
1.0
1.0
1.0
0.8088888888888889
0.8088888888888889
0.8088888888888889
0.8088888888888889
0.8088888888888889
0.8666666666666667
0.8666666666666667
0.8666666666666667
0.8666666666666667
0.8666666666666667
0.8666666666666667
0.8666666666666667
0.8666666666666667
0.8088888888888889
0.8088888888888889
0.8088888888888889
0.8088888888888889
0.8088888888888889
0.8088888888888889
0.8088888888888889
0.8088888888888889
0.8088888888888889
0.6473029045643154
0.6473029045643154
0.6473029045643154
0.6473029045643154
0.6473029045643154
0.6473029045643154
0.6473029045643154
0.6473029045643154
0.6473029045643154
0.6473029045643154
0.6473029045643154
0.6473029045643154
0.6473029045643154
0.6473029045643154
0.6473029045643154
0.6473029045643154
0.6473029045643154
0.6473029045643154
0.6473029045643154
0.6473029045643154
0.5155555555555555
0.43555555555555553
0.43555555555555553
0.4066390041493776
0.5155555555555555
0.5155555555555555
1.0
1.0
1.0
1.0
1.0
1.0
0.8711111111111111
0.8571428571428571
0.8571428571428571
0.8571428571428571
0.8571428571428571
0.8571428571428571
0.8571428571428571
0.8571428571428571
0.8571428571428571
0.8571428571428571
0.8571428571428571
0.8571428571428571
0.8571428571428571
0.8571428571428571
0.8571428571428571
0.8571428571428571
0.8571428571428571
0.8571428571428571
0.8571428571428571
0.8571428571428571
0.8571428571428571
0.8367346938775511
0.8367346938775511
0.8367346938775511
0.8367346938775511
0.8367346938775511
0.8367346938775511
0.8367346938775511
0.8367346938775511
0.8367346938775511
0.8367346938775511
0.8367346938775511
0.8367346938775511
0.8367346938775511
0.8367346938775511
1.0
1.0
1.0
1.0
1.0
1.0
1.0
1.0
1.0
1.0
1.0
1.0
1.0
1.0
1.0
1.0
1.0
1.0
1.0
1.0
1.0
1.0
1.0
1.0
1.0
1.0
1.0
0.8088888888888889
0.8088888888888889
0.8088888888888889
0.8088888888888889
0.8088888888888889
0.8088888888888889
1.0
1.0
1.0
1.0
1.0
1.0
1.0
1.0
1.0
1.0
1.0
1.0
1.0
1.0
1.0
1.0
1.0
1.0
1.0
1.0
1.0
1.0
1.0
1.0
1.0
1.0
1.0
1.0
1.0
1.0
1.0
1.0
1.0
1.0
1.0
1.0
1.0
1.0
1.0
1.0
1.0
1.0
1.0
1.0
1.0
1.0
1.0
1.0
1.0
1.0
1.0
1.0
1.0
1.0
1.0
1.0
1.0
1.0
1.0
1.0
1.0
1.0
1.0
1.0
1.0
1.0
1.0
1.0
1.0
1.0
1.0
1.0
1.0
1.0
1.0
1.0
1.0
1.0
1.0
1.0
1.0
0.8666666666666667
0.8666666666666667
0.8666666666666667
0.8666666666666667
0.8666666666666667
0.8666666666666667
0.8666666666666667
0.8666666666666667
0.8666666666666667
0.8666666666666667
0.8666666666666667
0.8666666666666667
0.8666666666666667
0.8666666666666667
0.8666666666666667
0.8666666666666667
0.8666666666666667
0.8666666666666667
0.8666666666666667
0.8666666666666667
0.8666666666666667
0.8666666666666667
0.8666666666666667
0.8666666666666667
0.8666666666666667
0.8666666666666667
0.8666666666666667
0.8088888888888889
0.8088888888888889
0.8088888888888889
0.6285714285714286
0.6285714285714286
0.6285714285714286
0.6285714285714286
0.6285714285714286
0.5816326530612245
0.5816326530612245
0.5816326530612245
0.5816326530612245
0.5523809523809524
0.5511111111111111
0.5511111111111111
0.5511111111111111
0.5511111111111111
0.5511111111111111
1.0
1.0
1.0
1.0
1.0
1.0
1.0
1.0
1.0
1.0
1.0
1.0
1.0
1.0
1.0
1.0
1.0
1.0
1.0
1.0
1.0
1.0
1.0
1.0
1.0
1.0
1.0
1.0
1.0
1.0
1.0
1.0
1.0
1.0
1.0
1.0
1.0
1.0
1.0
1.0
1.0
1.0
1.0
1.0
1.0
1.0
1.0
1.0
1.0
1.0
1.0
1.0
1.0
1.0
1.0
1.0
1.0
1.0
1.0
1.0
1.0
1.0
1.0
1.0
1.0
1.0
1.0
1.0
1.0
1.0
1.0
1.0
1.0
1.0
1.0
1.0
1.0
1.0
1.0
1.0
1.0
1.0
1.0
1.0
1.0
1.0
1.0
1.0
1.0
1.0
1.0
1.0
1.0
1.0
1.0
1.0
1.0
1.0
1.0
1.0
1.0
1.0
0.8666666666666667
0.8666666666666667
0.8666666666666667
0.8666666666666667
0.8177777777777778
0.8177777777777778
0.8177777777777778
0.8177777777777778
0.7551867219917012
0.7551867219917012
0.7551867219917012
0.7551867219917012
0.7054263565891473
0.7054263565891473
0.7054263565891473
0.7054263565891473
0.7054263565891473
0.6594202898550725
0.6594202898550725
0.6594202898550725
0.6594202898550725
0.6594202898550725
0.6594202898550725
0.6594202898550725
0.6594202898550725
0.6594202898550725
0.6169491525423729
0.6169491525423729
0.6169491525423729
0.6169491525423729
0.6169491525423729
0.5015873015873016
0.42857142857142855
0.4444444444444444
0.3873015873015873
0.3864406779661017
0.3864406779661017
0.3864406779661017
0.3619047619047619
0.34523809523809523
0.35555555555555557
0.35555555555555557
0.35555555555555557
0.33220338983050846
0.3389830508474576
0.3111111111111111
0.2976190476190476
0.2976190476190476
0.3273809523809524
0.3273809523809524
0.3273809523809524
0.3273809523809524
0.3273809523809524
0.3407821229050279
0.3407821229050279
0.3407821229050279
0.35170603674540685
0.29385964912280704
0.2837209302325581
0.2837209302325581
0.2837209302325581
0.2962962962962963
0.2962962962962963
0.2744186046511628
0.2744186046511628
0.2744186046511628
0.2744186046511628
0.2744186046511628
0.2744186046511628
0.2744186046511628
0.2719298245614035
0.2719298245614035
0.2484472049689441
0.2719298245614035
0.2719298245614035
0.2443064182194617
0.23483365949119372
0.21526418786692758
0.21526418786692758
0.21526418786692758
0.16666666666666666
0.1925925925925926
0.1925925925925926
0.1824561403508772
0.2037037037037037
0.2074074074074074
0.2074074074074074
0.21754385964912282
0.21754385964912282
0.22592592592592592
0.22592592592592592
0.22962962962962963
0.22962962962962963
0.22962962962962963
0.22962962962962963
0.22962962962962963
0.22962962962962963
0.18518518518518517
1.0
1.0
1.0
1.0
1.0
1.0
1.0
1.0
1.0
1.0
1.0
1.0
1.0
1.0
1.0
1.0
1.0
1.0
1.0
1.0
1.0
1.0
1.0
1.0
1.0
1.0
1.0
1.0
1.0
1.0
0.8533333333333334
0.8533333333333334
0.8533333333333334
0.8533333333333334
0.8533333333333334
0.8533333333333334
0.8533333333333334
0.8533333333333334
0.8533333333333334
0.8533333333333334
0.8533333333333334
0.8533333333333334
0.8533333333333334
0.8533333333333334
0.8666666666666667
0.8666666666666667
0.8666666666666667
0.8666666666666667
0.8666666666666667
0.8666666666666667
0.8666666666666667
0.8666666666666667
0.8666666666666667
0.8666666666666667
0.8666666666666667
0.8666666666666667
0.8666666666666667
0.8666666666666667
0.8666666666666667
0.8666666666666667
0.8666666666666667
0.8666666666666667
0.8666666666666667
0.8666666666666667
0.8666666666666667
0.8666666666666667
0.8666666666666667
0.8533333333333334
0.8533333333333334
0.8533333333333334
0.8533333333333334
0.8533333333333334
0.8533333333333334
0.8533333333333334
0.8533333333333334
0.8533333333333334
0.8533333333333334
0.8533333333333334
0.8533333333333334
0.8533333333333334
0.8533333333333334
0.8533333333333334
0.8666666666666667
0.8666666666666667
0.8666666666666667
0.8666666666666667
0.8666666666666667
0.8666666666666667
0.8666666666666667
0.8666666666666667
0.8666666666666667
0.8666666666666667
0.8666666666666667
0.8666666666666667
0.8666666666666667
0.8666666666666667
0.8666666666666667
0.8666666666666667
0.8666666666666667
0.7555555555555555
1.0
1.0
1.0
1.0
1.0
1.0
1.0
0.8088888888888889
0.8088888888888889
0.8088888888888889
0.8088888888888889
0.8088888888888889
0.8088888888888889
0.8088888888888889
0.8088888888888889
0.8088888888888889
0.8666666666666667
0.8666666666666667
0.8666666666666667
0.8666666666666667
0.8666666666666667
0.8666666666666667
0.8666666666666667
0.8666666666666667
0.8666666666666667
0.8666666666666667
0.8666666666666667
0.8666666666666667
0.8666666666666667
0.8666666666666667
0.8666666666666667
0.8666666666666667
0.8666666666666667
0.8666666666666667
0.8666666666666667
0.8666666666666667
0.8666666666666667
0.8666666666666667
0.8666666666666667
0.8666666666666667
0.8367346938775511
0.8367346938775511
0.8367346938775511
0.8367346938775511
0.8367346938775511
0.8666666666666667
0.8666666666666667
0.8666666666666667
0.8666666666666667
0.8666666666666667
0.8666666666666667
0.8666666666666667
0.8666666666666667
0.8666666666666667
0.8666666666666667
0.8666666666666667
0.8666666666666667
0.8666666666666667
0.8666666666666667
0.8666666666666667
0.8666666666666667
0.8666666666666667
0.8666666666666667
0.8666666666666667
0.8666666666666667
0.8666666666666667
0.8666666666666667
0.8666666666666667
0.8666666666666667
0.8666666666666667
0.8666666666666667
0.8666666666666667
0.8666666666666667
0.8666666666666667
0.8666666666666667
0.8666666666666667
0.8666666666666667
0.8666666666666667
0.8666666666666667
0.7959183673469388
0.7959183673469388
0.7959183673469388
0.7959183673469388
0.7959183673469388
0.7959183673469388
0.7959183673469388
0.7959183673469388
0.7959183673469388
0.7959183673469388
0.7959183673469388
0.7959183673469388
0.7959183673469388
0.7959183673469388
0.7959183673469388
0.7959183673469388
0.7959183673469388
0.7959183673469388
0.7213114754098361
0.7213114754098361
0.7213114754098361
1.0
1.0
1.0
1.0
1.0
1.0
1.0
0.8061224489795918
0.8061224489795918
0.8061224489795918
0.8666666666666667
0.8666666666666667
0.8666666666666667
0.8666666666666667
0.8666666666666667
0.8666666666666667
0.8666666666666667
0.8666666666666667
0.8666666666666667
0.8666666666666667
0.8666666666666667
0.8666666666666667
0.7555555555555555
0.6933333333333334
0.6933333333333334
0.6390041493775933
0.6390041493775933
0.6390041493775933
0.6390041493775933
0.6390041493775933
0.6390041493775933
0.6390041493775933
0.6390041493775933
0.5581395348837209
0.5581395348837209
0.5581395348837209
0.5581395348837209
0.5311203319502075
0.5311203319502075
0.5866666666666667
0.5866666666666667
0.638095238095238
0.638095238095238
0.638095238095238
0.638095238095238
0.638095238095238
0.638095238095238
0.638095238095238
0.6428571428571429
0.6428571428571429
0.6428571428571429
0.6428571428571429
0.6285714285714286
0.6285714285714286
0.6285714285714286
0.6428571428571429
0.6428571428571429
0.6476190476190476
0.6476190476190476
0.6133333333333333
0.5975103734439834
0.5658914728682171
0.5658914728682171
0.5658914728682171
0.5658914728682171
0.5975103734439834
0.6044444444444445
0.5047619047619047
0.5047619047619047
0.5047619047619047
0.5047619047619047
0.5047619047619047
0.5047619047619047
0.5047619047619047
0.5047619047619047
0.5047619047619047
0.5047619047619047
0.5047619047619047
0.5047619047619047
0.4177777777777778
0.4315352697095436
0.4315352697095436
0.4315352697095436
0.4315352697095436
0.4315352697095436
0.4315352697095436
0.4315352697095436
0.4315352697095436
0.4315352697095436
0.3525423728813559
0.30726256983240224
0.3128491620111732
0.3128491620111732
0.28346456692913385
0.28346456692913385
0.2782152230971129
0.2782152230971129
0.23209876543209876
0.23255813953488372
0.2558139534883721
1.0
1.0
1.0
1.0
1.0
1.0
1.0
1.0
1.0
1.0
1.0
1.0
1.0
1.0
1.0
1.0
1.0
1.0
1.0
1.0
1.0
1.0
1.0
1.0
1.0
1.0
1.0
1.0
1.0
1.0
1.0
1.0
1.0
1.0
1.0
1.0
1.0
1.0
1.0
1.0
1.0
1.0
1.0
1.0
1.0
1.0
1.0
1.0
1.0
1.0
1.0
1.0
1.0
1.0
1.0
1.0
1.0
1.0
1.0
1.0
1.0
1.0
1.0
1.0
0.8666666666666667
0.8666666666666667
0.8666666666666667
0.8666666666666667
0.8666666666666667
0.8666666666666667
0.8666666666666667
0.8666666666666667
0.8666666666666667
0.8666666666666667
0.8666666666666667
0.8666666666666667
0.8666666666666667
0.8666666666666667
0.8666666666666667
0.8666666666666667
0.8666666666666667
0.8666666666666667
0.8666666666666667
0.8666666666666667
0.8666666666666667
0.8666666666666667
0.8666666666666667
0.8666666666666667
0.8666666666666667
0.8666666666666667
0.8666666666666667
0.8666666666666667
0.8666666666666667
0.8666666666666667
0.8666666666666667
0.8666666666666667
0.8666666666666667
0.8666666666666667
0.8666666666666667
0.8666666666666667
1.0
1.0
1.0
1.0
1.0
1.0
1.0
1.0
1.0
1.0
1.0
1.0
1.0
1.0
1.0
1.0
1.0
1.0
1.0
1.0
1.0
1.0
1.0
1.0
1.0
1.0
1.0
1.0
1.0
1.0
1.0
1.0
1.0
1.0
1.0
1.0
1.0
1.0
1.0
1.0
1.0
1.0
1.0
1.0
1.0
1.0
1.0
1.0
1.0
1.0
1.0
1.0
1.0
1.0
1.0
1.0
1.0
1.0
1.0
1.0
1.0
1.0
1.0
1.0
1.0
1.0
1.0
1.0
1.0
1.0
1.0
1.0
1.0
1.0
1.0
1.0
1.0
1.0
1.0
1.0
1.0
1.0
1.0
0.8177777777777778
0.6970954356846473
0.6970954356846473
0.6970954356846473
0.6970954356846473
0.6970954356846473
0.6970954356846473
0.6970954356846473
0.6821705426356589
0.7385892116182573
0.7385892116182573
0.7385892116182573
0.7385892116182573
0.7385892116182573
0.7385892116182573
0.7385892116182573
0.8622222222222222
1.0
0.8088888888888889
0.8088888888888889
0.8088888888888889
0.8088888888888889
0.8088888888888889
0.8088888888888889
0.8088888888888889
1.0
1.0
1.0
1.0
1.0
1.0
1.0
1.0
1.0
1.0
0.7959183673469388
0.7959183673469388
0.7959183673469388
0.7959183673469388
0.7959183673469388
0.7959183673469388
0.7959183673469388
0.7959183673469388
0.7959183673469388
0.7959183673469388
0.8666666666666667
0.8666666666666667
0.8666666666666667
0.8666666666666667
0.8666666666666667
0.8666666666666667
0.8666666666666667
0.8666666666666667
0.8666666666666667
0.8666666666666667
0.8666666666666667
0.8666666666666667
0.8666666666666667
0.8666666666666667
0.8666666666666667
0.8666666666666667
0.7822222222222223
0.7714285714285715
0.7714285714285715
0.7714285714285715
0.7244897959183674
0.7244897959183674
0.7244897959183674
0.7244897959183674
0.7142857142857143
0.6190476190476191
0.6044444444444445
0.6044444444444445
0.6044444444444445
0.6044444444444445
0.6044444444444445
0.6044444444444445
0.6044444444444445
0.6044444444444445
0.6390041493775933
0.5968992248062015
0.5968992248062015
0.4728682170542636
0.48132780082987553
0.4883720930232558
0.4855072463768116
0.4855072463768116
0.4855072463768116
0.4855072463768116
0.4855072463768116
0.4855072463768116
0.44745762711864406
0.44745762711864406
0.44745762711864406
0.4855072463768116
0.4855072463768116
0.4855072463768116
0.4855072463768116
0.4855072463768116
0.4855072463768116
0.4855072463768116
0.4855072463768116
0.4855072463768116
0.4855072463768116
0.4855072463768116
0.4855072463768116
0.4855072463768116
0.4855072463768116
0.4542372881355932
0.4542372881355932
0.3864406779661017
0.3864406779661017
0.48253968253968255
0.48253968253968255
0.5016949152542373
0.5016949152542373
0.488135593220339
1.0
1.0
1.0
1.0
0.7022222222222222
0.7022222222222222
0.7022222222222222
0.7022222222222222
0.7022222222222222
0.5955555555555555
0.5955555555555555
0.7022222222222222
0.7904761904761904
0.7904761904761904
0.7904761904761904
0.7904761904761904
0.7904761904761904
0.7904761904761904
0.7904761904761904
0.7377777777777778
0.7377777777777778
0.7377777777777778
0.7377777777777778
0.7377777777777778
0.7377777777777778
0.7377777777777778
0.7377777777777778
0.7377777777777778
0.7377777777777778
0.7377777777777778
0.7377777777777778
0.7377777777777778
0.7377777777777778
0.7377777777777778
0.7377777777777778
0.7377777777777778
0.7377777777777778
0.7377777777777778
0.7377777777777778
0.7377777777777778
0.7377777777777778
0.7377777777777778
0.6887966804979253
0.6887966804979253
0.6887966804979253
0.6887966804979253
0.5477178423236515
0.627906976744186
0.6639004149377593
0.6124031007751938
0.6124031007751938
0.6124031007751938
0.6124031007751938
0.6124031007751938
0.5891472868217055
0.5434782608695652
0.4610169491525424
0.4380952380952381
0.4507936507936508
0.46779661016949153
0.44745762711864406
0.44745762711864406
0.44745762711864406
0.3492063492063492
0.3492063492063492
0.3333333333333333
0.33650793650793653
0.33650793650793653
0.34523809523809523
0.34523809523809523
0.34523809523809523
0.3407821229050279
0.30971128608923887
0.30971128608923887
0.30971128608923887
0.30971128608923887
0.2782152230971129
0.2617283950617284
0.2732919254658385
0.2732919254658385
0.2465753424657534
0.2608695652173913
0.2608695652173913
0.2484472049689441
0.2484472049689441
0.2484472049689441
0.21526418786692758
0.2222222222222222
0.2222222222222222
0.21526418786692758
0.21526418786692758
0.2074074074074074
0.2
0.1831831831831832
0.1831831831831832
0.18
0.17959183673469387
0.17142857142857143
0.17142857142857143
0.17142857142857143
1.0
1.0
1.0
1.0
1.0
1.0
1.0
1.0
1.0
1.0
1.0
1.0
1.0
1.0
1.0
1.0
1.0
1.0
1.0
1.0
1.0
1.0
1.0
1.0
1.0
1.0
1.0
1.0
1.0
1.0
1.0
1.0
1.0
1.0
1.0
1.0
1.0
1.0
0.8367346938775511
0.8367346938775511
0.819047619047619
0.819047619047619
0.819047619047619
0.819047619047619
0.7911111111111111
0.7911111111111111
0.7911111111111111
0.7911111111111111
0.7911111111111111
0.7911111111111111
0.7911111111111111
0.7911111111111111
0.7053941908713693
0.7053941908713693
0.7053941908713693
0.7053941908713693
0.7053941908713693
0.6844444444444444
0.6844444444444444
0.6844444444444444
0.6844444444444444
0.6844444444444444
0.6844444444444444
0.6844444444444444
0.6844444444444444
0.6844444444444444
0.6844444444444444
0.6844444444444444
0.6970954356846473
0.6511627906976745
0.6887966804979253
0.7822222222222223
0.7822222222222223
0.7302904564315352
0.7302904564315352
0.7302904564315352
0.7302904564315352
0.7302904564315352
0.7302904564315352
0.7302904564315352
0.7302904564315352
0.7302904564315352
0.7822222222222223
0.7822222222222223
0.7822222222222223
0.7822222222222223
0.7822222222222223
0.6970954356846473
0.6970954356846473
0.6970954356846473
0.6473029045643154
0.6473029045643154
0.6473029045643154
0.6473029045643154
0.6473029045643154
0.6473029045643154
0.6473029045643154
0.6473029045643154
0.6473029045643154
0.6473029045643154
1.0
1.0
1.0
1.0
1.0
1.0
1.0
1.0
1.0
1.0
1.0
1.0
1.0
1.0
1.0
1.0
1.0
1.0
1.0
1.0
1.0
1.0
1.0
1.0
1.0
1.0
1.0
1.0
1.0
1.0
1.0
1.0
1.0
1.0
1.0
1.0
1.0
1.0
1.0
1.0
1.0
1.0
1.0
1.0
1.0
1.0
1.0
1.0
1.0
1.0
1.0
1.0
1.0
1.0
1.0
1.0
1.0
1.0
1.0
1.0
1.0
1.0
1.0
1.0
1.0
1.0
1.0
1.0
1.0
1.0
1.0
1.0
1.0
1.0
1.0
1.0
1.0
1.0
1.0
1.0
1.0
1.0
1.0
1.0
1.0
1.0
1.0
1.0
1.0
1.0
1.0
1.0
1.0
1.0
1.0
1.0
1.0
1.0
1.0
1.0
1.0
1.0
1.0
1.0
1.0
1.0
1.0
1.0
1.0
1.0
1.0
1.0
1.0
1.0
1.0
1.0
1.0
0.8088888888888889
0.8666666666666667
0.8666666666666667
0.8666666666666667
0.8666666666666667
0.8666666666666667
0.8666666666666667
0.8666666666666667
0.7644444444444445
0.7644444444444445
0.7644444444444445
0.7644444444444445
0.7644444444444445
0.7644444444444445
0.7644444444444445
0.7644444444444445
0.819047619047619
0.8367346938775511
0.8367346938775511
0.8571428571428571
0.8571428571428571
0.8571428571428571
0.7288888888888889
0.8132780082987552
0.8132780082987552
0.8132780082987552
0.8132780082987552
0.8711111111111111
0.8711111111111111
0.8711111111111111
0.8711111111111111
0.8571428571428571
0.8571428571428571
0.8571428571428571
0.8571428571428571
0.8571428571428571
0.8571428571428571
0.8571428571428571
0.8571428571428571
0.8571428571428571
0.8571428571428571
0.8571428571428571
0.8571428571428571
0.8571428571428571
0.8571428571428571
0.8571428571428571
0.8571428571428571
0.8571428571428571
0.8571428571428571
0.8571428571428571
0.8571428571428571
0.8571428571428571
0.8571428571428571
0.8571428571428571
0.8571428571428571
0.8571428571428571
0.8571428571428571
0.8571428571428571
0.8571428571428571
0.8571428571428571
0.8571428571428571
0.8571428571428571
0.8571428571428571
0.8571428571428571
0.8571428571428571
0.8571428571428571
0.780952380952381
0.780952380952381
0.780952380952381
0.780952380952381
0.780952380952381
0.780952380952381
0.780952380952381
0.780952380952381
0.780952380952381
0.780952380952381
0.780952380952381
0.780952380952381
0.780952380952381
0.780952380952381
0.780952380952381
0.780952380952381
0.780952380952381
1.0
1.0
1.0
1.0
1.0
1.0
1.0
1.0
1.0
1.0
1.0
1.0
1.0
1.0
1.0
1.0
1.0
1.0
0.8
0.8
0.7468879668049793
0.7468879668049793
0.7468879668049793
0.6511627906976745
0.6511627906976745
0.6511627906976745
0.6511627906976745
0.6511627906976745
0.6511627906976745
0.7468879668049793
0.7468879668049793
0.7468879668049793
0.7468879668049793
0.7468879668049793
0.7468879668049793
0.7468879668049793
0.7468879668049793
0.7468879668049793
0.7468879668049793
0.6044444444444445
0.5688888888888889
0.5688888888888889
0.638095238095238
0.638095238095238
0.638095238095238
0.638095238095238
0.638095238095238
0.638095238095238
0.638095238095238
0.638095238095238
0.638095238095238
0.638095238095238
0.6666666666666666
0.6666666666666666
0.5918367346938775
0.5918367346938775
0.5918367346938775
0.5918367346938775
0.5918367346938775
0.6120218579234973
0.6120218579234973
0.6120218579234973
0.6120218579234973
0.6120218579234973
0.6120218579234973
0.6120218579234973
0.6120218579234973
0.5245901639344263
0.5245901639344263
0.5612244897959183
0.5612244897959183
0.5612244897959183
0.5612244897959183
0.5612244897959183
0.5612244897959183
0.5612244897959183
0.5612244897959183
0.5612244897959183
0.5612244897959183
0.5612244897959183
0.580952380952381
0.580952380952381
0.580952380952381
0.5
0.5
0.4371584699453552
0.4371584699453552
0.4371584699453552
0.4371584699453552
0.4371584699453552
0.5204081632653061
0.5204081632653061
0.5204081632653061
0.5204081632653061
0.5204081632653061
0.5204081632653061
0.5204081632653061
0.5047619047619047
0.5047619047619047
0.5047619047619047
1.0
1.0
1.0
1.0
1.0
1.0
1.0
1.0
1.0
1.0
1.0
1.0
1.0
1.0
1.0
1.0
1.0
1.0
1.0
1.0
1.0
1.0
1.0
1.0
1.0
1.0
1.0
1.0
1.0
1.0
1.0
1.0
1.0
1.0
1.0
1.0
1.0
1.0
1.0
1.0
1.0
1.0
1.0
1.0
1.0
1.0
1.0
1.0
1.0
1.0
1.0
1.0
1.0
1.0
1.0
1.0
1.0
1.0
1.0
1.0
1.0
1.0
1.0
1.0
1.0
1.0
1.0
1.0
1.0
1.0
1.0
1.0
1.0
1.0
1.0
1.0
1.0
1.0
1.0
1.0
1.0
1.0
1.0
1.0
1.0
1.0
1.0
1.0
1.0
1.0
1.0
1.0
1.0
1.0
1.0
1.0
1.0
1.0
1.0
1.0
1.0
1.0
1.0
1.0
1.0
1.0
1.0
1.0
1.0
1.0
1.0
1.0
1.0
1.0
1.0
1.0
1.0
1.0
1.0
1.0
1.0
1.0
1.0
1.0
1.0
1.0
1.0
1.0
1.0
1.0
1.0
1.0
0.8622222222222222
0.8622222222222222
0.8622222222222222
0.8622222222222222
0.8622222222222222
0.8622222222222222
0.7634854771784232
0.7634854771784232
0.7634854771784232
0.6639004149377593
0.6639004149377593
0.6639004149377593
0.6639004149377593
0.6639004149377593
0.6639004149377593
0.6639004149377593
0.6639004149377593
0.6639004149377593
0.8
0.8
0.8
0.7022222222222222
0.7523809523809524
0.7523809523809524
0.7523809523809524
0.7523809523809524
0.7523809523809524
0.7523809523809524
0.7523809523809524
0.7523809523809524
0.7523809523809524
0.7523809523809524
0.7523809523809524
0.7523809523809524
0.7523809523809524
0.6938775510204082
0.6938775510204082
0.6938775510204082
0.6938775510204082
0.6938775510204082
0.6938775510204082
0.6938775510204082
0.6938775510204082
0.6938775510204082
0.6938775510204082
0.6938775510204082
0.6938775510204082
0.6938775510204082
0.6938775510204082
0.6938775510204082
0.6938775510204082
0.6938775510204082
0.6938775510204082
0.6938775510204082
0.6938775510204082
0.6938775510204082
0.6938775510204082
0.6938775510204082
0.6938775510204082
0.6938775510204082
0.6938775510204082
0.6938775510204082
0.6938775510204082
0.6938775510204082
0.6938775510204082
0.6938775510204082
0.6938775510204082
0.6938775510204082
1.0
1.0
1.0
1.0
1.0
1.0
1.0
1.0
1.0
1.0
1.0
1.0
1.0
1.0
1.0
1.0
1.0
1.0
1.0
1.0
1.0
1.0
1.0
1.0
1.0
1.0
1.0
1.0
1.0
1.0
1.0
1.0
1.0
1.0
1.0
1.0
1.0
1.0
1.0
1.0
1.0
1.0
1.0
1.0
1.0
1.0
1.0
1.0
1.0
1.0
1.0
1.0
0.8088888888888889
0.8088888888888889
0.8088888888888889
0.8088888888888889
0.7551867219917012
0.7053941908713693
0.7053941908713693
0.7053941908713693
0.7053941908713693
0.7053941908713693
0.7053941908713693
0.7053941908713693
0.7053941908713693
0.7053941908713693
0.7377777777777778
0.8533333333333334
1.0
1.0
1.0
1.0
0.8088888888888889
0.8088888888888889
0.8088888888888889
0.8088888888888889
0.8088888888888889
0.8088888888888889
0.8088888888888889
1.0
1.0
1.0
1.0
1.0
1.0
1.0
1.0
1.0
1.0
1.0
1.0
1.0
1.0
1.0
1.0
1.0
1.0
1.0
1.0
1.0
1.0
1.0
1.0
1.0
1.0
1.0
1.0
1.0
1.0
1.0
1.0
1.0
1.0
1.0
1.0
1.0
1.0
1.0
1.0
1.0
1.0
1.0
1.0
1.0
1.0
1.0
1.0
1.0
1.0
1.0
1.0
1.0
1.0
1.0
1.0
1.0
1.0
1.0
1.0
1.0
1.0
1.0
1.0
1.0
1.0
1.0
1.0
1.0
1.0
1.0
1.0
1.0
1.0
1.0
0.8666666666666667
0.8666666666666667
0.8666666666666667
0.8666666666666667
0.8666666666666667
0.8666666666666667
0.8666666666666667
0.8666666666666667
0.8666666666666667
0.8666666666666667
0.8666666666666667
0.8666666666666667
0.8666666666666667
0.8666666666666667
0.8666666666666667
0.8666666666666667
0.8666666666666667
0.8666666666666667
0.8666666666666667
0.8666666666666667
0.8666666666666667
0.8666666666666667
0.8666666666666667
0.7555555555555555
0.7555555555555555
0.7555555555555555
0.7555555555555555
0.8666666666666667
0.8666666666666667
0.8666666666666667
0.8666666666666667
0.8666666666666667
0.8666666666666667
0.8666666666666667
0.8666666666666667
0.8666666666666667
0.8666666666666667
0.7244897959183674
0.7244897959183674
0.7244897959183674
0.6095238095238096
0.7244897959183674
0.7244897959183674
0.7244897959183674
0.7244897959183674
0.7244897959183674
1.0
1.0
1.0
1.0
1.0
1.0
1.0
1.0
1.0
1.0
1.0
1.0
1.0
1.0
1.0
1.0
1.0
1.0
1.0
1.0
0.7959183673469388
0.7959183673469388
0.7959183673469388
0.7959183673469388
0.7238095238095238
0.7238095238095238
0.7238095238095238
0.7238095238095238
0.7238095238095238
0.6311111111111111
0.6311111111111111
0.6285714285714286
0.6285714285714286
0.6285714285714286
0.6285714285714286
0.6666666666666666
0.6666666666666666
0.6666666666666666
0.5809128630705395
0.5809128630705395
0.5736434108527132
0.5736434108527132
0.5362318840579711
0.5362318840579711
0.43389830508474575
0.43389830508474575
0.43389830508474575
0.3687150837988827
0.3674540682414698
0.3674540682414698
0.3674540682414698
0.3674540682414698
0.3674540682414698
0.32098765432098764
0.3674540682414698
0.3779527559055118
0.3779527559055118
0.3506172839506173
0.33488372093023255
0.33488372093023255
0.3157894736842105
0.3157894736842105
0.3157894736842105
0.3022774327122153
0.3022774327122153
0.2981366459627329
0.2608695652173913
0.2608695652173913
0.23483365949119372
0.2608695652173913
0.2631578947368421
0.2631578947368421
0.28837209302325584
0.33488372093023255
0.3395348837209302
0.3395348837209302
0.3395348837209302
0.33771929824561403
0.33771929824561403
0.3627906976744186
0.30701754385964913
0.30701754385964913
0.32558139534883723
0.32558139534883723
0.3157894736842105
0.3157894736842105
0.3022774327122153
0.3022774327122153
0.3022774327122153
0.3022774327122153
0.3022774327122153
0.31140350877192985
0.30701754385964913
0.24444444444444444
0.23157894736842105
0.21921921921921922
0.21921921921921922
0.24644549763033174
0.24644549763033174
0.259567387687188
1.0
1.0
1.0
1.0
1.0
1.0
1.0
1.0
1.0
1.0
1.0
1.0
0.8666666666666667
0.8666666666666667
0.8666666666666667
0.8666666666666667
0.8666666666666667
0.8666666666666667
0.8666666666666667
0.8666666666666667
0.8666666666666667
0.8666666666666667
0.8666666666666667
0.8666666666666667
0.8666666666666667
0.8666666666666667
0.8666666666666667
0.8666666666666667
0.8666666666666667
0.8666666666666667
0.8666666666666667
0.8666666666666667
0.8666666666666667
0.8666666666666667
0.8666666666666667
0.8666666666666667
0.8666666666666667
0.8666666666666667
0.8666666666666667
0.8666666666666667
0.8666666666666667
0.8666666666666667
0.8666666666666667
0.8666666666666667
0.8666666666666667
0.8666666666666667
0.8666666666666667
0.8666666666666667
0.8666666666666667
0.8666666666666667
0.7142857142857143
0.7142857142857143
0.7428571428571429
0.7428571428571429
0.7428571428571429
0.7428571428571429
0.7428571428571429
0.7428571428571429
0.7428571428571429
0.7428571428571429
0.7428571428571429
0.7428571428571429
0.6666666666666666
0.5238095238095238
0.5238095238095238
0.4380952380952381
0.4
0.41904761904761906
0.4489795918367347
0.45714285714285713
0.45714285714285713
0.4444444444444444
0.4444444444444444
0.44813278008298757
0.44813278008298757
0.44813278008298757
0.44813278008298757
0.4263565891472868
0.4263565891472868
0.4263565891472868
0.4263565891472868
0.4263565891472868
0.4263565891472868
0.391304347826087
0.391304347826087
0.4263565891472868
0.43478260869565216
0.4067796610169492
0.36610169491525424
0.34285714285714286
0.33220338983050846
0.391304347826087
0.391304347826087
0.391304347826087
0.3593220338983051
0.3593220338983051
0.35555555555555557
0.35555555555555557
0.375
0.3575418994413408
1.0
1.0
1.0
1.0
1.0
1.0
1.0
1.0
1.0
1.0
1.0
1.0
1.0
1.0
1.0
1.0
1.0
1.0
1.0
1.0
1.0
1.0
1.0
1.0
1.0
0.8622222222222222
0.8622222222222222
0.819047619047619
0.819047619047619
0.819047619047619
0.819047619047619
0.819047619047619
0.7523809523809524
0.7619047619047619
0.7619047619047619
0.7619047619047619
0.7619047619047619
0.7619047619047619
0.7619047619047619
0.7619047619047619
0.7619047619047619
0.7619047619047619
0.7619047619047619
0.7619047619047619
0.7619047619047619
0.7619047619047619
0.7619047619047619
0.7619047619047619
0.7619047619047619
0.7619047619047619
0.7619047619047619
0.7619047619047619
0.7244897959183674
0.7244897959183674
0.7244897959183674
0.7244897959183674
0.7244897959183674
0.7619047619047619
0.7619047619047619
0.7619047619047619
0.7619047619047619
0.7619047619047619
0.7619047619047619
0.7619047619047619
0.7619047619047619
0.7619047619047619
0.7619047619047619
0.7619047619047619
0.7619047619047619
0.7022222222222222
0.6887966804979253
0.6887966804979253
0.6887966804979253
0.7022222222222222
0.7022222222222222
0.5477178423236515
0.5477178423236515
0.45643153526970953
0.45643153526970953
0.45643153526970953
0.3875968992248062
0.3900414937759336
0.3900414937759336
0.3643410852713178
0.34782608695652173
0.34782608695652173
0.34782608695652173
0.34782608695652173
0.37209302325581395
0.37344398340248963
0.37344398340248963
0.37344398340248963
0.35684647302904565
0.3333333333333333
0.3333333333333333
0.4315352697095436
0.4315352697095436
0.4315352697095436
0.4315352697095436
0.4573643410852713
1.0
1.0
1.0
1.0
1.0
1.0
1.0
1.0
1.0
1.0
1.0
1.0
0.8469387755102041
0.8469387755102041
0.8469387755102041
0.8469387755102041
0.8469387755102041
0.8469387755102041
0.8469387755102041
0.8469387755102041
0.8469387755102041
0.8469387755102041
0.8469387755102041
0.7047619047619048
0.7047619047619048
0.7047619047619048
0.7047619047619048
0.7448979591836735
0.7448979591836735
0.7333333333333333
0.6933333333333334
0.6933333333333334
0.6933333333333334
0.6933333333333334
0.6933333333333334
0.7047619047619048
0.7047619047619048
0.7047619047619048
0.7047619047619048
0.7047619047619048
0.7047619047619048
0.5955555555555555
0.5955555555555555
0.5955555555555555
0.6285714285714286
0.7448979591836735
0.7448979591836735
0.6095238095238096
0.5408163265306123
0.5408163265306123
0.5408163265306123
0.5904761904761905
0.5904761904761905
0.5422222222222223
0.45714285714285713
0.45714285714285713
0.47959183673469385
0.47959183673469385
0.47959183673469385
0.47959183673469385
0.47959183673469385
0.49523809523809526
0.4711111111111111
0.6
0.6
0.6
0.6
0.6
0.6
0.6
0.6020408163265306
0.6020408163265306
0.6120218579234973
0.6120218579234973
0.6120218579234973
0.6120218579234973
0.6198830409356725
0.6198830409356725
0.6198830409356725
0.6198830409356725
0.6198830409356725
0.5029239766081871
0.4808743169398907
0.47959183673469385
0.47959183673469385
0.4857142857142857
0.49777777777777776
0.49777777777777776
0.45643153526970953
0.4444444444444444
0.42323651452282157
0.42323651452282157
0.42323651452282157
0.42323651452282157
0.4186046511627907
0.4186046511627907
0.4186046511627907
0.4496124031007752
0.4496124031007752
0.4496124031007752
1.0
1.0
1.0
1.0
1.0
1.0
1.0
1.0
1.0
1.0
0.7022222222222222
0.7022222222222222
0.7022222222222222
0.7022222222222222
0.7022222222222222
0.7022222222222222
0.7022222222222222
0.7022222222222222
0.7022222222222222
0.7022222222222222
0.7022222222222222
0.7022222222222222
0.7022222222222222
0.7022222222222222
0.7022222222222222
0.7022222222222222
0.7022222222222222
0.7022222222222222
0.7022222222222222
0.7022222222222222
0.7022222222222222
0.7022222222222222
0.7022222222222222
0.7022222222222222
0.7022222222222222
0.7022222222222222
0.7022222222222222
0.7022222222222222
0.7022222222222222
0.7022222222222222
0.7022222222222222
0.7022222222222222
0.7022222222222222
0.7022222222222222
0.7022222222222222
0.7022222222222222
0.7022222222222222
0.7022222222222222
0.7022222222222222
0.7022222222222222
0.7022222222222222
0.7022222222222222
0.7022222222222222
0.7022222222222222
0.7022222222222222
0.6141078838174274
0.6046511627906976
0.6046511627906976
0.6046511627906976
0.6046511627906976
0.6046511627906976
0.6046511627906976
0.6046511627906976
0.6046511627906976
0.6141078838174274
0.6141078838174274
0.6224066390041494
0.6224066390041494
0.5503875968992248
0.5503875968992248
0.5503875968992248
0.5116279069767442
0.5116279069767442
0.47101449275362317
0.4542372881355932
0.4542372881355932
0.41904761904761906
0.38095238095238093
0.38095238095238093
0.38095238095238093
0.4067796610169492
0.39365079365079364
0.39365079365079364
0.39365079365079364
0.38095238095238093
0.3630952380952381
0.3630952380952381
0.3630952380952381
0.3746031746031746
0.3746031746031746
0.3746031746031746
0.3746031746031746
0.39322033898305087
0.4
0.4
0.3111111111111111
0.273015873015873
0.2847457627118644
0.2847457627118644
0.2847457627118644
1.0
1.0
1.0
1.0
1.0
1.0
1.0
1.0
1.0
0.8711111111111111
0.8711111111111111
0.7717842323651453
0.7717842323651453
0.7717842323651453
0.8088888888888889
0.8088888888888889
0.8088888888888889
0.8088888888888889
0.8088888888888889
0.8088888888888889
0.8088888888888889
0.8088888888888889
0.8088888888888889
0.8088888888888889
0.8088888888888889
0.7551867219917012
0.7551867219917012
0.7551867219917012
0.7551867219917012
0.7551867219917012
0.7551867219917012
0.7209302325581395
0.7209302325581395
0.7209302325581395
0.6356589147286822
0.6356589147286822
0.6356589147286822
0.6356589147286822
0.6356589147286822
0.6356589147286822
0.6356589147286822
0.6356589147286822
0.6356589147286822
0.6356589147286822
0.6356589147286822
0.6356589147286822
0.6356589147286822
0.6356589147286822
0.6356589147286822
0.6356589147286822
0.6356589147286822
0.6201550387596899
0.5581395348837209
0.5581395348837209
0.5581395348837209
0.5560165975103735
0.5560165975103735
0.5560165975103735
0.5193798449612403
0.5193798449612403
0.5193798449612403
0.48132780082987553
0.48132780082987553
0.48132780082987553
0.48132780082987553
0.5155555555555555
0.5155555555555555
0.5155555555555555
0.4095238095238095
0.4095238095238095
0.3904761904761905
0.38095238095238093
0.36444444444444446
0.4315352697095436
0.3953488372093023
0.37681159420289856
0.37681159420289856
0.37681159420289856
0.3728813559322034
0.37681159420289856
0.37681159420289856
0.37681159420289856
0.37681159420289856
0.37681159420289856
0.37681159420289856
0.36610169491525424
0.35555555555555557
0.35555555555555557
0.3047619047619048
0.3238095238095238
0.3238095238095238
0.33220338983050846
0.2984126984126984
0.2984126984126984
0.2984126984126984
0.27976190476190477
0.26256983240223464
0.26256983240223464
0.25196850393700787
0.2677165354330709
0.8088888888888889
0.8088888888888889
0.8088888888888889
0.7101449275362319
0.751937984496124
0.751937984496124
0.751937984496124
0.751937984496124
0.751937984496124
0.6884057971014492
0.6884057971014492
0.6884057971014492
0.6508474576271186
0.6508474576271186
0.6095238095238096
0.6158730158730159
0.6158730158730159
0.6158730158730159
0.6158730158730159
0.6158730158730159
0.6158730158730159
0.5773809523809523
0.5773809523809523
0.5773809523809523
0.5773809523809523
0.5773809523809523
0.5418994413407822
0.5418994413407822
0.5773809523809523
0.5773809523809523
0.5363128491620112
0.5363128491620112
0.5363128491620112
0.5418994413407822
0.5418994413407822
0.5091863517060368
0.5039370078740157
0.5039370078740157
0.4776902887139108
0.4776902887139108
0.45925925925925926
0.45925925925925926
0.45925925925925926
0.4325581395348837
0.4325581395348837
0.40789473684210525
0.40789473684210525
0.40789473684210525
0.42790697674418604
0.42790697674418604
0.454320987654321
0.454320987654321
0.4881889763779528
0.4881889763779528
0.4881889763779528
0.2677165354330709
0.2677165354330709
0.17777777777777778
0.17209302325581396
0.16228070175438597
0.16228070175438597
0.16228070175438597
0.17209302325581396
0.16279069767441862
0.15789473684210525
0.15734989648033126
0.1487279843444227
0.1487279843444227
0.13250517598343686
0.12422360248447205
0.12719298245614036
0.10232558139534884
0.10964912280701754
0.10964912280701754
0.10351966873706005
0.10964912280701754
0.12836438923395446
0.14473684210526316
0.13157894736842105
0.13157894736842105
0.14035087719298245
0.14078674948240166
0.13307240704500978
0.12524461839530332
0.12133072407045009
0.11481481481481481
0.12524461839530332
0.09393346379647749
0.10740740740740741
0.10740740740740741
0.11578947368421053
0.11578947368421053
0.10877192982456141
0.10877192982456141
0.10740740740740741
0.10175438596491228
0.11481481481481481
0.11690363349131122
0.11690363349131122
0.11690363349131122
0.8666666666666667
0.8666666666666667
0.8666666666666667
0.8666666666666667
0.8666666666666667
0.7959183673469388
0.7959183673469388
0.7959183673469388
0.7959183673469388
0.7959183673469388
0.7959183673469388
0.7959183673469388
0.7959183673469388
0.7959183673469388
0.6557377049180327
0.6557377049180327
0.673469387755102
0.6857142857142857
0.6857142857142857
0.6857142857142857
0.6857142857142857
0.6857142857142857
0.6857142857142857
0.6857142857142857
0.6857142857142857
0.6857142857142857
0.6857142857142857
0.6857142857142857
0.6857142857142857
0.6857142857142857
0.6857142857142857
0.6857142857142857
0.6857142857142857
0.6857142857142857
0.6857142857142857
0.6857142857142857
0.6857142857142857
0.6857142857142857
0.6857142857142857
0.6857142857142857
0.6133333333333333
0.6133333333333333
0.5333333333333333
0.5333333333333333
0.5333333333333333
0.6577777777777778
0.5560165975103735
0.5560165975103735
0.5560165975103735
0.5560165975103735
0.5560165975103735
0.5560165975103735
0.5560165975103735
0.5560165975103735
0.5423728813559322
0.5423728813559322
0.5423728813559322
0.5423728813559322
0.5942028985507246
0.5942028985507246
0.5627118644067797
0.5627118644067797
0.5072463768115942
0.4573643410852713
0.4573643410852713
0.4573643410852713
0.4573643410852713
0.4573643410852713
0.4573643410852713
0.4728682170542636
0.4728682170542636
0.4728682170542636
0.4728682170542636
0.47101449275362317
0.43389830508474575
0.43389830508474575
0.43389830508474575
0.43389830508474575
0.3575418994413408
0.3575418994413408
0.3575418994413408
0.3575418994413408
0.3575418994413408
0.30971128608923887
0.3240223463687151
0.3128491620111732
0.24404761904761904
0.24581005586592178
0.24581005586592178
0.2204724409448819
0.21728395061728395
0.2271604938271605
0.21395348837209302
0.21395348837209302
0.21395348837209302
0.20614035087719298
0.17674418604651163
0.17674418604651163
0.18271604938271604
0.18271604938271604
1.0
1.0
1.0
1.0
1.0
1.0
1.0
1.0
1.0
1.0
1.0
1.0
1.0
1.0
1.0
1.0
1.0
1.0
1.0
1.0
1.0
1.0
1.0
1.0
1.0
1.0
1.0
1.0
1.0
0.8533333333333334
0.8533333333333334
0.8533333333333334
0.8533333333333334
0.8533333333333334
0.8533333333333334
0.8533333333333334
0.8533333333333334
0.8533333333333334
0.8533333333333334
0.8533333333333334
0.8533333333333334
0.8533333333333334
0.8533333333333334
0.8533333333333334
0.8533333333333334
0.8533333333333334
0.7377777777777778
0.7377777777777778
0.7377777777777778
0.7377777777777778
0.7377777777777778
0.7377777777777778
0.7377777777777778
0.7377777777777778
0.7377777777777778
0.7377777777777778
0.7377777777777778
0.7377777777777778
0.7377777777777778
0.7377777777777778
0.7377777777777778
0.7377777777777778
0.7377777777777778
0.7377777777777778
0.7377777777777778
0.7377777777777778
0.6224066390041494
0.6224066390041494
0.6224066390041494
0.5658914728682171
0.6224066390041494
0.6224066390041494
0.6224066390041494
0.6224066390041494
0.6224066390041494
0.6222222222222222
0.6222222222222222
0.5726141078838174
0.5726141078838174
0.5726141078838174
0.5726141078838174
0.5193798449612403
0.5
0.5
0.5
0.4728682170542636
0.42323651452282157
0.42323651452282157
0.3525423728813559
0.3525423728813559
0.3525423728813559
0.33650793650793653
0.33650793650793653
0.33650793650793653
0.3254237288135593
0.3254237288135593
0.3254237288135593
0.3254237288135593
0.3254237288135593
0.3254237288135593
1.0
0.8711111111111111
0.8711111111111111
0.8711111111111111
0.8571428571428571
0.8571428571428571
0.7714285714285715
0.7714285714285715
0.7714285714285715
0.7714285714285715
0.7714285714285715
0.7714285714285715
0.7714285714285715
0.7714285714285715
0.7555555555555555
0.7555555555555555
0.7555555555555555
0.7555555555555555
0.7555555555555555
0.7555555555555555
0.8571428571428571
0.8571428571428571
0.8571428571428571
0.8571428571428571
0.8571428571428571
0.8571428571428571
0.8571428571428571
0.8367346938775511
0.8367346938775511
0.8367346938775511
0.8367346938775511
0.8367346938775511
0.8666666666666667
0.8666666666666667
0.8666666666666667
0.6933333333333334
0.6933333333333334
0.5892116182572614
0.5892116182572614
0.5892116182572614
0.5892116182572614
0.5892116182572614
0.5892116182572614
0.5892116182572614
0.5975103734439834
0.5975103734439834
0.5892116182572614
0.5892116182572614
0.5892116182572614
0.5643153526970954
0.5643153526970954
0.6124031007751938
0.6124031007751938
0.5579710144927537
0.5579710144927537
0.6124031007751938
0.6124031007751938
0.6124031007751938
0.5503875968992248
0.5503875968992248
0.5362318840579711
0.5968992248062015
0.5968992248062015
0.5968992248062015
0.5968992248062015
0.5968992248062015
0.5434782608695652
0.5423728813559322
0.5423728813559322
0.5079365079365079
0.5079365079365079
0.5079365079365079
0.5079365079365079
0.5079365079365079
0.5079365079365079
0.47619047619047616
0.47619047619047616
0.47619047619047616
0.48253968253968255
0.48253968253968255
0.4523809523809524
0.48253968253968255
0.4745762711864407
0.4610169491525424
0.4610169491525424
0.4610169491525424
0.4610169491525424
0.4610169491525424
0.4610169491525424
0.4610169491525424
0.4745762711864407
0.4745762711864407
0.4420289855072464
0.4406779661016949
0.4406779661016949
0.4406779661016949
0.4406779661016949
0.4406779661016949
0.4406779661016949
0.4406779661016949
1.0
1.0
1.0
1.0
1.0
1.0
1.0
1.0
1.0
1.0
1.0
1.0
1.0
1.0
1.0
1.0
1.0
1.0
1.0
1.0
1.0
1.0
1.0
1.0
1.0
1.0
1.0
1.0
1.0
1.0
1.0
1.0
1.0
1.0
1.0
1.0
1.0
1.0
1.0
1.0
1.0
1.0
1.0
1.0
1.0
1.0
1.0
1.0
1.0
1.0
1.0
1.0
1.0
1.0
1.0
1.0
1.0
1.0
1.0
1.0
1.0
1.0
1.0
1.0
1.0
1.0
1.0
1.0
1.0
1.0
1.0
1.0
1.0
1.0
1.0
1.0
1.0
0.8761904761904762
0.8761904761904762
0.8761904761904762
0.8761904761904762
0.8761904761904762
0.8761904761904762
0.8761904761904762
0.8761904761904762
0.8761904761904762
0.8761904761904762
0.8761904761904762
0.8761904761904762
0.8761904761904762
0.8761904761904762
0.8761904761904762
0.8761904761904762
0.8761904761904762
0.8761904761904762
0.8761904761904762
0.8761904761904762
0.8761904761904762
0.7653061224489796
0.7653061224489796
1.0
1.0
1.0
1.0
1.0
1.0
1.0
1.0
1.0
1.0
1.0
1.0
1.0
1.0
1.0
1.0
1.0
1.0
1.0
1.0
1.0
1.0
1.0
1.0
1.0
1.0
1.0
1.0
1.0
1.0
1.0
1.0
1.0
1.0
1.0
1.0
1.0
1.0
1.0
1.0
1.0
1.0
1.0
1.0
1.0
1.0
1.0
1.0
1.0
1.0
0.8666666666666667
0.8666666666666667
0.8666666666666667
0.8666666666666667
0.8666666666666667
0.8666666666666667
0.8666666666666667
0.8666666666666667
0.8666666666666667
0.8666666666666667
0.8666666666666667
0.8666666666666667
0.8666666666666667
0.8666666666666667
0.8666666666666667
0.8666666666666667
0.8666666666666667
0.8666666666666667
0.8666666666666667
0.8666666666666667
0.8666666666666667
0.8666666666666667
0.8666666666666667
0.8666666666666667
0.8666666666666667
0.8666666666666667
0.8666666666666667
0.8666666666666667
0.8666666666666667
0.8666666666666667
0.8666666666666667
0.8666666666666667
0.8666666666666667
0.8666666666666667
0.8666666666666667
0.8666666666666667
0.8666666666666667
0.8666666666666667
0.8666666666666667
0.8666666666666667
1.0
1.0
1.0
1.0
0.8666666666666667
0.8666666666666667
0.8666666666666667
0.8666666666666667
0.8666666666666667
0.8666666666666667
1.0
1.0
1.0
1.0
1.0
1.0
1.0
1.0
1.0
1.0
1.0
1.0
1.0
1.0
1.0
0.8367346938775511
0.8367346938775511
0.8367346938775511
0.8367346938775511
0.8367346938775511
0.8367346938775511
0.8367346938775511
0.8367346938775511
0.8367346938775511
0.8367346938775511
0.8367346938775511
0.8367346938775511
0.7047619047619048
0.7047619047619048
0.64
0.64
0.7634854771784232
0.7634854771784232
0.7634854771784232
0.7634854771784232
0.7634854771784232
0.8088888888888889
0.8088888888888889
0.8088888888888889
0.8088888888888889
0.8088888888888889
0.8088888888888889
0.8088888888888889
0.8088888888888889
0.8088888888888889
0.8088888888888889
0.8088888888888889
0.8088888888888889
0.8088888888888889
0.8088888888888889
0.8088888888888889
0.8088888888888889
0.8088888888888889
0.8088888888888889
0.8088888888888889
0.8088888888888889
0.8088888888888889
0.8088888888888889
0.8666666666666667
0.8666666666666667
0.8666666666666667
0.8666666666666667
0.8622222222222222
0.8622222222222222
0.8622222222222222
0.8622222222222222
0.8622222222222222
0.8622222222222222
0.8622222222222222
0.8622222222222222
0.8622222222222222
0.8622222222222222
0.8622222222222222
0.8622222222222222
0.8622222222222222
0.8666666666666667
0.8666666666666667
0.8666666666666667
0.8666666666666667
0.8666666666666667
0.8666666666666667
0.8666666666666667
0.8666666666666667
0.7822222222222223
0.7822222222222223
0.7822222222222223
0.7800829875518672
0.6887966804979253
0.6887966804979253
0.6887966804979253
0.6887966804979253
0.6887966804979253
0.7466666666666667
0.7428571428571429
0.7428571428571429
0.8367346938775511
0.8367346938775511
0.8367346938775511
0.8367346938775511
0.8367346938775511
1.0
1.0
1.0
1.0
1.0
1.0
1.0
1.0
1.0
1.0
1.0
1.0
1.0
1.0
1.0
1.0
1.0
1.0
1.0
1.0
1.0
1.0
1.0
1.0
1.0
1.0
1.0
1.0
1.0
1.0
1.0
1.0
1.0
1.0
1.0
1.0
1.0
1.0
1.0
1.0
1.0
1.0
0.8061224489795918
0.8061224489795918
0.8061224489795918
0.8061224489795918
0.8061224489795918
0.8061224489795918
0.8061224489795918
0.8061224489795918
0.780952380952381
0.780952380952381
0.780952380952381
0.780952380952381
0.780952380952381
0.780952380952381
0.780952380952381
0.780952380952381
0.780952380952381
0.780952380952381
0.780952380952381
0.7022222222222222
0.7022222222222222
0.5866666666666667
0.5866666666666667
0.5866666666666667
0.5866666666666667
0.5866666666666667
0.5866666666666667
0.5866666666666667
0.5866666666666667
0.5809128630705395
0.5809128630705395
0.5809128630705395
0.5809128630705395
0.56
0.56
0.5688888888888889
0.64
0.64
0.64
0.64
0.64
0.64
0.6044444444444445
0.6044444444444445
0.6044444444444445
0.6044444444444445
0.6044444444444445
0.7142857142857143
0.7142857142857143
0.7142857142857143
0.7142857142857143
0.7142857142857143
0.7142857142857143
0.7142857142857143
0.7142857142857143
0.7142857142857143
0.6844444444444444
0.6844444444444444
1.0
1.0
1.0
1.0
1.0
1.0
1.0
1.0
1.0
1.0
1.0
1.0
1.0
1.0
1.0
1.0
1.0
1.0
1.0
0.8061224489795918
0.8061224489795918
0.8061224489795918
0.6476190476190476
0.6476190476190476
0.5333333333333333
0.5333333333333333
0.5333333333333333
0.5333333333333333
0.5333333333333333
0.6476190476190476
0.6476190476190476
0.6476190476190476
0.6476190476190476
0.7040816326530612
0.7040816326530612
0.6285714285714286
0.6285714285714286
0.6285714285714286
0.6044444444444445
0.6044444444444445
0.64
0.64
0.64
0.638095238095238
0.638095238095238
0.5333333333333333
0.5333333333333333
0.6
0.6
0.6
0.5238095238095238
0.5238095238095238
0.5238095238095238
0.5511111111111111
0.5511111111111111
0.5511111111111111
0.5228215767634855
0.5228215767634855
0.5422222222222223
0.5422222222222223
0.5142857142857142
0.5142857142857142
0.5142857142857142
0.5142857142857142
0.5428571428571428
0.5428571428571428
0.5428571428571428
0.5510204081632653
0.5510204081632653
0.6190476190476191
0.6190476190476191
0.6190476190476191
0.6190476190476191
0.6190476190476191
0.4266666666666667
0.4266666666666667
0.4266666666666667
0.4266666666666667
0.3900414937759336
0.3900414937759336
0.3953488372093023
0.3695652173913043
0.3695652173913043
0.40310077519379844
0.37681159420289856
0.37681159420289856
0.37681159420289856
0.2826086956521739
0.2826086956521739
0.3333333333333333
0.3333333333333333
0.3333333333333333
0.31864406779661014
0.3115942028985507
0.3050847457627119
0.3050847457627119
0.2920634920634921
0.27380952380952384
0.2569832402234637
0.26785714285714285
1.0
1.0
1.0
1.0
1.0
1.0
1.0
1.0
1.0
1.0
1.0
1.0
1.0
1.0
1.0
1.0
1.0
1.0
1.0
1.0
1.0
1.0
1.0
1.0
1.0
1.0
1.0
1.0
1.0
1.0
1.0
1.0
1.0
1.0
1.0
1.0
1.0
1.0
1.0
1.0
1.0
1.0
1.0
1.0
1.0
1.0
1.0
1.0
1.0
1.0
1.0
1.0
1.0
1.0
1.0
1.0
1.0
1.0
1.0
1.0
0.8088888888888889
0.8088888888888889
0.6473029045643154
0.6473029045643154
0.8088888888888889
0.8088888888888889
0.8088888888888889
0.8088888888888889
0.7053941908713693
0.7053941908713693
0.7053941908713693
0.7053941908713693
0.7053941908713693
0.5866666666666667
0.5866666666666667
0.5866666666666667
0.5866666666666667
0.5866666666666667
0.6190476190476191
0.6190476190476191
0.6190476190476191
0.6190476190476191
0.6190476190476191
0.6190476190476191
0.6190476190476191
0.6190476190476191
0.6190476190476191
0.6190476190476191
0.6190476190476191
0.6190476190476191
0.6844444444444444
0.6844444444444444
0.6844444444444444
0.6844444444444444
0.6190476190476191
0.6190476190476191
0.6190476190476191
0.6190476190476191
0.6434108527131783
0.6434108527131783
1.0
1.0
1.0
1.0
1.0
1.0
1.0
1.0
1.0
1.0
1.0
1.0
1.0
1.0
1.0
1.0
1.0
1.0
1.0
1.0
1.0
1.0
1.0
1.0
1.0
1.0
1.0
1.0
1.0
1.0
1.0
1.0
1.0
1.0
1.0
1.0
1.0
1.0
1.0
1.0
1.0
1.0
1.0
1.0
1.0
1.0
1.0
1.0
1.0
1.0
1.0
1.0
1.0
1.0
1.0
1.0
1.0
1.0
1.0
1.0
1.0
1.0
1.0
1.0
1.0
1.0
1.0
1.0
1.0
1.0
1.0
1.0
1.0
1.0
1.0
1.0
1.0
1.0
1.0
1.0
1.0
1.0
1.0
1.0
1.0
1.0
1.0
1.0
1.0
1.0
1.0
1.0
1.0
1.0
1.0
1.0
1.0
1.0
1.0
1.0
1.0
1.0
1.0
1.0
1.0
1.0
1.0
1.0
1.0
1.0
1.0
1.0
1.0
1.0
1.0
1.0
1.0
1.0
1.0
1.0
1.0
1.0
1.0
1.0
1.0
1.0
1.0
1.0
1.0
1.0
1.0
1.0
1.0
1.0
1.0
1.0
1.0
1.0
1.0
1.0
1.0
1.0
1.0
1.0
1.0
1.0
1.0
1.0
1.0
1.0
1.0
1.0
1.0
1.0
1.0
1.0
1.0
1.0
1.0
1.0
1.0
1.0
1.0
1.0
1.0
1.0
1.0
1.0
1.0
1.0
1.0
1.0
1.0
1.0
1.0
1.0
1.0
1.0
1.0
1.0
1.0
1.0
1.0
1.0
0.8666666666666667
0.8666666666666667
0.8666666666666667
0.8666666666666667
0.7111111111111111
0.7111111111111111
0.7111111111111111
0.7111111111111111
0.7111111111111111
0.7111111111111111
0.7111111111111111
0.7111111111111111
0.7111111111111111
0.6639004149377593
0.7111111111111111
0.7111111111111111
1.0
1.0
1.0
1.0
1.0
1.0
1.0
1.0
1.0
1.0
1.0
1.0
1.0
1.0
1.0
1.0
1.0
1.0
1.0
1.0
1.0
1.0
1.0
1.0
1.0
1.0
1.0
1.0
1.0
1.0
1.0
1.0
1.0
1.0
1.0
1.0
1.0
1.0
1.0
1.0
1.0
1.0
1.0
1.0
1.0
1.0
1.0
1.0
1.0
1.0
1.0
1.0
1.0
1.0
1.0
1.0
1.0
1.0
1.0
1.0
1.0
1.0
1.0
1.0
1.0
1.0
1.0
0.8666666666666667
0.8666666666666667
0.8666666666666667
0.8666666666666667
0.8666666666666667
0.8666666666666667
0.673469387755102
0.673469387755102
0.673469387755102
0.673469387755102
0.673469387755102
0.673469387755102
0.673469387755102
0.673469387755102
0.673469387755102
0.673469387755102
0.673469387755102
0.673469387755102
0.673469387755102
0.673469387755102
0.6285714285714286
0.6285714285714286
0.6285714285714286
0.6285714285714286
0.6285714285714286
0.6285714285714286
0.6285714285714286
0.6285714285714286
0.6285714285714286
0.6285714285714286
0.6285714285714286
0.6285714285714286
0.6285714285714286
1.0
1.0
1.0
1.0
1.0
1.0
0.8666666666666667
0.8666666666666667
0.8666666666666667
0.8666666666666667
0.8666666666666667
0.8666666666666667
0.8666666666666667
0.8666666666666667
0.8666666666666667
0.8666666666666667
0.8666666666666667
0.8666666666666667
0.8666666666666667
0.8666666666666667
0.8666666666666667
0.8666666666666667
0.8666666666666667
0.8666666666666667
0.8666666666666667
0.8666666666666667
0.8666666666666667
0.8666666666666667
0.8666666666666667
0.8666666666666667
0.8666666666666667
0.8666666666666667
0.8666666666666667
0.8666666666666667
0.8666666666666667
0.8666666666666667
0.8666666666666667
0.8666666666666667
0.8666666666666667
0.8666666666666667
0.8666666666666667
0.8666666666666667
0.8666666666666667
0.8666666666666667
0.8666666666666667
0.8666666666666667
0.8666666666666667
0.8666666666666667
0.8666666666666667
0.8666666666666667
0.7022222222222222
0.7022222222222222
0.7022222222222222
0.7022222222222222
0.7022222222222222
0.7022222222222222
0.7333333333333333
0.7333333333333333
0.580952380952381
0.580952380952381
0.5612244897959183
0.5612244897959183
0.5612244897959183
0.5612244897959183
0.5612244897959183
0.5612244897959183
0.5612244897959183
0.5612244897959183
0.5612244897959183
0.5612244897959183
0.5612244897959183
0.6141078838174274
0.6141078838174274
0.6141078838174274
0.6141078838174274
0.6141078838174274
0.6141078838174274
0.6141078838174274
0.6141078838174274
0.6133333333333333
0.6133333333333333
0.6133333333333333
0.6133333333333333
0.6133333333333333
0.6133333333333333
0.6133333333333333
0.6133333333333333
0.5777777777777777
0.5777777777777777
0.5777777777777777
0.5777777777777777
0.5777777777777777
0.5809128630705395
0.5809128630705395
0.5955555555555555
0.5955555555555555
0.4149377593360996
0.4149377593360996
0.4149377593360996
0.4
1.0
1.0
1.0
1.0
1.0
1.0
1.0
1.0
1.0
1.0
1.0
1.0
1.0
1.0
1.0
1.0
1.0
1.0
1.0
1.0
1.0
1.0
1.0
1.0
1.0
1.0
1.0
1.0
1.0
1.0
1.0
1.0
1.0
1.0
1.0
1.0
1.0
1.0
0.8666666666666667
0.8666666666666667
0.8666666666666667
0.8666666666666667
0.8666666666666667
0.8666666666666667
0.8666666666666667
0.8666666666666667
0.8666666666666667
0.8666666666666667
0.8666666666666667
0.8666666666666667
0.8666666666666667
0.8666666666666667
0.8666666666666667
0.8666666666666667
0.8666666666666667
0.8666666666666667
0.8666666666666667
0.8666666666666667
0.8666666666666667
0.8666666666666667
0.627906976744186
0.627906976744186
0.627906976744186
0.5797101449275363
0.5797101449275363
0.5797101449275363
0.6231884057971014
0.6231884057971014
0.6231884057971014
0.6231884057971014
0.6231884057971014
0.6231884057971014
0.6231884057971014
0.6231884057971014
0.6231884057971014
0.6744186046511628
0.6744186046511628
0.6159420289855072
0.627906976744186
0.5869565217391305
0.5869565217391305
0.5869565217391305
0.5559322033898305
0.546031746031746
0.5559322033898305
0.5559322033898305
0.5559322033898305
0.5559322033898305
0.5559322033898305
0.5942028985507246
0.5217391304347826
0.5217391304347826
0.49491525423728816
0.5079365079365079
0.47023809523809523
0.47023809523809523
0.4642857142857143
0.4642857142857143
0.4642857142857143
0.4301675977653631
1.0
1.0
1.0
1.0
1.0
1.0
1.0
1.0
1.0
1.0
1.0
1.0
1.0
1.0
1.0
1.0
0.8666666666666667
0.8666666666666667
0.8666666666666667
0.8666666666666667
0.8666666666666667
0.8666666666666667
0.8666666666666667
0.8666666666666667
0.8666666666666667
0.8666666666666667
0.8666666666666667
0.8666666666666667
0.8666666666666667
0.8666666666666667
0.8666666666666667
0.8666666666666667
0.8666666666666667
0.8666666666666667
0.8666666666666667
0.8666666666666667
0.8666666666666667
0.8666666666666667
0.8666666666666667
0.8666666666666667
0.8666666666666667
0.8666666666666667
0.7428571428571429
0.7428571428571429
0.7428571428571429
0.7428571428571429
0.7428571428571429
0.6530612244897959
0.6530612244897959
0.6530612244897959
0.6530612244897959
0.6530612244897959
0.6530612244897959
0.6666666666666666
0.6666666666666666
0.6666666666666666
0.6666666666666666
0.7244897959183674
0.7244897959183674
0.7244897959183674
0.7244897959183674
0.7523809523809524
0.7523809523809524
0.6311111111111111
0.5975103734439834
0.5975103734439834
0.5975103734439834
0.5975103734439834
0.5975103734439834
0.5975103734439834
0.5968992248062015
0.5968992248062015
0.5968992248062015
0.5968992248062015
0.5507246376811594
0.5507246376811594
0.5507246376811594
0.5507246376811594
0.5507246376811594
0.5627118644067797
0.5627118644067797
0.5627118644067797
0.5627118644067797
0.5627118644067797
0.5627118644067797
0.5289855072463768
0.5289855072463768
0.5289855072463768
0.5362318840579711
0.5362318840579711
0.5426356589147286
0.5426356589147286
0.5426356589147286
0.5426356589147286
0.5289855072463768
0.5289855072463768
0.5289855072463768
0.535593220338983
0.5015873015873016
0.49523809523809526
1.0
1.0
1.0
1.0
1.0
1.0
1.0
1.0
1.0
1.0
1.0
1.0
1.0
1.0
1.0
1.0
1.0
1.0
1.0
1.0
1.0
1.0
1.0
1.0
1.0
1.0
1.0
1.0
1.0
1.0
1.0
1.0
1.0
1.0
1.0
1.0
1.0
1.0
1.0
1.0
1.0
1.0
1.0
1.0
1.0
1.0
1.0
1.0
1.0
1.0
1.0
1.0
1.0
1.0
1.0
1.0
1.0
1.0
1.0
0.8177777777777778
0.8177777777777778
0.8177777777777778
0.8177777777777778
0.8177777777777778
0.7904761904761904
0.7904761904761904
0.7904761904761904
0.7904761904761904
0.7904761904761904
0.7904761904761904
0.7904761904761904
0.7904761904761904
0.7904761904761904
0.7904761904761904
0.7904761904761904
0.7904761904761904
0.7904761904761904
0.7904761904761904
0.7904761904761904
0.7904761904761904
0.72
0.6639004149377593
0.6356589147286822
0.7053941908713693
0.6356589147286822
0.5975103734439834
0.5975103734439834
0.7022222222222222
0.7022222222222222
0.6952380952380952
0.6952380952380952
0.6952380952380952
0.6952380952380952
0.6952380952380952
0.6952380952380952
0.6952380952380952
0.6952380952380952
0.6952380952380952
0.6952380952380952
0.6952380952380952
1.0
1.0
1.0
1.0
1.0
1.0
1.0
1.0
1.0
1.0
1.0
1.0
1.0
1.0
1.0
1.0
1.0
1.0
1.0
1.0
1.0
1.0
1.0
1.0
1.0
1.0
1.0
1.0
1.0
1.0
1.0
1.0
1.0
1.0
1.0
1.0
1.0
1.0
1.0
1.0
1.0
1.0
1.0
1.0
1.0
1.0
1.0
1.0
1.0
1.0
1.0
1.0
0.8622222222222222
0.8622222222222222
0.8622222222222222
0.8622222222222222
0.8622222222222222
0.8622222222222222
0.8622222222222222
0.8622222222222222
0.8622222222222222
0.8622222222222222
0.8622222222222222
0.8622222222222222
0.8622222222222222
0.8666666666666667
0.8666666666666667
0.8666666666666667
0.8666666666666667
0.8666666666666667
0.8666666666666667
0.8666666666666667
0.8666666666666667
0.8666666666666667
0.8666666666666667
0.8666666666666667
0.8666666666666667
0.8666666666666667
0.8666666666666667
0.8666666666666667
0.8666666666666667
0.8666666666666667
0.8666666666666667
0.8666666666666667
0.8666666666666667
0.8666666666666667
0.8666666666666667
0.7428571428571429
0.7428571428571429
0.7428571428571429
0.7428571428571429
0.7428571428571429
0.7428571428571429
0.7428571428571429
0.6933333333333334
0.6285714285714286
0.6285714285714286
0.6285714285714286
0.6285714285714286
0.6285714285714286
1.0
1.0
1.0
1.0
0.8711111111111111
0.8711111111111111
0.8711111111111111
0.8711111111111111
0.8711111111111111
0.8711111111111111
0.8711111111111111
0.8711111111111111
0.8711111111111111
0.8711111111111111
1.0
1.0
1.0
1.0
1.0
1.0
1.0
1.0
1.0
1.0
1.0
1.0
1.0
1.0
1.0
1.0
1.0
1.0
1.0
1.0
1.0
1.0
1.0
1.0
1.0
1.0
1.0
1.0
0.8061224489795918
0.8061224489795918
0.8061224489795918
0.8061224489795918
0.8061224489795918
0.8061224489795918
0.8061224489795918
0.8061224489795918
0.8061224489795918
0.8061224489795918
0.8061224489795918
0.7868852459016393
0.7868852459016393
0.7868852459016393
0.7868852459016393
0.7868852459016393
0.7868852459016393
0.7868852459016393
0.7868852459016393
0.7868852459016393
0.7868852459016393
0.7868852459016393
0.7868852459016393
0.7868852459016393
0.7868852459016393
0.7346938775510204
0.6530612244897959
0.6530612244897959
0.6530612244897959
0.6530612244897959
0.6885245901639344
0.6428571428571429
0.6428571428571429
0.6428571428571429
0.6428571428571429
0.6428571428571429
0.6428571428571429
0.6428571428571429
0.6428571428571429
0.6428571428571429
0.6428571428571429
0.6428571428571429
0.6428571428571429
0.6428571428571429
0.6428571428571429
0.6428571428571429
0.6428571428571429
0.6428571428571429
0.6428571428571429
0.5510204081632653
0.6020408163265306
0.580952380952381
0.580952380952381
0.580952380952381
0.580952380952381
0.580952380952381
0.580952380952381
0.580952380952381
1.0
1.0
1.0
1.0
1.0
1.0
1.0
1.0
1.0
1.0
0.8088888888888889
0.8088888888888889
0.8088888888888889
0.8088888888888889
0.8088888888888889
0.8088888888888889
0.8088888888888889
0.8088888888888889
0.8088888888888889
0.8088888888888889
0.8088888888888889
0.8088888888888889
1.0
1.0
1.0
1.0
1.0
1.0
1.0
1.0
1.0
1.0
1.0
1.0
1.0
1.0
1.0
1.0
1.0
1.0
1.0
1.0
1.0
1.0
1.0
1.0
1.0
1.0
1.0
1.0
1.0
1.0
1.0
1.0
1.0
1.0
1.0
1.0
1.0
1.0
1.0
1.0
1.0
1.0
1.0
1.0
1.0
1.0
1.0
1.0
1.0
1.0
1.0
1.0
1.0
1.0
1.0
1.0
0.8469387755102041
0.8469387755102041
0.8469387755102041
0.8469387755102041
0.8469387755102041
0.8469387755102041
0.6994535519125683
0.6994535519125683
0.6885245901639344
0.6885245901639344
0.6885245901639344
0.6885245901639344
0.6885245901639344
0.6885245901639344
0.673469387755102
0.6285714285714286
0.6285714285714286
0.6285714285714286
0.4897959183673469
0.4897959183673469
0.44761904761904764
0.44761904761904764
1.0
1.0
1.0
1.0
1.0
1.0
1.0
1.0
1.0
1.0
1.0
1.0
1.0
1.0
1.0
1.0
1.0
1.0
1.0
1.0
1.0
1.0
1.0
1.0
1.0
0.8088888888888889
0.8088888888888889
0.8088888888888889
0.8088888888888889
0.8088888888888889
0.8088888888888889
0.8088888888888889
0.8088888888888889
0.8088888888888889
0.8088888888888889
0.8088888888888889
0.7302904564315352
0.7822222222222223
0.7822222222222223
0.7822222222222223
0.6307053941908713
0.6307053941908713
0.6307053941908713
0.6307053941908713
0.6307053941908713
0.56
0.6141078838174274
0.6141078838174274
0.6141078838174274
0.6666666666666666
0.6666666666666666
0.6666666666666666
0.6666666666666666
0.6666666666666666
0.6666666666666666
0.6666666666666666
0.6666666666666666
0.6666666666666666
0.6666666666666666
0.6666666666666666
0.6666666666666666
0.6666666666666666
0.6666666666666666
0.6666666666666666
0.6666666666666666
0.6666666666666666
0.6666666666666666
0.6666666666666666
0.6666666666666666
0.6666666666666666
0.6666666666666666
0.6666666666666666
0.6666666666666666
0.6666666666666666
0.6666666666666666
0.6666666666666666
0.5477178423236515
0.4806201550387597
0.45643153526970953
0.4888888888888889
0.4888888888888889
0.4888888888888889
0.4888888888888889
0.46473029045643155
0.46473029045643155
0.5155555555555555
0.5155555555555555
0.4979253112033195
0.4979253112033195
0.4979253112033195
0.4979253112033195
0.5426356589147286
0.5072463768115942
0.5072463768115942
0.39880952380952384
0.39880952380952384
0.39880952380952384
0.4126984126984127
0.4126984126984127
0.4
1.0
1.0
1.0
1.0
1.0
1.0
1.0
1.0
1.0
1.0
1.0
1.0
1.0
1.0
1.0
1.0
1.0
1.0
1.0
1.0
1.0
1.0
1.0
1.0
1.0
1.0
1.0
1.0
1.0
1.0
1.0
1.0
1.0
1.0
1.0
1.0
1.0
1.0
1.0
1.0
1.0
1.0
1.0
1.0
1.0
1.0
0.8533333333333334
0.8533333333333334
0.7717842323651453
0.7717842323651453
0.8444444444444444
0.8444444444444444
0.8444444444444444
0.8444444444444444
0.8444444444444444
0.8444444444444444
0.8444444444444444
0.8444444444444444
0.8444444444444444
0.8444444444444444
0.8444444444444444
0.8444444444444444
0.8444444444444444
1.0
1.0
1.0
1.0
1.0
1.0
1.0
1.0
1.0
1.0
1.0
1.0
1.0
1.0
1.0
1.0
1.0
1.0
1.0
1.0
1.0
1.0
1.0
1.0
1.0
1.0
1.0
1.0
1.0
1.0
1.0
1.0
1.0
1.0
1.0
1.0
1.0
1.0
1.0
1.0
1.0
1.0
1.0
1.0
1.0
1.0
1.0
1.0
1.0
1.0
1.0
1.0
1.0
1.0
0.8088888888888889
0.8088888888888889
0.8088888888888889
0.8088888888888889
0.8088888888888889
0.8088888888888889
0.8088888888888889
0.8177777777777778
0.8177777777777778
0.8177777777777778
0.8177777777777778
0.8177777777777778
0.8666666666666667
0.8666666666666667
0.8666666666666667
0.8666666666666667
0.8666666666666667
0.8666666666666667
0.7244897959183674
0.7244897959183674
0.7244897959183674
0.7244897959183674
0.7244897959183674
0.7244897959183674
0.7244897959183674
0.7244897959183674
0.7244897959183674
0.7244897959183674
0.7244897959183674
0.6761904761904762
0.6761904761904762
0.6666666666666666
0.6666666666666666
0.6666666666666666
0.6666666666666666
0.6666666666666666
0.42323651452282157
0.42323651452282157
0.4149377593360996
0.4149377593360996
0.4149377593360996
0.4149377593360996
0.4149377593360996
0.4149377593360996
0.3953488372093023
0.3953488372093023
0.42323651452282157
0.42323651452282157
0.4496124031007752
0.42028985507246375
0.42028985507246375
0.42028985507246375
0.42028985507246375
0.3869047619047619
0.4583333333333333
0.4583333333333333
0.4583333333333333
0.37988826815642457
0.39880952380952384
0.39880952380952384
0.34074074074074073
0.34074074074074073
0.3674540682414698
0.3674540682414698
0.4301675977653631
0.4301675977653631
0.4199475065616798
0.39106145251396646
0.39106145251396646
0.39106145251396646
0.39106145251396646
0.3779527559055118
0.3779527559055118
0.34074074074074073
0.34074074074074073
0.3779527559055118
0.3779527559055118
0.3779527559055118
0.3779527559055118
0.3160493827160494
0.33070866141732286
0.3575418994413408
0.3209302325581395
1.0
1.0
1.0
1.0
1.0
1.0
1.0
1.0
1.0
1.0
1.0
1.0
1.0
1.0
1.0
1.0
1.0
1.0
1.0
1.0
1.0
1.0
1.0
1.0
1.0
1.0
1.0
1.0
1.0
1.0
1.0
1.0
1.0
1.0
1.0
1.0
1.0
1.0
1.0
1.0
1.0
1.0
1.0
1.0
1.0
1.0
1.0
1.0
1.0
1.0
1.0
1.0
1.0
1.0
1.0
1.0
1.0
1.0
1.0
1.0
1.0
1.0
0.8666666666666667
0.8666666666666667
0.8666666666666667
0.8666666666666667
0.8666666666666667
0.8666666666666667
0.8666666666666667
0.8666666666666667
0.8666666666666667
0.8666666666666667
0.8666666666666667
0.8666666666666667
0.8666666666666667
0.8666666666666667
0.8666666666666667
0.8666666666666667
0.8666666666666667
0.8666666666666667
0.8666666666666667
0.8666666666666667
0.8666666666666667
0.8666666666666667
0.8666666666666667
0.8666666666666667
0.8666666666666667
0.8666666666666667
0.8666666666666667
0.8666666666666667
0.8666666666666667
0.8666666666666667
0.8666666666666667
0.8666666666666667
0.8533333333333334
0.8533333333333334
0.8533333333333334
0.8533333333333334
0.8533333333333334
1.0
1.0
1.0
1.0
1.0
1.0
1.0
1.0
1.0
1.0
1.0
1.0
1.0
1.0
1.0
1.0
0.8622222222222222
0.8622222222222222
0.8622222222222222
0.8095238095238095
0.8095238095238095
0.8095238095238095
0.8095238095238095
0.8095238095238095
0.8095238095238095
0.7555555555555555
0.6307053941908713
0.6307053941908713
0.6434108527131783
0.6304347826086957
0.6304347826086957
0.535593220338983
0.535593220338983
0.572463768115942
0.572463768115942
0.535593220338983
0.535593220338983
0.4692737430167598
0.4692737430167598
0.4692737430167598
0.4409448818897638
0.4409448818897638
0.4022346368715084
0.4022346368715084
0.3854748603351955
0.35170603674540685
0.2782152230971129
0.2887139107611549
0.24691358024691357
0.24691358024691357
0.2186046511627907
0.2186046511627907
0.2186046511627907
0.2186046511627907
0.16744186046511628
0.14473684210526316
0.13664596273291926
0.13307240704500978
0.13307240704500978
0.13307240704500978
0.14074074074074075
0.14074074074074075
0.14074074074074075
0.1263823064770932
0.1263823064770932
0.13213213213213212
0.13142857142857142
0.1251700680272109
0.13142857142857142
0.13813813813813813
0.13142857142857142
0.11411411411411411
0.13142857142857142
0.12789115646258503
0.1219195849546044
0.12623762376237624
0.12056737588652482
0.1152542372881356
0.1111111111111111
0.09929078014184398
0.09491525423728814
0.11977401129943503
0.11299435028248588
0.1152542372881356
0.10810810810810811
0.10351966873706005
0.10351966873706005
0.10317460317460317
0.10317460317460317
0.10317460317460317
0.10144927536231885
0.10162162162162162
0.09730848861283643
0.09937888198757763
0.09937888198757763
0.09109730848861283
0.09109730848861283
0.09109730848861283
0.08902691511387163
0.08531746031746032
0.08531746031746032
