0.0975609756097561
0.0975609756097561
0.04
0.0
0.0
0.0
0.0
0.0
0.0
0.02843601895734597
0.02843601895734597
0.045871559633027525
0.045871559633027525
0.035398230088495575
0.035398230088495575
0.035398230088495575
0.06808510638297872
0.07346938775510205
0.07346938775510205
0.03404255319148936
0.04081632653061224
0.0653061224489796
0.059574468085106386
0.059574468085106386
0.00816326530612245
0.0163265306122449
0.015625
0.046875
0.046875
0.1640625
0.1640625
0.1640625
0.1640625
0.1640625
0.1791044776119403
0.1328125
0.1328125
0.13432835820895522
0.13432835820895522
0.13432835820895522
0.125
0.125
0.125
0.125
0.1306122448979592
0.199288256227758
0.2206405693950178
0.2206405693950178
0.23728813559322035
0.23323615160349853
0.23323615160349853
0.23323615160349853
0.23822714681440443
0.23684210526315788
0.24736842105263157
0.24736842105263157
0.24736842105263157
0.21670428893905191
0.21670428893905191
0.24830699774266365
0.2660332541567696
0.2660332541567696
0.285
0.265
0.22802850356294538
0.235
0.235
0.235
0.235
0.22
0.22
0.21852731591448932
0.21852731591448932
0.21
0.175
0.20902612826603326
0.20902612826603326
0.20902612826603326
0.20902612826603326
0.20902612826603326
0.1986455981941309
0.30248306997742663
0.30248306997742663
0.3115124153498871
0.31759656652360513
0.3295711060948081
0.32505643340857787
0.32505643340857787
0.32505643340857787
0.2918454935622318
0.3431151241534989
0.36104513064133015
0.375
0.3736842105263158
0.3767313019390582
0.3767313019390582
0.3767313019390582
0.4421052631578947
0.42
0.39
0.39
0.4421052631578947
0.4368421052631579
0.44
0.44
0.43157894736842106
0.45
0.45
0.49473684210526314
0.4709141274238227
0.4265927977839335
0.4265927977839335
0.5207756232686981
0.5207756232686981
0.5263157894736842
0.5263157894736842
0.5263157894736842
0.5096952908587258
0.5096952908587258
0.4368421052631579
0.4368421052631579
0.425
0.425
0.39
0.39
0.39
0.39
0.37054631828978624
0.36104513064133015
0.2528216704288939
0.2528216704288939
0.2528216704288939
0.2528216704288939
0.23024830699774265
0.26609442060085836
0.2571428571428571
0.27184466019417475
0.27184466019417475
0.27184466019417475
0.27726432532347506
0.27726432532347506
0.27726432532347506
0.2676056338028169
0.2684563758389262
0.2746478873239437
0.2785234899328859
0.2624
0.2624
0.2848
0.2687022900763359
0.2624
0.24732824427480915
0.2478134110787172
0.250381679389313
0.250381679389313
0.2564885496183206
0.250381679389313
0.24489795918367346
0.239067055393586
0.2534351145038168
0.26239067055393583
0.26239067055393583
0.26822157434402333
0.26822157434402333
0.27019498607242337
0.27113702623906705
0.3469387755102041
0.3145038167938931
0.3053435114503817
0.30612244897959184
0.30612244897959184
0.30919220055710306
0.2982689747003995
0.2878980891719745
0.2878980891719745
0.28292682926829266
0.2980891719745223
0.2804878048780488
0.26635514018691586
0.26635514018691586
0.26635514018691586
0.26635514018691586
0.2804878048780488
0.2804878048780488
0.2827102803738318
0.270996640537514
0.26423200859291085
0.270996640537514
0.270996640537514
0.2687569988801792
0.2687569988801792
0.270996640537514
0.270996640537514
0.270996640537514
0.270996640537514
0.270996640537514
0.270996640537514
0.2616822429906542
0.2616822429906542
0.25934579439252337
0.25609756097560976
0.505
0.505
0.475
0.39914163090128757
0.42448979591836733
0.42448979591836733
0.44206008583690987
0.44206008583690987
0.4204081632653061
0.4334763948497854
0.4334763948497854
0.4334763948497854
0.4334763948497854
0.35918367346938773
0.39183673469387753
0.3877551020408163
0.3883495145631068
0.3883495145631068
0.3469387755102041
0.351931330472103
0.3469387755102041
0.3469387755102041
0.3380281690140845
0.3512014787430684
0.34507042253521125
0.35489833641404805
0.35489833641404805
0.35489833641404805
0.37281553398058254
0.37281553398058254
0.37281553398058254
0.37551020408163266
0.37551020408163266
0.3650485436893204
0.39223300970873787
0.39223300970873787
0.39223300970873787
0.39223300970873787
0.39223300970873787
0.36229205175600737
0.3204225352112676
0.3204225352112676
0.3512014787430684
0.3533980582524272
0.34011090573012936
0.34011090573012936
0.34011090573012936
0.3380281690140845
0.3380281690140845
0.32550335570469796
0.32550335570469796
0.3232
0.3232
0.3232
0.3232
0.3232
0.2961832061068702
0.27696793002915454
0.2618384401114206
0.2618384401114206
0.27405247813411077
0.2687022900763359
0.2594752186588921
0.25348189415041783
0.25348189415041783
0.1975609756097561
0.1975609756097561
0.1975609756097561
0.1975609756097561
0.1951219512195122
0.20382165605095542
0.20382165605095542
0.20636942675159237
0.21837549933422104
0.21837549933422104
0.21837549933422104
0.21837549933422104
0.21837549933422104
0.21837549933422104
0.2116991643454039
0.2116991643454039
0.18536585365853658
0.18691588785046728
0.1858902575587906
0.19036954087346025
0.19036954087346025
0.19548872180451127
0.18904403866809882
0.18144329896907216
0.18689581095596133
0.18689581095596133
0.19978517722878625
0.22986036519871106
0.21482277121374865
0.20618556701030927
0.20408163265306123
0.1881298992161254
0.2219626168224299
0.2219626168224299
0.2219626168224299
0.515
0.515
0.515
0.515
0.42755344418052255
0.46080760095011875
0.44243792325056436
0.4248927038626609
0.4248927038626609
0.4163265306122449
0.4077669902912621
0.3844731977818854
0.3844731977818854
0.3844731977818854
0.3659889094269871
0.3659889094269871
0.3659889094269871
0.32162661737523107
0.3204225352112676
0.3204225352112676
0.31543624161073824
0.31543624161073824
0.2746478873239437
0.21830985915492956
0.21140939597315436
0.21140939597315436
0.24295774647887325
0.24295774647887325
0.24295774647887325
0.2348993288590604
0.2348993288590604
0.24295774647887325
0.24029574861367836
0.2852112676056338
0.28187919463087246
0.28169014084507044
0.28859060402684567
0.28859060402684567
0.2752
0.2752
0.2752
0.2752
0.25069637883008355
0.2653061224489796
0.2594752186588921
0.2594752186588921
0.23615160349854228
0.20891364902506965
0.22448979591836735
0.22157434402332363
0.19220055710306408
0.1894150417827298
0.1894150417827298
0.18375499334221038
0.17579617834394903
0.17579617834394903
0.17834394904458598
0.17834394904458598
0.18641810918774968
0.1732484076433121
0.17842876165113183
0.16511318242343542
0.19363057324840766
0.19363057324840766
0.17073170731707318
0.19363057324840766
0.20505992010652463
0.2116991643454039
0.2116991643454039
0.20772303595206393
0.1961783439490446
0.18536585365853658
0.1961783439490446
0.19363057324840766
0.18292682926829268
0.18292682926829268
0.1951219512195122
0.1951219512195122
0.18457943925233644
0.18141097424412095
0.18141097424412095
0.1791713325867861
0.1791713325867861
0.1791713325867861
0.1611170784103115
0.15876288659793814
0.15876288659793814
0.15876288659793814
0.1504950495049505
0.15257731958762888
0.16494845360824742
0.18045112781954886
0.18045112781954886
0.1731958762886598
0.1731958762886598
0.1670103092783505
0.16494845360824742
0.16756176154672395
0.1791713325867861
0.18141097424412095
0.5263157894736842
0.5263157894736842
0.5263157894736842
0.5210526315789473
0.5263157894736842
0.5263157894736842
0.5014577259475219
0.5014577259475219
0.48466257668711654
0.46647230320699706
0.5207756232686981
0.5207756232686981
0.5207756232686981
0.5
0.5041551246537396
0.5041551246537396
0.5041551246537396
0.4789473684210526
0.4789473684210526
0.4789473684210526
0.4789473684210526
0.4789473684210526
0.4789473684210526
0.49
0.49
0.49
0.49
0.485
0.4592274678111588
0.48758465011286684
0.48758465011286684
0.45605700712589076
0.4180522565320665
0.41330166270783847
0.40380047505938244
0.40380047505938244
0.3837471783295711
0.38626609442060084
0.3673469387755102
0.3673469387755102
0.36909871244635195
0.3792325056433409
0.3792325056433409
0.3648068669527897
0.3648068669527897
0.3648068669527897
0.4018058690744921
0.40380047505938244
0.355
0.32304038004750596
0.32505643340857787
0.34334763948497854
0.34334763948497854
0.34334763948497854
0.34334763948497854
0.34285714285714286
0.3020408163265306
0.27346938775510204
0.27346938775510204
0.26796116504854367
0.26796116504854367
0.26796116504854367
0.2587800369685767
0.2698706099815157
0.29225352112676056
0.2920517560073937
0.29577464788732394
0.29225352112676056
0.29225352112676056
0.3053691275167785
0.3053691275167785
0.28187919463087246
0.28187919463087246
0.28187919463087246
0.28187919463087246
0.28187919463087246
0.28187919463087246
0.25
0.25
0.2516778523489933
0.2516778523489933
0.2368
0.23825503355704697
0.2605633802816901
0.2605633802816901
0.2751677852348993
0.2751677852348993
0.2751677852348993
0.2751677852348993
0.2624
0.2395543175487465
0.24233983286908078
0.24766977363515313
0.24234354194407456
0.24234354194407456
0.22420382165605096
0.2097560975609756
0.205607476635514
0.2121951219512195
0.1985981308411215
0.5263157894736842
0.5263157894736842
0.5263157894736842
0.5263157894736842
0.5421052631578948
0.5421052631578948
0.5421052631578948
0.505
0.5083135391923991
0.5083135391923991
0.5558194774346793
0.5558194774346793
0.5558194774346793
0.5558194774346793
0.5558194774346793
0.5558194774346793
0.5558194774346793
0.5056433408577878
0.5056433408577878
0.5056433408577878
0.5107296137339056
0.5327313769751693
0.4592274678111588
0.4288939051918736
0.4288939051918736
0.4288939051918736
0.4513064133016627
0.4513064133016627
0.4513064133016627
0.4513064133016627
0.415
0.415
0.44
0.44
0.44
0.46080760095011875
0.46080760095011875
0.46080760095011875
0.46080760095011875
0.46080760095011875
0.44
0.4418052256532066
0.4750593824228028
0.4750593824228028
0.4750593824228028
0.4750593824228028
0.4750593824228028
0.4750593824228028
0.4750593824228028
0.4750593824228028
0.4750593824228028
0.4750593824228028
0.4750593824228028
0.4750593824228028
0.42437923250564336
0.4153498871331828
0.28893905191873587
0.27896995708154504
0.27896995708154504
0.27896995708154504
0.27896995708154504
0.2612244897959184
0.2612244897959184
0.24034334763948498
0.2532188841201717
0.2532188841201717
0.25508317929759705
0.25508317929759705
0.24295774647887325
0.23154362416107382
0.2348993288590604
0.2348993288590604
0.24295774647887325
0.24295774647887325
0.24295774647887325
0.2476894639556377
0.26019417475728157
0.26019417475728157
0.26019417475728157
0.2513863216266174
0.2605633802816901
0.2483221476510067
0.24
0.24
0.24
0.24
0.2368
0.2368
0.2368
0.2381679389312977
0.2381679389312977
0.22290076335877862
0.2198473282442748
0.2304
0.23154362416107382
0.23154362416107382
0.23154362416107382
0.22483221476510068
0.21830985915492956
0.21830985915492956
0.21830985915492956
0.5558194774346793
0.585
0.5700712589073634
0.5700712589073634
0.5700712589073634
0.510158013544018
0.45064377682403434
0.47346938775510206
0.5102040816326531
0.5102040816326531
0.4893203883495146
0.4893203883495146
0.4854368932038835
0.4854368932038835
0.5102040816326531
0.4970873786407767
0.4970873786407767
0.4970873786407767
0.4970873786407767
0.4893203883495146
0.4815533980582524
0.4815533980582524
0.4731977818853974
0.46601941747572817
0.46530612244897956
0.46530612244897956
0.45436893203883494
0.4122448979591837
0.3648068669527897
0.38826185101580135
0.38826185101580135
0.38826185101580135
0.3339805825242718
0.3224489795918367
0.33905579399141633
0.3306122448979592
0.3306122448979592
0.3106796116504854
0.3106796116504854
0.3106796116504854
0.3106796116504854
0.26247689463955637
0.26247689463955637
0.26247689463955637
0.26247689463955637
0.26247689463955637
0.26019417475728157
0.26019417475728157
0.2693877551020408
0.26407766990291265
0.2693877551020408
0.2693877551020408
0.2693877551020408
0.2832618025751073
0.2816326530612245
0.2832618025751073
0.2832618025751073
0.2816326530612245
0.2816326530612245
0.2857142857142857
0.296137339055794
0.296137339055794
0.2875536480686695
0.27755102040816326
0.27755102040816326
0.2563106796116505
0.2563106796116505
0.26247689463955637
0.26247689463955637
0.26247689463955637
0.27726432532347506
0.2676056338028169
0.2676056338028169
0.21830985915492956
0.21476510067114093
0.2112676056338028
0.23591549295774647
0.22887323943661972
0.22887323943661972
0.22818791946308725
0.2605633802816901
0.2605633802816901
0.15845070422535212
0.1476510067114094
0.14084507042253522
0.11267605633802817
0.11073825503355705
0.112
0.11297709923664122
0.11297709923664122
0.11078717201166181
0.10584958217270195
0.10119840213049268
0.10584958217270195
0.11078717201166181
0.10863509749303621
0.10495626822157435
0.10495626822157435
0.11370262390670553
0.10863509749303621
0.6033254156769596
0.6033254156769596
0.5688487584650113
0.5938242280285035
0.5938242280285035
0.582392776523702
0.5622317596566524
0.5622317596566524
0.5469387755102041
0.5665236051502146
0.5237020316027088
0.4650112866817156
0.4650112866817156
0.4650112866817156
0.4650112866817156
0.4650112866817156
0.44206008583690987
0.4326530612244898
0.41941747572815535
0.41941747572815535
0.4029574861367837
0.43253234750462105
0.4119718309859155
0.4084507042253521
0.4084507042253521
0.37919463087248323
0.3873239436619718
0.41035120147874304
0.41035120147874304
0.41035120147874304
0.43309859154929575
0.43309859154929575
0.43309859154929575
0.43309859154929575
0.436241610738255
0.416
0.416
0.39932885906040266
0.384
0.3847328244274809
0.3847328244274809
0.3847328244274809
0.3556851311953353
0.3816793893129771
0.36443148688046645
0.3788300835654596
0.35419440745672437
0.3398328690807799
0.3398328690807799
0.3498542274052478
0.33147632311977715
0.322237017310253
0.322237017310253
0.3057324840764331
0.3006369426751592
0.3006369426751592
0.2822902796271638
0.33022636484687085
0.36750998668442075
0.37047353760445684
0.36768802228412256
0.36768802228412256
0.3488681757656458
0.354140127388535
0.354140127388535
0.34146341463414637
0.3317757009345794
0.22620380739081747
0.22341568206229862
0.22268041237113403
0.22268041237113403
0.22268041237113403
0.22268041237113403
0.22061855670103092
0.21188118811881188
0.2
0.19213174748398903
0.18661971830985916
0.18135593220338983
0.18135593220338983
0.17966101694915254
0.17966101694915254
0.15084745762711865
0.1426056338028169
0.14788732394366197
0.14788732394366197
0.14612676056338028
0.14788732394366197
0.14788732394366197
0.1555352241537054
0.1555352241537054
0.16175071360608945
0.1598477640342531
0.16633663366336635
0.16633663366336635
0.16494845360824742
0.158968850698174
0.17185821697099893
0.16970998925886144
0.1761546723952739
0.6033254156769596
0.5643340857787811
0.5643340857787811
0.5643340857787811
0.5643340857787811
0.5643340857787811
0.51931330472103
0.51931330472103
0.5278969957081545
0.5150214592274678
0.5150214592274678
0.5150214592274678
0.5150214592274678
0.5150214592274678
0.5061224489795918
0.4854368932038835
0.5087378640776699
0.5387755102040817
0.5387755102040817
0.5493562231759657
0.5493562231759657
0.5510204081632653
0.5428571428571428
0.5428571428571428
0.5428571428571428
0.5428571428571428
0.5836734693877551
0.5918367346938775
0.5918367346938775
0.5918367346938775
0.5918367346938775
0.5918367346938775
0.5918367346938775
0.5918367346938775
0.5918367346938775
0.5793991416309013
0.5793991416309013
0.5793991416309013
0.5793991416309013
0.5510204081632653
0.512621359223301
0.512621359223301
0.5249537892791127
0.5249537892791127
0.5249537892791127
0.4964788732394366
0.4697986577181208
0.4697986577181208
0.4697986577181208
0.426056338028169
0.4510166358595194
0.4510166358595194
0.47766990291262135
0.4854368932038835
0.46990291262135925
0.36229205175600737
0.36229205175600737
0.36229205175600737
0.36229205175600737
0.36229205175600737
0.36229205175600737
0.36229205175600737
0.36229205175600737
0.36229205175600737
0.3456
0.3648
0.3624161073825503
0.3624161073825503
0.3456
0.3456
0.3456
0.3456
0.3456
0.3456
0.31755725190839695
0.31755725190839695
0.2915451895043732
0.2915451895043732
0.2915451895043732
0.2944606413994169
0.2944606413994169
0.2944606413994169
0.2924791086350975
0.2924791086350975
0.3177842565597668
0.3064066852367688
0.3064066852367688
0.2929427430093209
0.29526462395543174
0.29027962716378164
0.2394904458598726
0.23414634146341465
0.24203821656050956
0.2529960053262317
0.2529960053262317
0.3203342618384401
0.3203342618384401
0.2956058588548602
0.2956058588548602
0.3064066852367688
0.6033254156769596
0.6033254156769596
0.6033254156769596
0.63
0.5985748218527316
0.5985748218527316
0.5985748218527316
0.5985748218527316
0.5985748218527316
0.5985748218527316
0.5985748218527316
0.5985748218527316
0.5985748218527316
0.5985748218527316
0.5985748218527316
0.5688487584650113
0.5688487584650113
0.5688487584650113
0.5688487584650113
0.5321888412017167
0.5733634311512416
0.5733634311512416
0.592274678111588
0.6180257510729614
0.6180257510729614
0.5877551020408164
0.5708154506437768
0.5665236051502146
0.5665236051502146
0.5665236051502146
0.4658040665434381
0.4507042253521127
0.436241610738255
0.4261744966442953
0.4261744966442953
0.4261744966442953
0.4161073825503356
0.4161073825503356
0.4161073825503356
0.436241610738255
0.436241610738255
0.4256
0.4256
0.39083969465648855
0.39083969465648855
0.3848396501457726
0.3848396501457726
0.3848396501457726
0.38778625954198476
0.3872
0.3825503355704698
0.3926174496644295
0.397887323943662
0.397887323943662
0.41035120147874304
0.397887323943662
0.397887323943662
0.397887323943662
0.37707948243992606
0.4077669902912621
0.3364140480591497
0.3364140480591497
0.3339805825242718
0.32162661737523107
0.32162661737523107
0.31844660194174756
0.3512014787430684
0.3512014787430684
0.3512014787430684
0.33098591549295775
0.33271719038817005
0.3415492957746479
0.3415492957746479
0.3415492957746479
0.28859060402684567
0.28859060402684567
0.3485915492957746
0.3221476510067114
0.3008
0.28396946564885495
0.27405247813411077
0.27019498607242337
0.2583222370173103
0.26740947075208915
0.27163781624500666
0.28690807799442897
0.3032069970845481
0.3008356545961003
0.30362116991643456
0.3206997084548105
0.3177842565597668
0.30362116991643456
0.30362116991643456
0.30362116991643456
0.30362116991643456
0.31486880466472306
0.31486880466472306
0.298050139275766
0.2822902796271638
0.28495339547270304
0.63
0.63
0.63
0.63
0.63
0.58
0.5368171021377672
0.5368171021377672
0.5130641330166271
0.5130641330166271
0.5130641330166271
0.5020408163265306
0.4775510204081633
0.4775510204081633
0.4775510204081633
0.4775510204081633
0.4326530612244898
0.4592274678111588
0.4592274678111588
0.4592274678111588
0.5146726862302483
0.5415676959619953
0.5795724465558195
0.5795724465558195
0.5795724465558195
0.5795724465558195
0.5795724465558195
0.5282167042889391
0.44243792325056436
0.41201716738197425
0.41201716738197425
0.37551020408163266
0.37551020408163266
0.37551020408163266
0.37551020408163266
0.30612244897959184
0.30612244897959184
0.3090128755364807
0.30612244897959184
0.30612244897959184
0.30612244897959184
0.3346938775510204
0.31759656652360513
0.2897959183673469
0.2897959183673469
0.283495145631068
0.30612244897959184
0.30612244897959184
0.30612244897959184
0.283495145631068
0.2912621359223301
0.2698706099815157
0.2640845070422535
0.2640845070422535
0.25
0.25
0.23154362416107382
0.24496644295302014
0.2496
0.2496
0.2496
0.2496
0.2516778523489933
0.2640845070422535
0.28523489932885904
0.2848
0.2687022900763359
0.2624
0.24
0.24
0.24
0.24122137404580152
0.24122137404580152
0.239067055393586
0.23119777158774374
0.2200557103064067
0.21571238348868177
0.2396804260985353
0.21910828025477708
0.2396804260985353
0.23169107856191745
0.23694267515923567
0.22682926829268293
0.22897196261682243
0.23292273236282196
0.23292273236282196
0.2127659574468085
0.2127659574468085
0.2127659574468085
0.21728971962616822
0.21728971962616822
0.22439024390243903
0.23439490445859873
0.22439024390243903
0.22439024390243903
0.15853658536585366
0.1542056074766355
0.15005599104143338
0.14178302900107412
0.13533834586466165
0.1288936627282492
0.63
0.63
0.63
0.63
0.63
0.63
0.63
0.63
0.63
0.63
0.63
0.63
0.63
0.6128266033254157
0.6128266033254157
0.6128266033254157
0.6128266033254157
0.6128266033254157
0.5733634311512416
0.5733634311512416
0.5493562231759657
0.5493562231759657
0.4816326530612245
0.46990291262135925
0.46990291262135925
0.45714285714285713
0.45714285714285713
0.44271844660194176
0.44271844660194176
0.4448979591836735
0.4448979591836735
0.4388349514563107
0.4388349514563107
0.42513863216266173
0.42513863216266173
0.43253234750462105
0.43253234750462105
0.43253234750462105
0.43253234750462105
0.43253234750462105
0.43253234750462105
0.45436893203883494
0.41404805914972276
0.3908450704225352
0.4161073825503356
0.4161073825503356
0.4161073825503356
0.40939597315436244
0.34563758389261745
0.34563758389261745
0.336
0.31755725190839695
0.304
0.26174496644295303
0.2688
0.256
0.256
0.24427480916030533
0.24427480916030533
0.24732824427480915
0.24732824427480915
0.24732824427480915
0.24732824427480915
0.26259541984732826
0.20699708454810495
0.1977715877437326
0.17317073170731706
0.17317073170731706
0.17804878048780487
0.1658878504672897
0.13658536585365855
0.13658536585365855
0.13658536585365855
0.13170731707317074
0.13414634146341464
0.13414634146341464
0.14146341463414633
0.14146341463414633
0.13551401869158877
0.14146341463414633
0.15609756097560976
0.14953271028037382
0.14109742441209405
0.13748657357679914
0.13195876288659794
0.13663366336633664
0.142721217887726
0.14272644098810613
0.13204225352112675
0.1288135593220339
0.1288135593220339
0.09661016949152543
0.10035211267605634
0.10795974382433669
0.1073943661971831
0.09661016949152543
0.1110204081632653
0.11014948859166011
0.1062215477996965
0.10102489019033675
0.63
0.63
0.63
0.63
0.63
0.63
0.67
0.67
0.5736842105263158
0.5736842105263158
0.5736842105263158
0.52
0.5083135391923991
0.5083135391923991
0.5083135391923991
0.5056433408577878
0.4721030042918455
0.4489795918367347
0.4014084507042254
0.40492957746478875
0.40492957746478875
0.40492957746478875
0.45422535211267606
0.45422535211267606
0.45422535211267606
0.45422535211267606
0.45422535211267606
0.45422535211267606
0.426056338028169
0.40268456375838924
0.40268456375838924
0.40268456375838924
0.40268456375838924
0.40492957746478875
0.42513863216266173
0.4014084507042254
0.3859060402684564
0.4
0.36335877862595417
0.3603053435114504
0.34402332361516036
0.3294460641399417
0.366412213740458
0.4183206106870229
0.3968
0.3968
0.368
0.32061068702290074
0.31755725190839695
0.30029154518950435
0.28969359331476324
0.22284122562674094
0.23323615160349853
0.23323615160349853
0.23323615160349853
0.2116991643454039
0.2116991643454039
0.2116991643454039
0.21574344023323616
0.22448979591836735
0.21282798833819241
0.21374045801526717
0.21374045801526717
0.21574344023323616
0.22595419847328244
0.22595419847328244
0.22157434402332363
0.2116991643454039
0.21448467966573817
0.12534818941504178
0.13119533527696792
0.13649025069637882
0.13170731707317074
0.13170731707317074
0.13170731707317074
0.12383177570093458
0.12195121951219512
0.12149532710280374
0.10514018691588785
0.10046728971962617
0.10046728971962617
0.09182530795072788
0.09452201933404941
0.09452201933404941
0.09237379162191192
0.09854423292273236
0.10526315789473684
0.10103092783505155
0.1134020618556701
0.10891089108910891
0.10515463917525773
0.08316831683168317
0.08753568030447194
0.08600182982616651
0.08450704225352113
0.051056338028169015
0.051056338028169015
0.05664830841856806
0.05664830841856806
0.05311077389984825
0.7
0.7
0.7
0.6365795724465558
0.6365795724465558
0.6365795724465558
0.57
0.57
0.5947368421052631
0.5947368421052631
0.5947368421052631
0.6038781163434903
0.5526315789473685
0.5526315789473685
0.555
0.555
0.555
0.5526315789473685
0.5526315789473685
0.5526315789473685
0.5207756232686981
0.5207756232686981
0.565597667638484
0.48466257668711654
0.48466257668711654
0.48466257668711654
0.48466257668711654
0.4897959183673469
0.4897959183673469
0.5484764542936288
0.5484764542936288
0.5484764542936288
0.5510688836104513
0.5510688836104513
0.54627539503386
0.5558194774346793
0.5558194774346793
0.5415676959619953
0.5415676959619953
0.5415676959619953
0.535
0.535
0.4750593824228028
0.47404063205417607
0.4721030042918455
0.4721030042918455
0.47639484978540775
0.47639484978540775
0.47639484978540775
0.47639484978540775
0.47639484978540775
0.47639484978540775
0.47639484978540775
0.4966139954853273
0.4966139954853273
0.4678111587982833
0.4291845493562232
0.43340857787810383
0.42437923250564336
0.42437923250564336
0.4288939051918736
0.4288939051918736
0.4334763948497854
0.4334763948497854
0.39926062846580407
0.3955637707948244
0.3955637707948244
0.3955637707948244
0.39186691312384475
0.3626760563380282
0.37583892617449666
0.3552
0.3419847328244275
0.3419847328244275
0.3556851311953353
0.35276967930029157
0.35276967930029157
0.33819241982507287
0.3419847328244275
0.3419847328244275
0.3419847328244275
0.3419847328244275
0.3032069970845481
0.3008356545961003
0.2929427430093209
0.3203342618384401
0.3147632311977716
0.3147632311977716
0.3323615160349854
0.3323615160349854
0.3323615160349854
0.3323615160349854
0.3511450381679389
0.3603053435114504
0.36151603498542273
0.36151603498542273
0.36151603498542273
0.36151603498542273
0.36151603498542273
0.36151603498542273
0.7
0.7
0.7
0.7
0.7
0.7
0.6368421052631579
0.6368421052631579
0.6368421052631579
0.6368421052631579
0.6368421052631579
0.58
0.58
0.5631578947368421
0.5631578947368421
0.5983379501385041
0.5983379501385041
0.5983379501385041
0.5983379501385041
0.5983379501385041
0.6592797783933518
0.6592797783933518
0.6592797783933518
0.6592797783933518
0.6526315789473685
0.575
0.575
0.575
0.575
0.6526315789473685
0.6526315789473685
0.6526315789473685
0.6592797783933518
0.6592797783933518
0.6592797783933518
0.6592797783933518
0.6592797783933518
0.6592797783933518
0.6526315789473685
0.6526315789473685
0.6526315789473685
0.6592797783933518
0.6592797783933518
0.6592797783933518
0.6526315789473685
0.6526315789473685
0.6526315789473685
0.6052631578947368
0.6052631578947368
0.6052631578947368
0.6052631578947368
0.6052631578947368
0.6052631578947368
0.5526315789473685
0.5526315789473685
0.5526315789473685
0.5526315789473685
0.5526315789473685
0.5526315789473685
0.5526315789473685
0.5526315789473685
0.5526315789473685
0.5105263157894737
0.455
0.455
0.5105263157894737
0.5105263157894737
0.5157894736842106
0.5207756232686981
0.5207756232686981
0.5207756232686981
0.5207756232686981
0.5207756232686981
0.481994459833795
0.481994459833795
0.38421052631578945
0.38421052631578945
0.38421052631578945
0.38421052631578945
0.38421052631578945
0.38421052631578945
0.38421052631578945
0.40443213296398894
0.4155124653739612
0.33157894736842103
0.33157894736842103
0.3368421052631579
0.335
0.335
0.335
0.3368421052631579
0.3368421052631579
0.3368421052631579
0.36
0.36
0.35789473684210527
0.35789473684210527
0.35789473684210527
0.2736842105263158
0.2736842105263158
0.7
0.67
0.67
0.67
0.67
0.6508313539192399
0.6508313539192399
0.6508313539192399
0.6508313539192399
0.6508313539192399
0.6508313539192399
0.5553047404063205
0.5364806866952789
0.5364806866952789
0.5507900677200903
0.503562945368171
0.575
0.575
0.575
0.5579399141630901
0.5914221218961625
0.5372460496613995
0.5372460496613995
0.5372460496613995
0.4978540772532189
0.5372460496613995
0.5372460496613995
0.48931116389548696
0.49209932279909707
0.37054631828978624
0.4
0.4
0.4
0.4473684210526316
0.4473684210526316
0.4473684210526316
0.4473684210526316
0.4376731301939058
0.43157894736842106
0.4376731301939058
0.3473684210526316
0.35
0.35
0.35
0.3087885985748218
0.3087885985748218
0.3087885985748218
0.3182897862232779
0.3182897862232779
0.3182897862232779
0.35
0.35
0.32105263157894737
0.35
0.34210526315789475
0.34210526315789475
0.3545706371191136
0.3545706371191136
0.3526315789473684
0.3526315789473684
0.3526315789473684
0.3526315789473684
0.3526315789473684
0.3526315789473684
0.3526315789473684
0.33
0.315
0.3087885985748218
0.31353919239904987
0.31353919239904987
0.28028503562945367
0.28028503562945367
0.28028503562945367
0.285
0.285
0.3105263157894737
0.195
0.195
0.19477434679334918
0.19477434679334918
0.18510158013544017
0.18527315914489312
0.18527315914489312
0.18527315914489312
0.18527315914489312
0.18058690744920994
0.18058690744920994
0.18510158013544017
0.18510158013544017
0.18510158013544017
0.171021377672209
0.16152019002375298
0.11401425178147269
0.1377672209026128
0.1377672209026128
0.12641083521444696
0.11587982832618025
0.11587982832618025
0.09012875536480687
0.11020408163265306
0.11262135922330097
0.6745843230403801
0.6745843230403801
0.6745843230403801
0.6745843230403801
0.6745843230403801
0.582392776523702
0.582392776523702
0.582392776523702
0.582392776523702
0.5493562231759657
0.5278969957081545
0.5278969957081545
0.5321888412017167
0.5327313769751693
0.5327313769751693
0.5107296137339056
0.5107296137339056
0.46210720887245843
0.45048543689320386
0.4857142857142857
0.4857142857142857
0.46601941747572817
0.46601941747572817
0.4214417744916821
0.4214417744916821
0.4066543438077634
0.4066543438077634
0.4066543438077634
0.3650485436893204
0.3512014787430684
0.36968576709796674
0.36968576709796674
0.36968576709796674
0.36968576709796674
0.35489833641404805
0.341747572815534
0.341747572815534
0.341747572815534
0.3290203327171904
0.3290203327171904
0.3204225352112676
0.3204225352112676
0.3204225352112676
0.3204225352112676
0.2953020134228188
0.2953020134228188
0.3204225352112676
0.28859060402684567
0.28859060402684567
0.2784
0.28859060402684567
0.29577464788732394
0.29577464788732394
0.29577464788732394
0.29577464788732394
0.29577464788732394
0.29577464788732394
0.3028169014084507
0.3028169014084507
0.3028169014084507
0.33271719038817005
0.33271719038817005
0.33271719038817005
0.3533980582524272
0.3533980582524272
0.3533980582524272
0.3533980582524272
0.3364140480591497
0.3364140480591497
0.33098591549295775
0.33098591549295775
0.31543624161073824
0.31543624161073824
0.31543624161073824
0.323943661971831
0.32550335570469796
0.3415492957746479
0.3087248322147651
0.3087248322147651
0.3087248322147651
0.3204225352112676
0.3204225352112676
0.30201342281879195
0.31690140845070425
0.31690140845070425
0.3364140480591497
0.3364140480591497
0.3364140480591497
0.3572815533980582
0.3572815533980582
0.3572815533980582
0.3572815533980582
0.3572815533980582
0.33271719038817005
0.31690140845070425
0.3053691275167785
0.3053691275167785
0.2976
0.29194630872483224
0.3028169014084507
0.7
0.7
0.7
0.7
0.7
0.7
0.7
0.7
0.7
0.7
0.7
0.7
0.7
0.7
0.7
0.7
0.6888361045130641
0.6888361045130641
0.6888361045130641
0.6888361045130641
0.6888361045130641
0.63
0.63
0.63
0.63
0.63
0.63
0.63
0.5421052631578948
0.5318559556786704
0.5473684210526316
0.47
0.44655581947743467
0.425
0.3684210526315789
0.37
0.37
0.37
0.37
0.37
0.36104513064133015
0.4018058690744921
0.4018058690744921
0.3948497854077253
0.3948497854077253
0.39183673469387753
0.39183673469387753
0.39183673469387753
0.36909871244635195
0.363265306122449
0.31844660194174756
0.34750462107208874
0.34750462107208874
0.3028169014084507
0.34750462107208874
0.3611650485436893
0.3611650485436893
0.3611650485436893
0.4116504854368932
0.41941747572815535
0.3106796116504854
0.3106796116504854
0.3142857142857143
0.3142857142857143
0.3142857142857143
0.30472103004291845
0.30472103004291845
0.32505643340857787
0.32505643340857787
0.33729216152019004
0.3346938775510204
0.3346938775510204
0.32653061224489793
0.32653061224489793
0.32653061224489793
0.341747572815534
0.3533980582524272
0.3533980582524272
0.3533980582524272
0.3533980582524272
0.3533980582524272
0.34750462107208874
0.34750462107208874
0.36619718309859156
0.37707948243992606
0.37707948243992606
0.34750462107208874
0.341747572815534
0.341747572815534
0.341747572815534
0.3438077634011091
0.3438077634011091
0.35563380281690143
0.3659889094269871
0.2887323943661972
0.29225352112676056
0.28523489932885904
0.28523489932885904
0.28523489932885904
0.2816
0.7
0.7
0.7
0.7
0.6365795724465558
0.7
0.7
0.7
0.7
0.7052631578947368
0.7052631578947368
0.665
0.665
0.665
0.665
0.665
0.665
0.665
0.665
0.6413301662707839
0.6413301662707839
0.6413301662707839
0.6413301662707839
0.665
0.665
0.665
0.665
0.665
0.665
0.665
0.665
0.665
0.6508313539192399
0.6508313539192399
0.5733634311512416
0.5733634311512416
0.5733634311512416
0.600451467268623
0.5793991416309013
0.5793991416309013
0.5510204081632653
0.5510204081632653
0.5510204081632653
0.5510204081632653
0.5510204081632653
0.5510204081632653
0.5510204081632653
0.5510204081632653
0.5510204081632653
0.5510204081632653
0.5020408163265306
0.5020408163265306
0.47639484978540775
0.47639484978540775
0.43673469387755104
0.39611650485436894
0.39611650485436894
0.39611650485436894
0.39611650485436894
0.39611650485436894
0.3659889094269871
0.3844660194174757
0.39611650485436894
0.39611650485436894
0.39223300970873787
0.39223300970873787
0.37707948243992606
0.3485915492957746
0.3087248322147651
0.2976
0.26259541984732826
0.2534351145038168
0.2564885496183206
0.20772303595206393
0.20772303595206393
0.19872611464968154
0.22165605095541402
0.22165605095541402
0.22636484687083888
0.23439490445859873
0.267515923566879
0.23658536585365852
0.26097560975609757
0.24203821656050956
0.2318471337579618
0.22929936305732485
0.25121951219512195
0.25121951219512195
0.2546728971962617
0.24412094064949608
0.24412094064949608
0.24412094064949608
0.24412094064949608
0.201980198019802
0.201980198019802
0.20618556701030927
0.22061855670103092
0.22061855670103092
0.21957913998170173
0.24885635864592864
0.7052631578947368
0.7052631578947368
0.7052631578947368
0.7052631578947368
0.7052631578947368
0.7052631578947368
0.7052631578947368
0.7052631578947368
0.7052631578947368
0.7052631578947368
0.7052631578947368
0.7052631578947368
0.7052631578947368
0.7052631578947368
0.7052631578947368
0.7052631578947368
0.7052631578947368
0.7052631578947368
0.7052631578947368
0.67
0.67
0.67
0.67
0.67
0.67
0.67
0.6318289786223278
0.6318289786223278
0.6318289786223278
0.6318289786223278
0.6318289786223278
0.575
0.575
0.575
0.575
0.575
0.575
0.575
0.575
0.49473684210526314
0.49473684210526314
0.49473684210526314
0.49473684210526314
0.495
0.5210526315789473
0.3736842105263158
0.3736842105263158
0.3736842105263158
0.3736842105263158
0.32105263157894737
0.315
0.305
0.305
0.25653206650831356
0.25653206650831356
0.25653206650831356
0.26128266033254155
0.26636568848758463
0.24892703862660945
0.24897959183673468
0.24897959183673468
0.24897959183673468
0.24897959183673468
0.24897959183673468
0.21359223300970873
0.21811460258780038
0.21072088724584104
0.21072088724584104
0.21072088724584104
0.1936619718309859
0.21068702290076335
0.21068702290076335
0.21068702290076335
0.2272
0.22483221476510068
0.23591549295774647
0.23591549295774647
0.22483221476510068
0.1952
0.1952
0.1912751677852349
0.15492957746478872
0.15492957746478872
0.15492957746478872
0.15436241610738255
0.15436241610738255
0.1536
0.1632
0.1632
0.15771812080536912
0.1610738255033557
0.1504
0.1504
0.1504
0.1248
0.1282442748091603
0.13994169096209913
0.16434540389972144
0.15712383488681758
0.14647137150466044
0.7052631578947368
0.7052631578947368
0.7052631578947368
0.63
0.63
0.63
0.63
0.63
0.63
0.7052631578947368
0.7052631578947368
0.7052631578947368
0.7052631578947368
0.7052631578947368
0.7052631578947368
0.7052631578947368
0.7052631578947368
0.7052631578947368
0.7052631578947368
0.7052631578947368
0.7052631578947368
0.7052631578947368
0.7052631578947368
0.7052631578947368
0.7052631578947368
0.7052631578947368
0.7052631578947368
0.635
0.635
0.5526315789473685
0.5526315789473685
0.5526315789473685
0.54
0.5526315789473685
0.5526315789473685
0.5526315789473685
0.635
0.5526315789473685
0.5507900677200903
0.5507900677200903
0.5507900677200903
0.5507900677200903
0.5507900677200903
0.5507900677200903
0.5507900677200903
0.5507900677200903
0.5665236051502146
0.5665236051502146
0.5665236051502146
0.5346938775510204
0.5346938775510204
0.5346938775510204
0.5346938775510204
0.5346938775510204
0.5346938775510204
0.5346938775510204
0.5346938775510204
0.5346938775510204
0.5346938775510204
0.5203883495145631
0.47346938775510206
0.47346938775510206
0.47346938775510206
0.47346938775510206
0.47346938775510206
0.47346938775510206
0.47346938775510206
0.47346938775510206
0.4489795918367347
0.48497854077253216
0.48497854077253216
0.45714285714285713
0.45714285714285713
0.45714285714285713
0.3905579399141631
0.37142857142857144
0.37142857142857144
0.37142857142857144
0.37281553398058254
0.37281553398058254
0.3469387755102041
0.35918367346938773
0.35918367346938773
0.34563106796116505
0.34563106796116505
0.34285714285714286
0.34763948497854075
0.34763948497854075
0.3346938775510204
0.3346938775510204
0.3346938775510204
0.3346938775510204
0.3300970873786408
0.3300970873786408
0.3183673469387755
0.33047210300429186
0.33047210300429186
0.3346938775510204
0.33877551020408164
0.3339805825242718
0.3339805825242718
0.7052631578947368
0.5263157894736842
0.5263157894736842
0.5368421052631579
0.54
0.5225653206650831
0.49209932279909707
0.49209932279909707
0.49209932279909707
0.49209932279909707
0.4650112866817156
0.48497854077253216
0.48497854077253216
0.48497854077253216
0.4892703862660944
0.4530612244897959
0.4530612244897959
0.5107296137339056
0.5107296137339056
0.4721030042918455
0.46952595936794583
0.47404063205417607
0.47404063205417607
0.4592274678111588
0.46122448979591835
0.48497854077253216
0.4785553047404063
0.4334763948497854
0.46952595936794583
0.4678111587982833
0.5107296137339056
0.5107296137339056
0.4436229205175601
0.4225352112676056
0.38778625954198476
0.38778625954198476
0.3969465648854962
0.37317784256559766
0.3649025069637883
0.31158455392809586
0.31158455392809586
0.3159235668789809
0.3159235668789809
0.31158455392809586
0.31158455392809586
0.29554140127388534
0.28536585365853656
0.28536585365853656
0.29906542056074764
0.3113101903695409
0.3113101903695409
0.3090705487122061
0.32009345794392524
0.32926829268292684
0.32009345794392524
0.3090705487122061
0.3090705487122061
0.3090705487122061
0.30011198208286677
0.30011198208286677
0.2933930571108623
0.2814178302900107
0.2956326987681971
0.2850467289719626
0.28738317757009346
0.28292682926829266
0.28292682926829266
0.2975609756097561
0.2850467289719626
0.2850467289719626
0.2850467289719626
0.2850467289719626
0.2850467289719626
0.28780487804878047
0.28780487804878047
0.2803738317757009
0.2687569988801792
0.2687569988801792
0.2687569988801792
0.2728249194414608
0.2866741321388578
0.2878625134264232
0.2878625134264232
0.2878625134264232
0.2878625134264232
0.2911534154535274
0.28356605800214824
0.2721649484536082
0.2706766917293233
0.2706766917293233
0.2706766917293233
0.2777155655095185
0.2757009345794392
0.28536585365853656
0.23598130841121495
0.23598130841121495
0.23292273236282196
0.23292273236282196
0.22126745435016112
0.21443298969072164
0.7052631578947368
0.7052631578947368
0.7052631578947368
0.7052631578947368
0.7052631578947368
0.7052631578947368
0.7052631578947368
0.7052631578947368
0.7052631578947368
0.7052631578947368
0.6368421052631579
0.6368421052631579
0.6368421052631579
0.6368421052631579
0.6368421052631579
0.6368421052631579
0.6368421052631579
0.6149584487534626
0.6149584487534626
0.6149584487534626
0.5789473684210527
0.5789473684210527
0.575
0.575
0.575
0.503562945368171
0.555
0.555
0.555
0.555
0.555
0.555
0.555
0.555
0.555
0.555
0.555
0.5526315789473685
0.55
0.55
0.55
0.55
0.55
0.55
0.49406175771971494
0.498812351543943
0.4845605700712589
0.4845605700712589
0.498812351543943
0.46
0.46
0.46
0.5
0.5
0.5
0.5
0.5
0.5
0.45263157894736844
0.43157894736842106
0.4487534626038781
0.46842105263157896
0.45263157894736844
0.45263157894736844
0.4709141274238227
0.4709141274238227
0.43157894736842106
0.4421052631578947
0.4421052631578947
0.46537396121883656
0.46537396121883656
0.46537396121883656
0.41578947368421054
0.41578947368421054
0.4
0.41578947368421054
0.45789473684210524
0.45789473684210524
0.45789473684210524
0.43213296398891965
0.43213296398891965
0.4265927977839335
0.4265927977839335
0.4265927977839335
0.4265927977839335
0.27146814404432135
0.26842105263157895
0.26842105263157895
0.26842105263157895
0.26842105263157895
0.26842105263157895
0.28254847645429365
0.28254847645429365
0.3
0.3
0.3
0.3
0.29
0.3
0.31024930747922436
0.7052631578947368
0.7052631578947368
0.7210526315789474
0.7210526315789474
0.7210526315789474
0.7210526315789474
0.6789473684210526
0.6814404432132964
0.6814404432132964
0.6814404432132964
0.6814404432132964
0.6814404432132964
0.6814404432132964
0.6736842105263158
0.6736842105263158
0.6736842105263158
0.6736842105263158
0.6736842105263158
0.6814404432132964
0.6814404432132964
0.6814404432132964
0.6814404432132964
0.6814404432132964
0.6814404432132964
0.6814404432132964
0.6814404432132964
0.6814404432132964
0.6736842105263158
0.6736842105263158
0.6736842105263158
0.625
0.625
0.625
0.625
0.625
0.5894736842105263
0.5894736842105263
0.545
0.48
0.4789473684210526
0.4789473684210526
0.4789473684210526
0.4789473684210526
0.4789473684210526
0.47368421052631576
0.47368421052631576
0.4842105263157895
0.4842105263157895
0.5429362880886427
0.5429362880886427
0.5429362880886427
0.5429362880886427
0.4839650145772595
0.4839650145772595
0.43731778425655976
0.43731778425655976
0.4723926380368098
0.5014577259475219
0.5014577259475219
0.4487534626038781
0.39473684210526316
0.4099722991689751
0.4606413994169096
0.4606413994169096
0.50920245398773
0.50920245398773
0.4956268221574344
0.4956268221574344
0.4897959183673469
0.4598337950138504
0.48947368421052634
0.48947368421052634
0.48947368421052634
0.48753462603878117
0.4631578947368421
0.44321329639889195
0.44321329639889195
0.44321329639889195
0.45605700712589076
0.505
0.505
0.485
0.485
0.49473684210526314
0.49473684210526314
0.5318559556786704
0.5318559556786704
0.5318559556786704
0.5318559556786704
0.5318559556786704
0.5318559556786704
0.5318559556786704
0.5318559556786704
0.45789473684210524
0.45789473684210524
0.425
0.4085510688836104
0.395
0.42105263157894735
0.44321329639889195
0.7210526315789474
0.7210526315789474
0.7210526315789474
0.7210526315789474
0.7210526315789474
0.7210526315789474
0.7210526315789474
0.7210526315789474
0.6814404432132964
0.6814404432132964
0.6814404432132964
0.6814404432132964
0.6814404432132964
0.6814404432132964
0.6157894736842106
0.6157894736842106
0.6814404432132964
0.6814404432132964
0.6814404432132964
0.6814404432132964
0.6814404432132964
0.6526315789473685
0.6526315789473685
0.6526315789473685
0.6526315789473685
0.6526315789473685
0.6526315789473685
0.6526315789473685
0.6526315789473685
0.5894736842105263
0.5894736842105263
0.5894736842105263
0.5894736842105263
0.5894736842105263
0.6
0.6
0.6
0.6
0.5278969957081545
0.49795918367346936
0.4816326530612245
0.4816326530612245
0.4816326530612245
0.47378640776699027
0.45436893203883494
0.4489795918367347
0.4489795918367347
0.43106796116504853
0.43106796116504853
0.43106796116504853
0.43106796116504853
0.43106796116504853
0.43106796116504853
0.43106796116504853
0.43106796116504853
0.43106796116504853
0.43106796116504853
0.41035120147874304
0.41035120147874304
0.42718446601941745
0.42718446601941745
0.4489795918367347
0.4489795918367347
0.4116504854368932
0.4204081632653061
0.4204081632653061
0.42330097087378643
0.4177449168207024
0.3883495145631068
0.3883495145631068
0.3883495145631068
0.37707948243992606
0.37707948243992606
0.37707948243992606
0.36893203883495146
0.36968576709796674
0.36619718309859156
0.3523489932885906
0.3498542274052478
0.3370473537604457
0.34402332361516036
0.34402332361516036
0.33147632311977715
0.3286908077994429
0.3370473537604457
0.3370473537604457
0.322237017310253
0.3342618384401114
0.3342618384401114
0.3342618384401114
0.3342618384401114
0.3169107856191744
0.3064066852367688
0.303595206391478
0.303595206391478
0.303595206391478
0.31197771587743733
0.303595206391478
0.28535031847133757
0.303595206391478
0.7210526315789474
0.7210526315789474
0.7210526315789474
0.7210526315789474
0.7
0.7
0.7
0.68
0.68
0.68
0.68
0.68
0.6368421052631579
0.6368421052631579
0.6481994459833795
0.6481994459833795
0.6473684210526316
0.6473684210526316
0.6473684210526316
0.6473684210526316
0.6473684210526316
0.6473684210526316
0.6473684210526316
0.6473684210526316
0.6473684210526316
0.6473684210526316
0.6473684210526316
0.6473684210526316
0.6473684210526316
0.6473684210526316
0.6263157894736842
0.6263157894736842
0.595
0.5789473684210527
0.5473684210526316
0.495
0.495
0.49406175771971494
0.49406175771971494
0.475
0.475
0.475
0.475
0.4513064133016627
0.405
0.405
0.4789473684210526
0.5041551246537396
0.47645429362880887
0.47645429362880887
0.39067055393586003
0.4099722991689751
0.4099722991689751
0.4099722991689751
0.39067055393586003
0.4487534626038781
0.35789473684210527
0.35789473684210527
0.35789473684210527
0.345
0.32779097387173395
0.32779097387173395
0.30248306997742663
0.30248306997742663
0.30248306997742663
0.2875536480686695
0.2875536480686695
0.2875536480686695
0.2875536480686695
0.2875536480686695
0.2979683972911964
0.2832618025751073
0.3218884120171674
0.2317596566523605
0.2317596566523605
0.24897959183673468
0.2532188841201717
0.24892703862660945
0.2571428571428571
0.2446601941747573
0.2255083179297597
0.2255083179297597
0.2255083179297597
0.21072088724584104
0.21072088724584104
0.20702402957486138
0.20702402957486138
0.1941747572815534
0.18853974121996303
0.18853974121996303
0.21072088724584104
0.2464
0.2464
0.23825503355704697
0.2368
0.2368
0.23511450381679388
0.23323615160349853
0.23511450381679388
0.24122137404580152
0.24122137404580152
0.7210526315789474
0.7210526315789474
0.7210526315789474
0.7210526315789474
0.715
0.715
0.715
0.715
0.715
0.715
0.715
0.715
0.715
0.715
0.715
0.7210526315789474
0.7210526315789474
0.7210526315789474
0.675
0.675
0.675
0.7210526315789474
0.745
0.745
0.745
0.745
0.745
0.745
0.71
0.71
0.71
0.71
0.71
0.71
0.71
0.7105263157894737
0.7105263157894737
0.6
0.6
0.6
0.5795724465558195
0.5795724465558195
0.5795724465558195
0.5795724465558195
0.5795724465558195
0.58
0.5510688836104513
0.58
0.58
0.58
0.58
0.58
0.58
0.58
0.58
0.58
0.49473684210526314
0.5011286681715575
0.517814726840855
0.5558194774346793
0.5558194774346793
0.5558194774346793
0.5558194774346793
0.5558194774346793
0.5558194774346793
0.5558194774346793
0.5282167042889391
0.5011286681715575
0.5011286681715575
0.49356223175965663
0.49356223175965663
0.49356223175965663
0.4448979591836735
0.4448979591836735
0.4225352112676056
0.4225352112676056
0.4399260628465804
0.45048543689320386
0.45048543689320386
0.44660194174757284
0.44660194174757284
0.46938775510204084
0.46938775510204084
0.44660194174757284
0.44660194174757284
0.4436229205175601
0.4471830985915493
0.4471830985915493
0.4471830985915493
0.4471830985915493
0.42953020134228187
0.42953020134228187
0.43288590604026844
0.43288590604026844
0.43288590604026844
0.4064
0.4032
0.3825503355704698
0.3724832214765101
0.3724832214765101
0.745
0.745
0.745
0.745
0.745
0.745
0.745
0.745
0.745
0.745
0.745
0.7030878859857482
0.7030878859857482
0.7030878859857482
0.7030878859857482
0.7030878859857482
0.6862302483069977
0.672686230248307
0.672686230248307
0.672686230248307
0.672686230248307
0.672686230248307
0.672686230248307
0.6888361045130641
0.618510158013544
0.5536480686695279
0.5469387755102041
0.5469387755102041
0.592274678111588
0.592274678111588
0.5914221218961625
0.582392776523702
0.582392776523702
0.582392776523702
0.582392776523702
0.5700712589073634
0.5700712589073634
0.5372460496613995
0.5372460496613995
0.5278969957081545
0.5493562231759657
0.5795918367346938
0.516504854368932
0.516504854368932
0.49795918367346936
0.49795918367346936
0.575107296137339
0.5579399141630901
0.5579399141630901
0.5579399141630901
0.5914221218961625
0.5836909871244635
0.5836909871244635
0.582392776523702
0.582392776523702
0.5890736342042755
0.5688487584650113
0.5450643776824035
0.5665236051502146
0.5665236051502146
0.5622317596566524
0.5914221218961625
0.5914221218961625
0.5914221218961625
0.5665236051502146
0.5665236051502146
0.5665236051502146
0.5665236051502146
0.5665236051502146
0.5665236051502146
0.5665236051502146
0.5665236051502146
0.5493562231759657
0.5493562231759657
0.5836734693877551
0.5836734693877551
0.5836734693877551
0.5836734693877551
0.4978540772532189
0.4978540772532189
0.4816326530612245
0.4816326530612245
0.4621359223300971
0.4621359223300971
0.4621359223300971
0.43622920517560076
0.458252427184466
0.45436893203883494
0.45436893203883494
0.4399260628465804
0.4399260628465804
0.4399260628465804
0.4399260628465804
0.4288354898336414
0.4154929577464789
0.4154929577464789
0.36577181208053694
0.3328
0.3168
0.34563758389261745
0.745
0.745
0.745
0.745
0.745
0.745
0.745
0.745
0.6745843230403801
0.745
0.6180257510729614
0.5224489795918368
0.4893203883495146
0.4893203883495146
0.4805914972273567
0.4805914972273567
0.4805914972273567
0.45774647887323944
0.45774647887323944
0.46210720887245843
0.46210720887245843
0.4399260628465804
0.4399260628465804
0.4084507042253521
0.3438077634011091
0.3438077634011091
0.34951456310679613
0.32532347504621073
0.31690140845070425
0.3145038167938931
0.3145038167938931
0.30029154518950435
0.30029154518950435
0.30029154518950435
0.32653061224489793
0.32653061224489793
0.32653061224489793
0.33527696793002915
0.3426183844011142
0.3426183844011142
0.2982689747003995
0.2878980891719745
0.275609756097561
0.28535031847133757
0.28535031847133757
0.28535031847133757
0.2956058588548602
0.2956058588548602
0.27163781624500666
0.25987261146496815
0.25987261146496815
0.24878048780487805
0.24878048780487805
0.22420382165605096
0.24634146341463414
0.29044585987261146
0.2802547770700637
0.2929427430093209
0.298050139275766
0.2796271637816245
0.2796271637816245
0.267515923566879
0.24878048780487805
0.24878048780487805
0.2624203821656051
0.25853658536585367
0.26097560975609757
0.26097560975609757
0.25934579439252337
0.25934579439252337
0.25083986562150057
0.23845327604726102
0.23845327604726102
0.27926960257787325
0.27926960257787325
0.2556701030927835
0.2536082474226804
0.24536082474226803
0.24536082474226803
0.23845327604726102
0.24489795918367346
0.24489795918367346
0.24412094064949608
0.2546728971962617
0.24636058230683092
0.2284434490481523
0.26651735722284436
0.23630504833512353
0.23630504833512353
0.23630504833512353
0.23917525773195877
0.2534908700322234
0.2534908700322234
0.25083986562150057
0.25083986562150057
0.23630504833512353
0.23630504833512353
0.20622986036519872
0.20622986036519872
0.1958762886597938
0.745
0.745
0.7030878859857482
0.7030878859857482
0.7030878859857482
0.68
0.68
0.6793349168646081
0.6793349168646081
0.6793349168646081
0.6793349168646081
0.6793349168646081
0.6793349168646081
0.6793349168646081
0.6793349168646081
0.6793349168646081
0.6793349168646081
0.6793349168646081
0.6094808126410836
0.6094808126410836
0.6094808126410836
0.6094808126410836
0.6094808126410836
0.6033254156769596
0.6033254156769596
0.6033254156769596
0.6033254156769596
0.6033254156769596
0.6033254156769596
0.6033254156769596
0.6033254156769596
0.6033254156769596
0.6033254156769596
0.6033254156769596
0.5959367945823928
0.5959367945823928
0.6033254156769596
0.6033254156769596
0.5688487584650113
0.5688487584650113
0.5450643776824035
0.5450643776824035
0.5450643776824035
0.5450643776824035
0.5450643776824035
0.5278969957081545
0.5278969957081545
0.5061224489795918
0.5061224489795918
0.4854368932038835
0.4854368932038835
0.4854368932038835
0.4436229205175601
0.4436229205175601
0.41901408450704225
0.41901408450704225
0.4399260628465804
0.3908450704225352
0.3624161073825503
0.3584
0.35419847328244275
0.3552
0.37583892617449666
0.3926174496644295
0.4261744966442953
0.4261744966442953
0.3808
0.3808
0.3808
0.3808
0.3808
0.32061068702290074
0.30903790087463556
0.31755725190839695
0.31755725190839695
0.2857142857142857
0.2857142857142857
0.2857142857142857
0.3053435114503817
0.3053435114503817
0.3104
0.3104
0.3083969465648855
0.2915451895043732
0.2961832061068702
0.2961832061068702
0.2961832061068702
0.2915451895043732
0.298050139275766
0.30362116991643456
0.2796271637816245
0.2663115845539281
0.2663115845539281
0.2624203821656051
0.2624203821656051
0.26496815286624203
0.25365853658536586
0.25609756097560976
0.2336448598130841
0.2284434490481523
0.745
0.745
0.745
0.745
0.725
0.655
0.645
0.645
0.645
0.631578947368421
0.6149584487534626
0.6149584487534626
0.6149584487534626
0.6149584487534626
0.6149584487534626
0.6149584487534626
0.6149584487534626
0.6149584487534626
0.6149584487534626
0.6149584487534626
0.6149584487534626
0.6149584487534626
0.6149584487534626
0.6149584487534626
0.6149584487534626
0.6149584487534626
0.6149584487534626
0.6149584487534626
0.6149584487534626
0.6149584487534626
0.6149584487534626
0.5795724465558195
0.595
0.595
0.595
0.595
0.595
0.595
0.6263157894736842
0.6263157894736842
0.6263157894736842
0.6263157894736842
0.6263157894736842
0.6263157894736842
0.6263157894736842
0.6263157894736842
0.6263157894736842
0.62
0.62
0.62
0.655
0.6473684210526316
0.6473684210526316
0.655
0.6473684210526316
0.6473684210526316
0.6473684210526316
0.6473684210526316
0.58
0.58
0.58
0.6473684210526316
0.6473684210526316
0.62
0.62
0.62
0.62
0.5321888412017167
0.5643340857787811
0.5643340857787811
0.4978540772532189
0.4978540772532189
0.4978540772532189
0.463519313304721
0.48306997742663654
0.5368171021377672
0.5417607223476298
0.5450643776824035
0.5450643776824035
0.5450643776824035
0.5450643776824035
0.5428571428571428
0.5428571428571428
0.5428571428571428
0.5387755102040817
0.5387755102040817
0.5387755102040817
0.5387755102040817
0.5510204081632653
0.5510204081632653
0.5510204081632653
0.5510204081632653
0.5107296137339056
0.5107296137339056
0.5107296137339056
0.5146726862302483
0.5146726862302483
0.5146726862302483
0.5146726862302483
0.48068669527896996
0.48068669527896996
0.745
0.7210526315789474
0.7210526315789474
0.7210526315789474
0.7
0.7
0.7
0.675
0.675
0.6051502145922747
0.6275395033860045
0.6275395033860045
0.6275395033860045
0.6275395033860045
0.5959367945823928
0.5959367945823928
0.5959367945823928
0.5836909871244635
0.5553047404063205
0.5553047404063205
0.5553047404063205
0.5553047404063205
0.5553047404063205
0.5107296137339056
0.5107296137339056
0.5107296137339056
0.35918367346938773
0.352112676056338
0.348993288590604
0.34563758389261745
0.3296
0.3296
0.3389261744966443
0.33557046979865773
0.33557046979865773
0.3187919463087248
0.3296
0.3145038167938931
0.3145038167938931
0.3168
0.30362116991643456
0.30903790087463556
0.30903790087463556
0.30903790087463556
0.30903790087463556
0.33819241982507287
0.32590529247910865
0.3169107856191744
0.3231197771587744
0.3231197771587744
0.31424766977363516
0.31197771587743733
0.303595206391478
0.303595206391478
0.3009320905459387
0.27770700636942675
0.2634146341463415
0.2634146341463415
0.2616822429906542
0.25083986562150057
0.2733644859813084
0.2733644859813084
0.23711340206185566
0.23711340206185566
0.2513426423200859
0.24123711340206186
0.2513426423200859
0.2513426423200859
0.2513426423200859
0.2513426423200859
0.2513426423200859
0.23917525773195877
0.23917525773195877
0.23366336633663368
0.23366336633663368
0.22074215033301617
0.22074215033301617
0.22074215033301617
0.22074215033301617
0.22074215033301617
0.22074215033301617
0.21225983531564502
0.20422535211267606
0.20422535211267606
0.19322033898305085
0.1864406779661017
0.16979591836734695
0.16610169491525423
0.16489795918367348
0.16489795918367348
0.1730612244897959
0.18135593220338983
0.18122448979591838
0.16544655929721816
0.16544655929721816
0.16544655929721816
0.16544655929721816
0.16544655929721816
0.16544655929721816
0.16544655929721816
0.745
0.745
0.685
0.6508313539192399
0.6508313539192399
0.6508313539192399
0.6410835214446953
0.6410835214446953
0.6410835214446953
0.6410835214446953
0.5938242280285035
0.5938242280285035
0.5643340857787811
0.5450643776824035
0.5142857142857142
0.5087378640776699
0.48428835489833644
0.48428835489833644
0.48428835489833644
0.48428835489833644
0.41035120147874304
0.41035120147874304
0.3732394366197183
0.36619718309859156
0.35906040268456374
0.352
0.3744
0.36335877862595417
0.3267175572519084
0.30612244897959184
0.3206997084548105
0.3206997084548105
0.3147632311977716
0.3147632311977716
0.30919220055710306
0.27405247813411077
0.2646239554317549
0.237017310252996
0.2318471337579618
0.2318471337579618
0.22929936305732485
0.2396804260985353
0.2318471337579618
0.23170731707317074
0.23439490445859873
0.2396804260985353
0.2396804260985353
0.2479108635097493
0.23435419440745672
0.22636484687083888
0.21910828025477708
0.22902796271637815
0.22902796271637815
0.22902796271637815
0.22902796271637815
0.21146496815286625
0.21146496815286625
0.2146341463414634
0.1822429906542056
0.1791713325867861
0.18365061590145576
0.17830290010741137
0.1761546723952739
0.18259935553168635
0.18144329896907216
0.18045112781954886
0.18350515463917524
0.17623762376237623
0.16936251189343482
0.17126546146527116
0.17126546146527116
0.17126546146527116
0.17126546146527116
0.1560418648905804
0.16102470265324795
0.16102470265324795
0.16102470265324795
0.1560418648905804
0.16435643564356436
0.1463917525773196
0.14272644098810613
0.14272644098810613
0.14964788732394366
0.14067796610169492
0.14067796610169492
0.14067796610169492
0.08305084745762711
0.08305084745762711
0.08450704225352113
0.08305084745762711
0.08305084745762711
0.08450704225352113
0.09661016949152543
0.0963265306122449
0.09959183673469388
0.0963265306122449
0.0959874114870181
0.09863429438543247
0.1007081038552321
0.09559939301972686
0.745
0.695
0.695
0.695
0.695
0.695
0.6603325415676959
0.6413301662707839
0.6413301662707839
0.6413301662707839
0.6270783847980997
0.655
0.655
0.575107296137339
0.575107296137339
0.575107296137339
0.575107296137339
0.5469387755102041
0.5469387755102041
0.5469387755102041
0.5469387755102041
0.5469387755102041
0.5469387755102041
0.5087378640776699
0.48428835489833644
0.4894366197183099
0.4859154929577465
0.4865771812080537
0.4859154929577465
0.4859154929577465
0.4214417744916821
0.43106796116504853
0.3859060402684564
0.33527696793002915
0.3203342618384401
0.38440111420612816
0.38615179760319573
0.38615179760319573
0.38615179760319573
0.4011142061281337
0.4198250728862974
0.4396946564885496
0.4396946564885496
0.39941690962099125
0.39067055393586003
0.39067055393586003
0.39067055393586003
0.37604456824512533
0.37604456824512533
0.3648468708388815
0.3648468708388815
0.3648468708388815
0.403899721448468
0.37604456824512533
0.37604456824512533
0.35685752330226367
0.33375796178343947
0.3195121951219512
0.3195121951219512
0.3060747663551402
0.2975609756097561
0.2975609756097561
0.2975609756097561
0.29205607476635514
0.2799552071668533
0.2803738317757009
0.2780373831775701
0.2780373831775701
0.2687569988801792
0.2780373831775701
0.2975609756097561
0.3195121951219512
0.3286624203821656
0.3286624203821656
0.33121019108280253
0.3286624203821656
0.33121019108280253
0.340878828229028
0.340878828229028
0.340878828229028
0.34540389972144847
0.34540389972144847
0.34540389972144847
0.358600583090379
0.358600583090379
0.34818941504178275
0.34818941504178275
0.3355525965379494
0.3382157123834887
0.3235668789808917
0.3796178343949045
0.3796178343949045
0.3968042609853529
0.3968042609853529
0.37452229299363055
0.37452229299363055
0.37452229299363055
0.37452229299363055
0.38881491344873503
0.38615179760319573
0.6894736842105263
0.655
0.655
0.655
0.655
0.655
0.655
0.6157894736842106
0.6157894736842106
0.6157894736842106
0.6157894736842106
0.655
0.6603325415676959
0.6603325415676959
0.7030878859857482
0.6681715575620768
0.6180257510729614
0.6501128668171557
0.6413301662707839
0.69
0.6631578947368421
0.5983379501385041
0.5983379501385041
0.4897959183673469
0.4897959183673469
0.4897959183673469
0.4897959183673469
0.4897959183673469
0.4956268221574344
0.4956268221574344
0.49079754601226994
0.5714285714285714
0.5714285714285714
0.5714285714285714
0.5714285714285714
0.5714285714285714
0.5714285714285714
0.5714285714285714
0.5714285714285714
0.5714285714285714
0.5714285714285714
0.5714285714285714
0.5714285714285714
0.33819241982507287
0.3673469387755102
0.3673469387755102
0.3673469387755102
0.40233236151603496
0.3987730061349693
0.3987730061349693
0.36809815950920244
0.36809815950920244
0.2903225806451613
0.2883435582822086
0.31486880466472306
0.3374233128834356
0.3374233128834356
0.22157434402332363
0.22157434402332363
0.22740524781341107
0.22740524781341107
0.22740524781341107
0.22740524781341107
0.22740524781341107
0.25153374233128833
0.2915451895043732
0.2770083102493075
0.27078384798099764
0.27078384798099764
0.2708803611738149
0.2757281553398058
0.24399260628465805
0.23591549295774647
0.23591549295774647
0.2214765100671141
0.23591549295774647
0.22483221476510068
0.208
0.2304
0.23511450381679388
0.250381679389313
0.250381679389313
0.2496
0.2651006711409396
0.2496
0.24122137404580152
0.2432
0.24122137404580152
0.24122137404580152
0.2528
0.2496
0.2496
0.2516778523489933
0.2516778523489933
0.25704225352112675
0.2751677852348993
0.27405247813411077
0.27405247813411077
0.2198473282442748
0.22900763358778625
0.745
0.745
0.745
0.745
0.745
0.745
0.745
0.685
0.685
0.685
0.7105263157894737
0.7105263157894737
0.7052631578947368
0.7052631578947368
0.7052631578947368
0.7052631578947368
0.7052631578947368
0.7052631578947368
0.7052631578947368
0.7052631578947368
0.7052631578947368
0.7052631578947368
0.655
0.655
0.5653206650831354
0.6
0.6
0.6
0.6
0.55
0.55
0.55
0.55
0.55
0.515
0.515
0.515
0.515
0.515
0.4845605700712589
0.445
0.445
0.445
0.445
0.43
0.4180522565320665
0.4180522565320665
0.4198645598194131
0.4323040380047506
0.43792325056433407
0.38004750593824227
0.38004750593824227
0.3747178329571106
0.41330166270783847
0.40380047505938244
0.40380047505938244
0.40380047505938244
0.40380047505938244
0.40380047505938244
0.40380047505938244
0.40380047505938244
0.40380047505938244
0.40380047505938244
0.39429928741092635
0.4180522565320665
0.3927765237020316
0.4513064133016627
0.4513064133016627
0.47
0.47
0.56
0.56
0.5320665083135392
0.5320665083135392
0.43705463182897863
0.43705463182897863
0.43340857787810383
0.4288939051918736
0.4288939051918736
0.41630901287553645
0.41630901287553645
0.41630901287553645
0.4288939051918736
0.4288939051918736
0.4288939051918736
0.4248927038626609
0.4248927038626609
0.4248927038626609
0.41630901287553645
0.4288939051918736
0.4288939051918736
0.4288939051918736
0.39914163090128757
0.39914163090128757
0.3656884875846501
0.34334763948497854
0.3133047210300429
0.296137339055794
0.3224489795918367
0.31020408163265306
0.31844660194174756
0.745
0.745
0.745
0.745
0.745
0.745
0.745
0.745
0.745
0.745
0.745
0.745
0.745
0.745
0.6935866983372921
0.6935866983372921
0.6935866983372921
0.6935866983372921
0.6935866983372921
0.655
0.655
0.6128266033254157
0.635
0.635
0.635
0.6270783847980997
0.6270783847980997
0.6270783847980997
0.685
0.6223277909738717
0.6223277909738717
0.6033254156769596
0.5869074492099323
0.6033254156769596
0.6033254156769596
0.645
0.5368171021377672
0.5146726862302483
0.4750593824228028
0.4750593824228028
0.405
0.32
0.33729216152019004
0.33729216152019004
0.33729216152019004
0.33729216152019004
0.33729216152019004
0.3656884875846501
0.3656884875846501
0.3656884875846501
0.40380047505938244
0.40380047505938244
0.435
0.435
0.4750593824228028
0.46
0.46
0.3990498812351544
0.365
0.39
0.39
0.38
0.38
0.38
0.38
0.415
0.39429928741092635
0.39429928741092635
0.3792325056433409
0.3562231759656652
0.3562231759656652
0.33877551020408164
0.33877551020408164
0.33877551020408164
0.33877551020408164
0.3469387755102041
0.3469387755102041
0.34951456310679613
0.34563106796116505
0.3339805825242718
0.34011090573012936
0.3204225352112676
0.3364140480591497
0.3339805825242718
0.3339805825242718
0.3183673469387755
0.287378640776699
0.287378640776699
0.26247689463955637
0.26247689463955637
0.2368
0.2368
0.23206106870229007
0.21865889212827988
0.20334261838440112
0.20408163265306123
0.20408163265306123
0.18853503184713377
0.1859872611464968
0.1859872611464968
0.745
0.745
0.6894736842105263
0.615
0.615
0.615
0.5843230403800475
0.5843230403800475
0.5643340857787811
0.5622317596566524
0.5622317596566524
0.5622317596566524
0.49387755102040815
0.49387755102040815
0.49387755102040815
0.49387755102040815
0.5107296137339056
0.5107296137339056
0.5107296137339056
0.4897959183673469
0.4815533980582524
0.4815533980582524
0.4815533980582524
0.49795918367346936
0.49795918367346936
0.4854368932038835
0.4854368932038835
0.4854368932038835
0.4854368932038835
0.4854368932038835
0.4731977818853974
0.4731977818853974
0.45774647887323944
0.4805914972273567
0.4970873786407767
0.4970873786407767
0.4970873786407767
0.4970873786407767
0.4970873786407767
0.5087378640776699
0.5224489795918368
0.4204081632653061
0.4204081632653061
0.40408163265306124
0.40408163265306124
0.39591836734693875
0.39591836734693875
0.39591836734693875
0.39591836734693875
0.39591836734693875
0.39591836734693875
0.4
0.4
0.39611650485436894
0.3733826247689464
0.4119718309859155
0.40604026845637586
0.3296
0.33221476510067116
0.3204225352112676
0.3204225352112676
0.3204225352112676
0.3053691275167785
0.2992957746478873
0.2992957746478873
0.2992957746478873
0.2992957746478873
0.2992957746478873
0.2992957746478873
0.2992957746478873
0.2992957746478873
0.2992957746478873
0.3068391866913124
0.3072
0.2931297709923664
0.2931297709923664
0.2931297709923664
0.22900763358778625
0.2432
0.2432
0.2432
0.2432
0.23511450381679388
0.23511450381679388
0.23511450381679388
0.2176
0.2176
0.2176
0.21068702290076335
0.20699708454810495
0.20699708454810495
0.18384401114206128
0.18384401114206128
0.17842876165113183
0.1677762982689747
0.17548746518105848
0.170439414114514
0.1554140127388535
0.1503184713375796
0.16097560975609757
0.745
0.745
0.745
0.7030878859857482
0.745
0.7173396674584323
0.7173396674584323
0.7173396674584323
0.7173396674584323
0.7173396674584323
0.7173396674584323
0.7173396674584323
0.7173396674584323
0.7173396674584323
0.684085510688836
0.684085510688836
0.684085510688836
0.684085510688836
0.684085510688836
0.684085510688836
0.7505938242280285
0.7505938242280285
0.7505938242280285
0.7505938242280285
0.7505938242280285
0.7505938242280285
0.7505938242280285
0.7505938242280285
0.7505938242280285
0.7505938242280285
0.7042889390519187
0.6080760095011877
0.6033254156769596
0.6033254156769596
0.62
0.5938242280285035
0.5237020316027088
0.4978540772532189
0.5107296137339056
0.49209932279909707
0.49209932279909707
0.5011286681715575
0.5011286681715575
0.5843230403800475
0.5843230403800475
0.5843230403800475
0.5598194130925508
0.5507900677200903
0.5463182897862233
0.5282167042889391
0.5282167042889391
0.5282167042889391
0.5282167042889391
0.5282167042889391
0.5021459227467812
0.39183673469387753
0.39183673469387753
0.35918367346938773
0.35918367346938773
0.35918367346938773
0.35918367346938773
0.3572815533980582
0.3572815533980582
0.31543624161073824
0.2848
0.29194630872483224
0.29194630872483224
0.29194630872483224
0.29225352112676056
0.2735674676524954
0.28169014084507044
0.2640845070422535
0.2640845070422535
0.25508317929759705
0.25508317929759705
0.21830985915492956
0.23591549295774647
0.23591549295774647
0.21476510067114093
0.13087248322147652
0.1184
0.12213740458015267
0.11661807580174927
0.1282442748091603
0.119533527696793
0.119533527696793
0.119533527696793
0.11661807580174927
0.10955414012738854
0.11451398135818908
0.11717709720372836
0.12534818941504178
0.12536443148688048
0.12256267409470752
0.10119840213049268
0.11210191082802548
0.13049267643142476
0.13049267643142476
0.12149532710280374
0.13402061855670103
0.7505938242280285
0.7505938242280285
0.735
0.735
0.735
0.735
0.735
0.6947368421052632
0.6947368421052632
0.6947368421052632
0.6204986149584487
0.6204986149584487
0.6204986149584487
0.6204986149584487
0.6210526315789474
0.6210526315789474
0.6210526315789474
0.6210526315789474
0.6210526315789474
0.6
0.6
0.58
0.58
0.58
0.58
0.58
0.58
0.58
0.58
0.58
0.58
0.58
0.58
0.58
0.58
0.54
0.54
0.54
0.54
0.54
0.54
0.54
0.435
0.39473684210526316
0.39473684210526316
0.3047091412742382
0.32105263157894737
0.32105263157894737
0.3047091412742382
0.3047091412742382
0.2736842105263158
0.27
0.2736842105263158
0.26
0.26842105263157895
0.26842105263157895
0.265
0.28421052631578947
0.28421052631578947
0.29362880886426596
0.40443213296398894
0.40443213296398894
0.40443213296398894
0.39067055393586003
0.39067055393586003
0.3803680981595092
0.38421052631578945
0.39335180055401664
0.35789473684210527
0.35
0.35789473684210527
0.35789473684210527
0.3601108033240997
0.3601108033240997
0.34210526315789475
0.34210526315789475
0.3368421052631579
0.34349030470914127
0.2736842105263158
0.2736842105263158
0.2736842105263158
0.2736842105263158
0.28442437923250563
0.28893905191873587
0.27896995708154504
0.2575107296137339
0.26609442060085836
0.2612244897959184
0.24081632653061225
0.2446351931330472
0.23265306122448978
0.19805825242718447
0.18114602587800369
0.19014084507042253
0.19236641221374046
0.19236641221374046
0.1856
0.19798657718120805
0.19798657718120805
0.20469798657718122
0.7505938242280285
0.7505938242280285
0.7505938242280285
0.7505938242280285
0.7505938242280285
0.7505938242280285
0.7505938242280285
0.7505938242280285
0.7505938242280285
0.7505938242280285
0.7505938242280285
0.7505938242280285
0.7315914489311164
0.7030878859857482
0.7030878859857482
0.6817155756207675
0.6817155756207675
0.6603325415676959
0.6603325415676959
0.6603325415676959
0.6603325415676959
0.6603325415676959
0.5688487584650113
0.5598194130925508
0.5598194130925508
0.5598194130925508
0.5598194130925508
0.5598194130925508
0.5598194130925508
0.5598194130925508
0.5598194130925508
0.5795724465558195
0.5795724465558195
0.5507900677200903
0.5507900677200903
0.5507900677200903
0.5507900677200903
0.5236051502145923
0.49795918367346936
0.46530612244897956
0.3339805825242718
0.31053604436229204
0.31053604436229204
0.3438077634011091
0.3485915492957746
0.3485915492957746
0.3485915492957746
0.3485915492957746
0.34507042253521125
0.34507042253521125
0.29944547134935307
0.28169014084507044
0.28169014084507044
0.29944547134935307
0.29944547134935307
0.3142329020332717
0.31338028169014087
0.32532347504621073
0.32532347504621073
0.32532347504621073
0.30985915492957744
0.30985915492957744
0.31543624161073824
0.31338028169014087
0.31338028169014087
0.25508317929759705
0.25508317929759705
0.27184466019417475
0.27184466019417475
0.2513863216266174
0.24647887323943662
0.24647887323943662
0.25838926174496646
0.2464
0.2464
0.26174496644295303
0.24
0.24
0.2432
0.2550335570469799
0.2550335570469799
0.2676056338028169
0.24732824427480915
0.24732824427480915
0.2496
0.2464
0.2464
0.2516778523489933
0.2516778523489933
0.2368
0.2368
0.2432
0.2717557251908397
0.26822157434402333
0.27696793002915454
0.27113702623906705
0.27113702623906705
0.2618384401114206
0.2116991643454039
0.20772303595206393
0.22284122562674094
0.665
0.6473684210526316
0.6473684210526316
0.6473684210526316
0.6473684210526316
0.6473684210526316
0.6684210526315789
0.6684210526315789
0.6684210526315789
0.6684210526315789
0.585
0.585
0.585
0.5368171021377672
0.6128266033254157
0.6128266033254157
0.615
0.615
0.5938242280285035
0.5938242280285035
0.5938242280285035
0.5938242280285035
0.5938242280285035
0.5507900677200903
0.5985748218527316
0.5985748218527316
0.5985748218527316
0.5985748218527316
0.545
0.545
0.545
0.515
0.515
0.5
0.5
0.47980997624703087
0.47980997624703087
0.49406175771971494
0.49406175771971494
0.4655581947743468
0.47
0.47
0.47
0.47
0.47
0.47
0.49473684210526314
0.49473684210526314
0.554016620498615
0.554016620498615
0.554016620498615
0.5526315789473685
0.5526315789473685
0.5526315789473685
0.5526315789473685
0.5736842105263158
0.5736842105263158
0.5736842105263158
0.55
0.6526315789473685
0.6526315789473685
0.7257617728531855
0.7257617728531855
0.7257617728531855
0.7257617728531855
0.7534626038781164
0.7534626038781164
0.7534626038781164
0.6842105263157895
0.6842105263157895
0.6842105263157895
0.6842105263157895
0.6842105263157895
0.6842105263157895
0.6842105263157895
0.675
0.675
0.675
0.675
0.6223277909738717
0.5938242280285035
0.5643340857787811
0.5643340857787811
0.5643340857787811
0.5643340857787811
0.5643340857787811
0.5643340857787811
0.510158013544018
0.4785553047404063
0.4785553047404063
0.4785553047404063
0.503562945368171
0.503562945368171
0.503562945368171
0.503562945368171
0.503562945368171
0.503562945368171
0.503562945368171
0.535
0.535
0.7534626038781164
0.7534626038781164
0.7534626038781164
0.7534626038781164
0.7534626038781164
0.7534626038781164
0.7534626038781164
0.7534626038781164
0.7534626038781164
0.7534626038781164
0.7534626038781164
0.6705539358600583
0.6705539358600583
0.6705539358600583
0.6705539358600583
0.6705539358600583
0.6705539358600583
0.6705539358600583
0.6705539358600583
0.6705539358600583
0.6705539358600583
0.6705539358600583
0.6705539358600583
0.6705539358600583
0.6705539358600583
0.6705539358600583
0.7055214723926381
0.7055214723926381
0.7055214723926381
0.7055214723926381
0.7055214723926381
0.7055214723926381
0.7055214723926381
0.7055214723926381
0.7055214723926381
0.7055214723926381
0.7055214723926381
0.7055214723926381
0.7055214723926381
0.7055214723926381
0.7055214723926381
0.7055214723926381
0.7055214723926381
0.7055214723926381
0.7055214723926381
0.6822157434402333
0.6822157434402333
0.6822157434402333
0.7590027700831025
0.6980609418282548
0.641399416909621
0.641399416909621
0.641399416909621
0.641399416909621
0.6980609418282548
0.6980609418282548
0.6421052631578947
0.63
0.6421052631578947
0.635
0.635
0.5605700712589073
0.510158013544018
0.5056433408577878
0.47378640776699027
0.42857142857142855
0.42857142857142855
0.42857142857142855
0.42857142857142855
0.4248927038626609
0.39183673469387753
0.39183673469387753
0.39183673469387753
0.38058252427184464
0.4122448979591837
0.4122448979591837
0.4122448979591837
0.41630901287553645
0.4206008583690987
0.40772532188841204
0.4
0.37281553398058254
0.37281553398058254
0.37281553398058254
0.3611650485436893
0.363265306122449
0.3300970873786408
0.33877551020408164
0.34563106796116505
0.34011090573012936
0.36229205175600737
0.36229205175600737
0.36229205175600737
0.36229205175600737
0.352112676056338
0.352112676056338
0.352112676056338
0.3274647887323944
0.3380281690140845
0.33587786259541985
0.7590027700831025
0.7590027700831025
0.7590027700831025
0.7590027700831025
0.7590027700831025
0.7590027700831025
0.7988338192419825
0.7988338192419825
0.7988338192419825
0.7988338192419825
0.7811634349030471
0.7811634349030471
0.7811634349030471
0.7811634349030471
0.7811634349030471
0.7988338192419825
0.7988338192419825
0.7988338192419825
0.7988338192419825
0.7988338192419825
0.7988338192419825
0.6925207756232687
0.6925207756232687
0.6925207756232687
0.6983372921615202
0.6983372921615202
0.6983372921615202
0.6983372921615202
0.6952595936794582
0.6351931330472103
0.6122448979591837
0.6122448979591837
0.6008583690987125
0.6008583690987125
0.6008583690987125
0.6008583690987125
0.6008583690987125
0.600451467268623
0.600451467268623
0.575107296137339
0.575107296137339
0.575107296137339
0.5793991416309013
0.5793991416309013
0.6230248306997742
0.6230248306997742
0.6230248306997742
0.6365795724465558
0.6365795724465558
0.6365795724465558
0.6365795724465558
0.6365795724465558
0.6033254156769596
0.6033254156769596
0.6033254156769596
0.6033254156769596
0.6033254156769596
0.5733634311512416
0.5733634311512416
0.5733634311512416
0.5708154506437768
0.5708154506437768
0.5708154506437768
0.5708154506437768
0.5708154506437768
0.5708154506437768
0.5665236051502146
0.5665236051502146
0.5493562231759657
0.5493562231759657
0.5536480686695279
0.5493562231759657
0.5493562231759657
0.5493562231759657
0.5493562231759657
0.5493562231759657
0.5493562231759657
0.5733634311512416
0.5733634311512416
0.5733634311512416
0.5733634311512416
0.5733634311512416
0.5536480686695279
0.5688487584650113
0.5688487584650113
0.5938242280285035
0.5938242280285035
0.5938242280285035
0.59
0.59
0.59
0.59
0.5415676959619953
0.5415676959619953
0.5415676959619953
0.5415676959619953
0.49209932279909707
0.4592274678111588
0.4785553047404063
0.4785553047404063
0.7988338192419825
0.7988338192419825
0.7988338192419825
0.7988338192419825
0.7988338192419825
0.7988338192419825
0.7988338192419825
0.7988338192419825
0.7988338192419825
0.7988338192419825
0.7988338192419825
0.7988338192419825
0.7988338192419825
0.7988338192419825
0.7988338192419825
0.7988338192419825
0.7988338192419825
0.7988338192419825
0.7988338192419825
0.7988338192419825
0.7988338192419825
0.7091412742382271
0.7091412742382271
0.7091412742382271
0.7091412742382271
0.7091412742382271
0.7091412742382271
0.7091412742382271
0.7091412742382271
0.7091412742382271
0.7091412742382271
0.7091412742382271
0.7091412742382271
0.7091412742382271
0.7091412742382271
0.7091412742382271
0.7091412742382271
0.7091412742382271
0.7091412742382271
0.6894736842105263
0.6894736842105263
0.6789473684210526
0.6789473684210526
0.6684210526315789
0.655
0.655
0.655
0.6
0.515
0.515
0.4418052256532066
0.4198645598194131
0.4153498871331828
0.3562231759656652
0.37020316027088035
0.37020316027088035
0.37020316027088035
0.37020316027088035
0.36909871244635195
0.37339055793991416
0.3218884120171674
0.3218884120171674
0.31020408163265306
0.31020408163265306
0.31020408163265306
0.31020408163265306
0.42857142857142855
0.42857142857142855
0.4077669902912621
0.4077669902912621
0.4077669902912621
0.38817005545286504
0.3591549295774648
0.3591549295774648
0.3591549295774648
0.36229205175600737
0.36229205175600737
0.36229205175600737
0.36229205175600737
0.36229205175600737
0.31690140845070425
0.2986577181208054
0.2992957746478873
0.2961832061068702
0.3136
0.3136
0.216793893129771
0.216793893129771
0.216793893129771
0.216793893129771
0.216793893129771
0.18908122503328895
0.09054593874833555
0.09587217043941411
0.09587217043941411
0.0947075208913649
0.09329446064139942
0.0947075208913649
0.0947075208913649
0.0947075208913649
0.7988338192419825
0.7811634349030471
0.775623268698061
0.775623268698061
0.775623268698061
0.775623268698061
0.7421052631578947
0.7421052631578947
0.7421052631578947
0.7
0.7
0.6473684210526316
0.6473684210526316
0.6473684210526316
0.6473684210526316
0.585
0.585
0.5225653206650831
0.57
0.57
0.57
0.5105263157894737
0.5
0.5
0.5
0.48931116389548696
0.49209932279909707
0.4334763948497854
0.4334763948497854
0.42857142857142855
0.4077669902912621
0.4077669902912621
0.4077669902912621
0.41941747572815535
0.41941747572815535
0.41941747572815535
0.41941747572815535
0.4155339805825243
0.4066543438077634
0.4066543438077634
0.4066543438077634
0.42330097087378643
0.42330097087378643
0.42330097087378643
0.4066543438077634
0.4066543438077634
0.41035120147874304
0.41035120147874304
0.397887323943662
0.4214417744916821
0.43106796116504853
0.43106796116504853
0.43106796116504853
0.43106796116504853
0.43106796116504853
0.42718446601941745
0.42718446601941745
0.42718446601941745
0.44081632653061226
0.39223300970873787
0.35489833641404805
0.35489833641404805
0.35489833641404805
0.35489833641404805
0.35489833641404805
0.35489833641404805
0.4
0.4
0.4
0.4
0.38817005545286504
0.41404805914972276
0.41404805914972276
0.3908450704225352
0.3691275167785235
0.3926174496644295
0.3926174496644295
0.3808
0.3926174496644295
0.3926174496644295
0.41946308724832215
0.41946308724832215
0.41946308724832215
0.41946308724832215
0.42953020134228187
0.42953020134228187
0.4128
0.3744
0.31543624161073824
0.31543624161073824
0.31208053691275167
0.31208053691275167
0.2912
0.2912
0.2912
0.2912
0.2912
0.28859060402684567
0.31690140845070425
0.30201342281879195
0.30201342281879195
0.7988338192419825
0.7988338192419825
0.7988338192419825
0.7988338192419825
0.7988338192419825
0.7988338192419825
0.7988338192419825
0.7988338192419825
0.7988338192419825
0.7988338192419825
0.7988338192419825
0.7988338192419825
0.7988338192419825
0.7988338192419825
0.7988338192419825
0.7988338192419825
0.7988338192419825
0.7988338192419825
0.7988338192419825
0.7988338192419825
0.7988338192419825
0.7202216066481995
0.7202216066481995
0.7055393586005831
0.7055393586005831
0.6814404432132964
0.6814404432132964
0.6421052631578947
0.6421052631578947
0.6421052631578947
0.6648199445983379
0.6648199445983379
0.6648199445983379
0.6648199445983379
0.6648199445983379
0.6648199445983379
0.6648199445983379
0.6648199445983379
0.6648199445983379
0.6648199445983379
0.6648199445983379
0.6648199445983379
0.6648199445983379
0.6648199445983379
0.6648199445983379
0.6648199445983379
0.6648199445983379
0.6648199445983379
0.6648199445983379
0.6578947368421053
0.6578947368421053
0.6578947368421053
0.6578947368421053
0.6578947368421053
0.6260387811634349
0.6260387811634349
0.6355685131195336
0.6592797783933518
0.6592797783933518
0.6592797783933518
0.6592797783933518
0.6592797783933518
0.6592797783933518
0.6592797783933518
0.6592797783933518
0.6592797783933518
0.6592797783933518
0.6592797783933518
0.6473684210526316
0.6592797783933518
0.6631578947368421
0.6631578947368421
0.6631578947368421
0.6631578947368421
0.6631578947368421
0.6631578947368421
0.6631578947368421
0.6631578947368421
0.6631578947368421
0.6631578947368421
0.6631578947368421
0.6631578947368421
0.6631578947368421
0.6631578947368421
0.675
0.615
0.6
0.6
0.6
0.6
0.6
0.6
0.5872576177285319
0.5872576177285319
0.5578947368421052
0.5578947368421052
0.5578947368421052
0.5578947368421052
0.5553047404063205
0.5507900677200903
0.7988338192419825
0.7977839335180056
0.7977839335180056
0.7977839335180056
0.7977839335180056
0.7977839335180056
0.7977839335180056
0.7977839335180056
0.7578947368421053
0.7578947368421053
0.7578947368421053
0.7421052631578947
0.7421052631578947
0.745
0.745
0.745
0.745
0.745
0.745
0.8210526315789474
0.8210526315789474
0.8210526315789474
0.8210526315789474
0.8210526315789474
0.8210526315789474
0.8210526315789474
0.7473684210526316
0.7473684210526316
0.7473684210526316
0.665
0.665
0.665
0.665
0.665
0.665
0.665
0.665
0.665
0.665
0.665
0.665
0.665
0.665
0.6128266033254157
0.6128266033254157
0.6320541760722348
0.5514563106796116
0.5471349353049908
0.528169014084507
0.528169014084507
0.528169014084507
0.5033557046979866
0.5033557046979866
0.4966442953020134
0.4832
0.5
0.5
0.5
0.4832
0.4832
0.4832
0.47022900763358777
0.4928
0.4928
0.4928
0.4305343511450382
0.4448
0.4448
0.4448
0.45302013422818793
0.4128
0.3969465648854962
0.3969465648854962
0.37900874635568516
0.37900874635568516
0.37900874635568516
0.3649025069637883
0.3819241982507289
0.3819241982507289
0.3819241982507289
0.3819241982507289
0.354140127388535
0.354140127388535
0.33414634146341465
0.33414634146341465
0.31542056074766356
0.31542056074766356
0.33170731707317075
0.33170731707317075
0.3130841121495327
0.3068309070548712
0.3068309070548712
0.3130841121495327
0.3130841121495327
0.3130841121495327
0.3130841121495327
0.30011198208286677
0.2814178302900107
0.2814178302900107
0.2814178302900107
0.8210526315789474
0.8210526315789474
0.8210526315789474
0.78
0.78
0.78
0.78
0.78
0.78
0.78
0.78
0.78
0.78
0.7421052631578947
0.7421052631578947
0.6789473684210526
0.6789473684210526
0.6052631578947368
0.531578947368421
0.531578947368421
0.531578947368421
0.5484764542936288
0.47368421052631576
0.4105263157894737
0.42105263157894735
0.42105263157894735
0.42105263157894735
0.42105263157894735
0.42105263157894735
0.415
0.41
0.4105263157894737
0.38826185101580135
0.27896995708154504
0.27896995708154504
0.38826185101580135
0.3905579399141631
0.37142857142857144
0.4
0.3585951940850277
0.3585951940850277
0.3585951940850277
0.3591549295774648
0.3659889094269871
0.3659889094269871
0.35563380281690143
0.35563380281690143
0.35563380281690143
0.348993288590604
0.34507042253521125
0.33098591549295775
0.2953020134228188
0.29194630872483224
0.3136
0.3422818791946309
0.3232
0.28133704735376047
0.2944606413994169
0.2944606413994169
0.2944606413994169
0.2944606413994169
0.2944606413994169
0.2944606413994169
0.26239067055393583
0.2870229007633588
0.2870229007633588
0.2848
0.2900763358778626
0.27113702623906705
0.25069637883008355
0.25069637883008355
0.25069637883008355
0.2536443148688047
0.2536443148688047
0.2536443148688047
0.2536443148688047
0.2536443148688047
0.2536443148688047
0.26259541984732826
0.2565597667638484
0.2565597667638484
0.19236641221374046
0.18931297709923664
0.18931297709923664
0.18931297709923664
0.18931297709923664
0.18931297709923664
0.18075801749271136
0.18075801749271136
0.18075801749271136
0.17784256559766765
0.17270194986072424
0.17784256559766765
0.17784256559766765
0.11420612813370473
0.12244897959183673
0.12813370473537605
0.13315579227696406
0.12738853503184713
0.12682926829268293
0.7257617728531855
0.7257617728531855
0.7257617728531855
0.7257617728531855
0.6588921282798834
0.6588921282798834
0.6588921282798834
0.6588921282798834
0.6588921282798834
0.6588921282798834
0.6588921282798834
0.6297376093294461
0.6297376093294461
0.6297376093294461
0.6297376093294461
0.6297376093294461
0.592797783933518
0.592797783933518
0.5684210526315789
0.5684210526315789
0.535
0.46080760095011875
0.495
0.4845605700712589
0.4655581947743468
0.4655581947743468
0.4655581947743468
0.47
0.47
0.47368421052631576
0.48947368421052634
0.48947368421052634
0.4986149584487535
0.4986149584487535
0.4986149584487535
0.5189504373177842
0.5189504373177842
0.5189504373177842
0.5153374233128835
0.5153374233128835
0.5153374233128835
0.5153374233128835
0.44516129032258067
0.44516129032258067
0.44516129032258067
0.48753462603878117
0.48753462603878117
0.4956268221574344
0.4956268221574344
0.4956268221574344
0.44785276073619634
0.44785276073619634
0.478134110787172
0.478134110787172
0.478134110787172
0.478134110787172
0.478134110787172
0.478134110787172
0.4598337950138504
0.4598337950138504
0.4598337950138504
0.4598337950138504
0.4598337950138504
0.4598337950138504
0.4598337950138504
0.48931116389548696
0.4469525959367946
0.4469525959367946
0.4469525959367946
0.4291845493562232
0.40816326530612246
0.40816326530612246
0.40772532188841204
0.41630901287553645
0.41630901287553645
0.43340857787810383
0.41330166270783847
0.4198645598194131
0.4198645598194131
0.4085510688836104
0.41330166270783847
0.4085510688836104
0.38826185101580135
0.3766990291262136
0.3766990291262136
0.3766990291262136
0.3585951940850277
0.37281553398058254
0.37281553398058254
0.34011090573012936
0.36971830985915494
0.3873239436619718
0.3908450704225352
0.3908450704225352
0.3908450704225352
0.397887323943662
0.4066543438077634
0.4066543438077634
0.4066543438077634
0.3776
0.8210526315789474
0.8210526315789474
0.8210526315789474
0.8210526315789474
0.8210526315789474
0.8210526315789474
0.8210526315789474
0.8210526315789474
0.8210526315789474
0.8210526315789474
0.8210526315789474
0.8210526315789474
0.725
0.725
0.725
0.725
0.6888361045130641
0.6636568848758465
0.6318289786223278
0.5643340857787811
0.5372460496613995
0.5372460496613995
0.5372460496613995
0.5372460496613995
0.5372460496613995
0.51931330472103
0.5011286681715575
0.49356223175965663
0.5061224489795918
0.5061224489795918
0.5061224489795918
0.5020408163265306
0.5020408163265306
0.5020408163265306
0.5102040816326531
0.5102040816326531
0.5102040816326531
0.49356223175965663
0.49356223175965663
0.46530612244897956
0.45436893203883494
0.45436893203883494
0.46530612244897956
0.46530612244897956
0.46530612244897956
0.46530612244897956
0.46530612244897956
0.47639484978540775
0.47639484978540775
0.47404063205417607
0.41201716738197425
0.41201716738197425
0.4
0.4
0.4
0.4
0.4
0.4
0.39914163090128757
0.40816326530612246
0.40816326530612246
0.38028169014084506
0.2986577181208054
0.2986577181208054
0.2986577181208054
0.2944
0.3053691275167785
0.31690140845070425
0.31690140845070425
0.31690140845070425
0.31690140845070425
0.31690140845070425
0.3290203327171904
0.3290203327171904
0.3290203327171904
0.31844660194174756
0.31844660194174756
0.31844660194174756
0.3145631067961165
0.29902912621359223
0.15157116451016636
0.16635859519408502
0.15845070422535212
0.10351201478743069
0.09859154929577464
0.1056338028169014
0.10067114093959731
0.09731543624161074
0.08389261744966443
0.1216
0.1312
0.1312
0.11603053435114503
0.1248
0.15877862595419848
0.16326530612244897
0.16434540389972144
0.1661807580174927
0.1661807580174927
0.1661807580174927
0.18662952646239556
0.8210526315789474
0.8210526315789474
0.8210526315789474
0.8210526315789474
0.8210526315789474
0.8210526315789474
0.8210526315789474
0.8210526315789474
0.8210526315789474
0.8210526315789474
0.8210526315789474
0.8210526315789474
0.8210526315789474
0.8210526315789474
0.8210526315789474
0.8210526315789474
0.8210526315789474
0.8210526315789474
0.745
0.745
0.745
0.6983372921615202
0.4845605700712589
0.4845605700712589
0.43
0.43
0.43
0.43157894736842106
0.425
0.4085510688836104
0.4108352144469526
0.4108352144469526
0.4108352144469526
0.4108352144469526
0.4108352144469526
0.3990498812351544
0.38826185101580135
0.4085510688836104
0.405
0.405
0.405
0.4
0.38421052631578945
0.38421052631578945
0.385
0.385
0.33905579399141633
0.3431151241534989
0.33476394849785407
0.3306122448979592
0.3300970873786408
0.31844660194174756
0.3142329020332717
0.3028169014084507
0.28859060402684567
0.28859060402684567
0.304
0.3145038167938931
0.32061068702290074
0.31486880466472306
0.28535031847133757
0.29027962716378164
0.29027962716378164
0.2802547770700637
0.2802547770700637
0.2802547770700637
0.2802547770700637
0.2802547770700637
0.28761651131824234
0.2802547770700637
0.24878048780487805
0.23902439024390243
0.23414634146341465
0.2266355140186916
0.23516237402015677
0.2383177570093458
0.2374020156774916
0.2374020156774916
0.2374020156774916
0.2374020156774916
0.21911922663802363
0.22126745435016112
0.22986036519871106
0.23786869647954328
0.2376237623762376
0.23505154639175257
0.22574257425742575
0.21693625118934348
0.2226450999048525
0.23366336633663368
0.23366336633663368
0.21649484536082475
0.21649484536082475
0.2099009900990099
0.2099009900990099
0.21584158415841584
0.21584158415841584
0.21386138613861386
0.21649484536082475
0.21584158415841584
0.8210526315789474
0.8210526315789474
0.8210526315789474
0.8210526315789474
0.8210526315789474
0.8210526315789474
0.8210526315789474
0.8210526315789474
0.8210526315789474
0.8210526315789474
0.8210526315789474
0.8210526315789474
0.8210526315789474
0.8210526315789474
0.8210526315789474
0.8210526315789474
0.8210526315789474
0.775623268698061
0.775623268698061
0.775623268698061
0.775623268698061
0.7631578947368421
0.7977839335180056
0.7977839335180056
0.7977839335180056
0.7977839335180056
0.7977839335180056
0.7977839335180056
0.7977839335180056
0.7977839335180056
0.7977839335180056
0.7977839335180056
0.7977839335180056
0.6997084548104956
0.6997084548104956
0.6997084548104956
0.6997084548104956
0.6997084548104956
0.6997084548104956
0.6997084548104956
0.6997084548104956
0.6997084548104956
0.6997084548104956
0.6481994459833795
0.5526315789473685
0.5526315789473685
0.5526315789473685
0.5526315789473685
0.5526315789473685
0.575
0.6223277909738717
0.6223277909738717
0.6223277909738717
0.6223277909738717
0.54
0.575
0.575
0.575
0.575
0.5130641330166271
0.5130641330166271
0.5130641330166271
0.5130641330166271
0.5130641330166271
0.5237020316027088
0.5237020316027088
0.5021459227467812
0.4897959183673469
0.4897959183673469
0.4897959183673469
0.46938775510204084
0.5021459227467812
0.5021459227467812
0.4897959183673469
0.4897959183673469
0.4897959183673469
0.4857142857142857
0.41941747572815535
0.3364140480591497
0.3364140480591497
0.33271719038817005
0.3572815533980582
0.3572815533980582
0.3572815533980582
0.21811460258780038
0.2112676056338028
0.18114602587800369
0.20194174757281552
0.19805825242718447
0.1941747572815534
0.18853974121996303
0.1941747572815534
0.1941747572815534
0.18640776699029127
0.19591836734693877
0.19591836734693877
0.19591836734693877
0.22524271844660193
0.21811460258780038
0.21811460258780038
0.8210526315789474
0.8210526315789474
0.8210526315789474
0.8210526315789474
0.8210526315789474
0.8210526315789474
0.8210526315789474
0.8210526315789474
0.7257617728531855
0.6648199445983379
0.6648199445983379
0.6648199445983379
0.631578947368421
0.631578947368421
0.631578947368421
0.631578947368421
0.631578947368421
0.631578947368421
0.631578947368421
0.631578947368421
0.631578947368421
0.631578947368421
0.56
0.56
0.56
0.4978540772532189
0.47346938775510206
0.5714285714285714
0.5281553398058253
0.4854368932038835
0.46950092421441775
0.4854368932038835
0.4436229205175601
0.4436229205175601
0.4436229205175601
0.4436229205175601
0.4295774647887324
0.3767605633802817
0.36968576709796674
0.36968576709796674
0.33098591549295775
0.31208053691275167
0.3104
0.34563758389261745
0.34563758389261745
0.32
0.32
0.29923664122137406
0.2944606413994169
0.2944606413994169
0.2944606413994169
0.3083969465648855
0.282798833819242
0.282798833819242
0.2757660167130919
0.2757660167130919
0.2757660167130919
0.29526462395543174
0.2841225626740947
0.2841225626740947
0.2841225626740947
0.28761651131824234
0.3008356545961003
0.2929427430093209
0.28535031847133757
0.2982689747003995
0.2982689747003995
0.2982689747003995
0.2956058588548602
0.28280254777070063
0.28280254777070063
0.2751592356687898
0.2751592356687898
0.2751592356687898
0.27163781624500666
0.2624203821656051
0.2804878048780488
0.29044585987261146
0.2804878048780488
0.2700636942675159
0.2956058588548602
0.3006369426751592
0.3006369426751592
0.2956058588548602
0.27261146496815286
0.2822902796271638
0.2822902796271638
0.11451398135818908
0.11451398135818908
0.15712383488681758
0.16991643454038996
0.1532033426183844
0.1532033426183844
0.1532033426183844
0.1532033426183844
0.1661807580174927
0.19533527696793002
0.18658892128279883
0.17827298050139276
0.19174434087882822
0.7811634349030471
0.7811634349030471
0.7811634349030471
0.7811634349030471
0.7811634349030471
0.7811634349030471
0.7988338192419825
0.7988338192419825
0.7988338192419825
0.7988338192419825
0.7988338192419825
0.7988338192419825
0.7988338192419825
0.7988338192419825
0.7988338192419825
0.7988338192419825
0.7988338192419825
0.7988338192419825
0.7988338192419825
0.7988338192419825
0.7988338192419825
0.7230320699708455
0.7230320699708455
0.7230320699708455
0.7230320699708455
0.7230320699708455
0.7230320699708455
0.7230320699708455
0.6703601108033241
0.6703601108033241
0.6703601108033241
0.6703601108033241
0.6703601108033241
0.6703601108033241
0.6703601108033241
0.6703601108033241
0.6703601108033241
0.5830903790087464
0.5207756232686981
0.5052631578947369
0.48947368421052634
0.5096952908587258
0.5096952908587258
0.5096952908587258
0.5096952908587258
0.5096952908587258
0.5189504373177842
0.5189504373177842
0.5189504373177842
0.5189504373177842
0.5152354570637119
0.5152354570637119
0.5052631578947369
0.5052631578947369
0.4930747922437673
0.4930747922437673
0.5578947368421052
0.5152354570637119
0.5152354570637119
0.4598337950138504
0.4598337950138504
0.4598337950138504
0.46647230320699706
0.46647230320699706
0.481994459833795
0.47645429362880887
0.47368421052631576
0.48
0.47368421052631576
0.5041551246537396
0.5041551246537396
0.5041551246537396
0.5041551246537396
0.4839650145772595
0.49693251533742333
0.49693251533742333
0.49693251533742333
0.49693251533742333
0.49693251533742333
0.49693251533742333
0.49693251533742333
0.49693251533742333
0.49693251533742333
0.49693251533742333
0.49693251533742333
0.4956268221574344
0.4956268221574344
0.4601226993865031
0.4897959183673469
0.4897959183673469
0.4897959183673469
0.4601226993865031
0.4601226993865031
0.4049079754601227
0.4049079754601227
0.3870967741935484
0.3870967741935484
0.4171779141104294
0.4171779141104294
0.4171779141104294
0.755
0.755
0.755
0.755
0.6842105263157895
0.631578947368421
0.6
0.5421052631578948
0.5421052631578948
0.5421052631578948
0.6105263157894737
0.6
0.6
0.5510688836104513
0.55
0.55
0.5605700712589073
0.5605700712589073
0.5605700712589073
0.5605700712589073
0.5605700712589073
0.5605700712589073
0.5282167042889391
0.5282167042889391
0.5191873589164786
0.5364806866952789
0.5364806866952789
0.5249537892791127
0.4894366197183099
0.4894366197183099
0.4859154929577465
0.46308724832214765
0.46308724832214765
0.46308724832214765
0.3936
0.3786259541984733
0.3786259541984733
0.4128
0.40610687022900765
0.4
0.4
0.4
0.4
0.42748091603053434
0.40524781341107874
0.3871866295264624
0.3955431754874652
0.3955431754874652
0.3955431754874652
0.38348868175765644
0.38348868175765644
0.38348868175765644
0.38348868175765644
0.3643312101910828
0.36178343949044584
0.36178343949044584
0.36178343949044584
0.34146341463414637
0.34146341463414637
0.36178343949044584
0.3592356687898089
0.33414634146341465
0.33414634146341465
0.32710280373831774
0.36341463414634145
0.34813084112149534
0.3426651735722284
0.3426651735722284
0.33297529538131043
0.33297529538131043
0.34371643394199786
0.3216494845360825
0.3216494845360825
0.31752577319587627
0.30495049504950494
0.3069306930693069
0.3069306930693069
0.27402473834443386
0.27783063748810655
0.29305423406279735
0.2836230558096981
0.27813357731015553
0.2658450704225352
0.2593220338983051
0.2530612244897959
0.2530612244897959
0.2530612244897959
0.25142857142857145
0.24390243902439024
0.25142857142857145
0.21551020408163266
0.21715184893784423
0.2109256449165402
0.2109256449165402
0.2109256449165402
0.20182094081942337
0.19575113808801214
0.2077104642014162
0.20637329286798178
0.13657056145675264
0.8210526315789474
0.8210526315789474
0.8210526315789474
0.8210526315789474
0.8210526315789474
0.8210526315789474
0.8210526315789474
0.8210526315789474
0.8210526315789474
0.8210526315789474
0.8210526315789474
0.8210526315789474
0.8210526315789474
0.8210526315789474
0.8210526315789474
0.8210526315789474
0.8210526315789474
0.8210526315789474
0.8210526315789474
0.7578947368421053
0.7578947368421053
0.7578947368421053
0.7578947368421053
0.7578947368421053
0.7578947368421053
0.7578947368421053
0.725
0.665
0.665
0.665
0.665
0.64
0.5653206650831354
0.5653206650831354
0.5653206650831354
0.5653206650831354
0.5653206650831354
0.5653206650831354
0.5643340857787811
0.5643340857787811
0.5643340857787811
0.5643340857787811
0.5407725321888412
0.5224489795918368
0.5224489795918368
0.5224489795918368
0.5224489795918368
0.5224489795918368
0.5224489795918368
0.5224489795918368
0.5224489795918368
0.4721030042918455
0.4721030042918455
0.4721030042918455
0.4721030042918455
0.4721030042918455
0.4721030042918455
0.44243792325056436
0.44243792325056436
0.44243792325056436
0.44243792325056436
0.43340857787810383
0.43340857787810383
0.41630901287553645
0.41630901287553645
0.41630901287553645
0.41630901287553645
0.41630901287553645
0.41630901287553645
0.41630901287553645
0.41630901287553645
0.43622920517560076
0.43622920517560076
0.43622920517560076
0.43622920517560076
0.43622920517560076
0.43622920517560076
0.4119718309859155
0.3859060402684564
0.3859060402684564
0.38380281690140844
0.35489833641404805
0.3415492957746479
0.34750462107208874
0.3274647887323944
0.3485915492957746
0.38028169014084506
0.38028169014084506
0.38028169014084506
0.38028169014084506
0.38028169014084506
0.38028169014084506
0.426056338028169
0.426056338028169
0.3955637707948244
0.39186691312384475
0.39186691312384475
0.39436619718309857
0.39436619718309857
0.39436619718309857
0.8210526315789474
0.8210526315789474
0.8210526315789474
0.8210526315789474
0.8210526315789474
0.8210526315789474
0.8210526315789474
0.8210526315789474
0.8210526315789474
0.8210526315789474
0.8210526315789474
0.8210526315789474
0.8210526315789474
0.8210526315789474
0.7526315789473684
0.7526315789473684
0.7526315789473684
0.7526315789473684
0.7526315789473684
0.71
0.7526315789473684
0.7526315789473684
0.7526315789473684
0.7526315789473684
0.7526315789473684
0.7526315789473684
0.7526315789473684
0.7526315789473684
0.7526315789473684
0.7
0.7
0.6745843230403801
0.6745843230403801
0.6745843230403801
0.618510158013544
0.5605700712589073
0.5914221218961625
0.5914221218961625
0.5914221218961625
0.600451467268623
0.600451467268623
0.600451467268623
0.600451467268623
0.600451467268623
0.600451467268623
0.600451467268623
0.600451467268623
0.600451467268623
0.600451467268623
0.600451467268623
0.600451467268623
0.5879828326180258
0.5879828326180258
0.5879828326180258
0.49795918367346936
0.4897959183673469
0.4970873786407767
0.4970873786407767
0.4970873786407767
0.47689463955637706
0.47689463955637706
0.47689463955637706
0.38817005545286504
0.45436893203883494
0.4489795918367347
0.46122448979591835
0.46122448979591835
0.45714285714285713
0.45714285714285713
0.4388349514563107
0.4388349514563107
0.43622920517560076
0.43622920517560076
0.43622920517560076
0.43622920517560076
0.43622920517560076
0.43622920517560076
0.41901408450704225
0.44731977818853974
0.44731977818853974
0.44731977818853974
0.43622920517560076
0.4154929577464789
0.4154929577464789
0.4154929577464789
0.4154929577464789
0.4154929577464789
0.4154929577464789
0.4154929577464789
0.4154929577464789
0.4154929577464789
0.4154929577464789
0.436241610738255
0.47183098591549294
0.47183098591549294
0.47689463955637706
0.4612676056338028
0.4612676056338028
0.4612676056338028
0.4395973154362416
0.8210526315789474
0.8210526315789474
0.8210526315789474
0.8210526315789474
0.8210526315789474
0.8210526315789474
0.8210526315789474
0.8210526315789474
0.8210526315789474
0.8210526315789474
0.8210526315789474
0.8210526315789474
0.8210526315789474
0.735
0.735
0.735
0.735
0.735
0.735
0.735
0.735
0.735
0.684085510688836
0.684085510688836
0.684085510688836
0.684085510688836
0.684085510688836
0.635
0.635
0.635
0.635
0.6631578947368421
0.6631578947368421
0.7091412742382271
0.7091412742382271
0.7091412742382271
0.7091412742382271
0.7091412742382271
0.7091412742382271
0.7091412742382271
0.7091412742382271
0.7091412742382271
0.6894736842105263
0.66
0.66
0.66
0.725
0.6555819477434679
0.6555819477434679
0.6555819477434679
0.6555819477434679
0.6555819477434679
0.75
0.7105263157894737
0.7105263157894737
0.7105263157894737
0.7105263157894737
0.7105263157894737
0.7105263157894737
0.7105263157894737
0.7105263157894737
0.7105263157894737
0.7105263157894737
0.7105263157894737
0.7105263157894737
0.675
0.675
0.7105263157894737
0.7105263157894737
0.6038781163434903
0.6080760095011877
0.635
0.635
0.595
0.56
0.5558194774346793
0.5558194774346793
0.5558194774346793
0.5558194774346793
0.5558194774346793
0.5558194774346793
0.5191873589164786
0.5191873589164786
0.5191873589164786
0.5191873589164786
0.5236051502145923
0.5191873589164786
0.5191873589164786
0.5368171021377672
0.4785553047404063
0.4785553047404063
0.4721030042918455
0.46952595936794583
0.4513064133016627
0.4513064133016627
0.42437923250564336
0.4678111587982833
0.46122448979591835
0.46122448979591835
0.4507042253521127
0.8210526315789474
0.8210526315789474
0.8210526315789474
0.8210526315789474
0.8210526315789474
0.8210526315789474
0.8210526315789474
0.8210526315789474
0.8210526315789474
0.8210526315789474
0.8210526315789474
0.8210526315789474
0.8210526315789474
0.8210526315789474
0.8210526315789474
0.755
0.755
0.755
0.755
0.755
0.755
0.8210526315789474
0.8210526315789474
0.8210526315789474
0.8210526315789474
0.8210526315789474
0.725
0.725
0.725
0.725
0.725
0.725
0.725
0.725
0.725
0.725
0.725
0.725
0.7030878859857482
0.7030878859857482
0.7030878859857482
0.7030878859857482
0.7030878859857482
0.7030878859857482
0.6681715575620768
0.6681715575620768
0.6137339055793991
0.6137339055793991
0.6137339055793991
0.6455981941309256
0.654627539503386
0.654627539503386
0.6008583690987125
0.6008583690987125
0.6008583690987125
0.6008583690987125
0.6008583690987125
0.4978540772532189
0.4978540772532189
0.4978540772532189
0.4978540772532189
0.4978540772532189
0.5372460496613995
0.5372460496613995
0.5372460496613995
0.5372460496613995
0.5236051502145923
0.5236051502145923
0.5282167042889391
0.5150214592274678
0.45714285714285713
0.42718446601941745
0.42718446601941745
0.45714285714285713
0.45714285714285713
0.45714285714285713
0.43661971830985913
0.3847328244274809
0.3786259541984733
0.37900874635568516
0.3593314763231198
0.3593314763231198
0.3565459610027855
0.37900874635568516
0.3426183844011142
0.32756324900133155
0.32756324900133155
0.32756324900133155
0.29205607476635514
0.2951219512195122
0.2780373831775701
0.2951219512195122
0.24390243902439024
0.24390243902439024
0.22897196261682243
0.23414634146341465
0.2266355140186916
0.22926829268292684
0.2121951219512195
0.2146341463414634
0.8210526315789474
0.8210526315789474
0.8210526315789474
0.8210526315789474
0.8210526315789474
0.8210526315789474
0.8210526315789474
0.8210526315789474
0.8210526315789474
0.8210526315789474
0.8210526315789474
0.8210526315789474
0.8210526315789474
0.8210526315789474
0.8210526315789474
0.8210526315789474
0.8210526315789474
0.8210526315789474
0.8210526315789474
0.8210526315789474
0.8210526315789474
0.8210526315789474
0.8210526315789474
0.8210526315789474
0.8210526315789474
0.8210526315789474
0.76
0.76
0.76
0.76
0.76
0.76
0.76
0.76
0.76
0.76
0.76
0.76
0.6888361045130641
0.6888361045130641
0.715
0.715
0.7473684210526316
0.7473684210526316
0.7473684210526316
0.7473684210526316
0.7473684210526316
0.7473684210526316
0.7473684210526316
0.7473684210526316
0.7473684210526316
0.75
0.75
0.75
0.75
0.75
0.6223277909738717
0.5688487584650113
0.5507900677200903
0.5507900677200903
0.5507900677200903
0.5507900677200903
0.5450643776824035
0.5450643776824035
0.5450643776824035
0.5327313769751693
0.582392776523702
0.5598194130925508
0.5598194130925508
0.5278969957081545
0.5278969957081545
0.5278969957081545
0.5278969957081545
0.5021459227467812
0.5021459227467812
0.5021459227467812
0.54627539503386
0.54627539503386
0.54627539503386
0.54627539503386
0.54627539503386
0.54627539503386
0.5938242280285035
0.5938242280285035
0.6555819477434679
0.6555819477434679
0.6555819477434679
0.6555819477434679
0.6555819477434679
0.6555819477434679
0.6555819477434679
0.6555819477434679
0.605
0.605
0.605
0.605
0.605
0.605
0.605
0.605
0.8210526315789474
0.8210526315789474
0.8210526315789474
0.8210526315789474
0.8210526315789474
0.7421052631578947
0.7421052631578947
0.71
0.6745843230403801
0.71
0.71
0.71
0.71
0.715
0.715
0.715
0.6603325415676959
0.6603325415676959
0.636568848758465
0.6230248306997742
0.6270783847980997
0.6270783847980997
0.6270783847980997
0.6270783847980997
0.6270783847980997
0.6270783847980997
0.600451467268623
0.600451467268623
0.600451467268623
0.600451467268623
0.600451467268623
0.600451467268623
0.600451467268623
0.600451467268623
0.600451467268623
0.5622317596566524
0.5622317596566524
0.5622317596566524
0.5622317596566524
0.5622317596566524
0.5622317596566524
0.5306122448979592
0.5320388349514563
0.5320388349514563
0.5320388349514563
0.5320388349514563
0.5320388349514563
0.5320388349514563
0.5320388349514563
0.5320388349514563
0.5320388349514563
0.4816326530612245
0.4621359223300971
0.4658040665434381
0.4658040665434381
0.4128
0.4261744966442953
0.40939597315436244
0.40939597315436244
0.40939597315436244
0.384
0.384
0.384
0.366412213740458
0.366412213740458
0.366412213740458
0.366412213740458
0.3603053435114504
0.35725190839694654
0.35725190839694654
0.35725190839694654
0.3603053435114504
0.3603053435114504
0.3603053435114504
0.3328
0.35570469798657717
0.35570469798657717
0.32
0.31755725190839695
0.3053435114503817
0.26822157434402333
0.26822157434402333
0.27019498607242337
0.27019498607242337
0.2590529247910863
0.2590529247910863
0.26740947075208915
0.25069637883008355
0.25069637883008355
0.2594752186588921
0.2944606413994169
0.2944606413994169
0.2944606413994169
0.29526462395543174
0.2944606413994169
0.2841225626740947
0.2944606413994169
0.2944606413994169
0.2870229007633588
0.27696793002915454
0.8210526315789474
0.8210526315789474
0.8210526315789474
0.8210526315789474
0.8210526315789474
0.8210526315789474
0.8210526315789474
0.8210526315789474
0.8210526315789474
0.725
0.725
0.725
0.725
0.725
0.725
0.725
0.725
0.725
0.725
0.725
0.725
0.725
0.725
0.725
0.725
0.725
0.6365795724465558
0.6365795724465558
0.6365795724465558
0.6365795724465558
0.6365795724465558
0.6365795724465558
0.6365795724465558
0.6460807600950119
0.6275395033860045
0.6275395033860045
0.6275395033860045
0.6275395033860045
0.6275395033860045
0.6275395033860045
0.6275395033860045
0.6275395033860045
0.6275395033860045
0.6275395033860045
0.6275395033860045
0.6460807600950119
0.6460807600950119
0.6460807600950119
0.6460807600950119
0.6460807600950119
0.6460807600950119
0.618510158013544
0.6008583690987125
0.5011286681715575
0.5011286681715575
0.4966139954853273
0.4966139954853273
0.4966139954853273
0.4966139954853273
0.4966139954853273
0.4845605700712589
0.495
0.47368421052631576
0.38
0.38
0.3631578947368421
0.35789473684210527
0.355
0.355
0.4421052631578947
0.4376731301939058
0.5247813411078717
0.5072886297376094
0.4709141274238227
0.4709141274238227
0.40816326530612246
0.40816326530612246
0.40816326530612246
0.4662576687116564
0.4723926380368098
0.47096774193548385
0.47096774193548385
0.47096774193548385
0.4785276073619632
0.4785276073619632
0.4606413994169096
0.42105263157894735
0.3736842105263158
0.375
0.3657957244655582
0.3295711060948081
0.3295711060948081
0.3657957244655582
0.3657957244655582
0.37020316027088035
0.3562231759656652
0.3562231759656652
0.363265306122449
0.3605150214592275
0.3605150214592275
0.645
0.645
0.65
0.65
0.65
0.65
0.65
0.6128266033254157
0.6128266033254157
0.5510688836104513
0.5605700712589073
0.510158013544018
0.510158013544018
0.4604966139954853
0.5083135391923991
0.5083135391923991
0.55
0.55
0.55
0.5320665083135392
0.5320665083135392
0.5320665083135392
0.5320665083135392
0.510158013544018
0.510158013544018
0.4978540772532189
0.4978540772532189
0.4978540772532189
0.4978540772532189
0.4978540772532189
0.4978540772532189
0.5321888412017167
0.5278969957081545
0.5278969957081545
0.5278969957081545
0.5278969957081545
0.45714285714285713
0.4897959183673469
0.4897959183673469
0.4897959183673469
0.4857142857142857
0.426056338028169
0.3926174496644295
0.41946308724832215
0.41946308724832215
0.41946308724832215
0.41946308724832215
0.41946308724832215
0.41946308724832215
0.3877551020408163
0.4
0.4
0.3819241982507289
0.3819241982507289
0.3819241982507289
0.3819241982507289
0.3819241982507289
0.3819241982507289
0.3649025069637883
0.3649025069637883
0.37283621837549935
0.37283621837549935
0.3592356687898089
0.3439024390243902
0.3439024390243902
0.3439024390243902
0.3439024390243902
0.32682926829268294
0.3130841121495327
0.32682926829268294
0.3146341463414634
0.28292682926829266
0.28292682926829266
0.2733644859813084
0.28292682926829266
0.27102803738317754
0.27102803738317754
0.27102803738317754
0.2620380739081747
0.2642777155655095
0.22341568206229862
0.23516237402015677
0.23516237402015677
0.23516237402015677
0.2266355140186916
0.23414634146341465
0.21962616822429906
0.21951219512195122
0.22682926829268293
0.2266355140186916
0.16121495327102803
0.16121495327102803
0.15654205607476634
0.15005599104143338
0.1522956326987682
0.1522956326987682
0.10955961331901182
0.10974244120940649
0.11214953271028037
0.10750279955207166
0.8210526315789474
0.8210526315789474
0.8210526315789474
0.8210526315789474
0.8210526315789474
0.8210526315789474
0.8210526315789474
0.8210526315789474
0.8210526315789474
0.8210526315789474
0.8210526315789474
0.8210526315789474
0.705
0.705
0.6631578947368421
0.6210526315789474
0.6210526315789474
0.6210526315789474
0.6210526315789474
0.6210526315789474
0.6210526315789474
0.5263157894736842
0.5263157894736842
0.5263157894736842
0.5481049562682215
0.5481049562682215
0.5481049562682215
0.465
0.465
0.48931116389548696
0.4650112866817156
0.4650112866817156
0.4108352144469526
0.4108352144469526
0.4108352144469526
0.4108352144469526
0.34763948497854075
0.34763948497854075
0.4248927038626609
0.43792325056433407
0.43792325056433407
0.43792325056433407
0.43792325056433407
0.4469525959367946
0.45493562231759654
0.45493562231759654
0.45493562231759654
0.4592274678111588
0.44081632653061226
0.44081632653061226
0.341747572815534
0.3378640776699029
0.3378640776699029
0.3378640776699029
0.33271719038817005
0.33271719038817005
0.33271719038817005
0.3456
0.3456
0.3523489932885906
0.336
0.336
0.336
0.3648
0.3422818791946309
0.3422818791946309
0.348993288590604
0.35563380281690143
0.35906040268456374
0.352
0.352
0.352
0.3328
0.2953020134228188
0.2953020134228188
0.2953020134228188
0.288
0.288
0.288
0.30201342281879195
0.2944
0.2944
0.2748091603053435
0.2748091603053435
0.28091603053435116
0.2687022900763359
0.2752
0.2785234899328859
0.2624
0.2785234899328859
0.2592
0.24427480916030533
0.23206106870229007
0.20116618075801748
0.19533527696793002
0.18662952646239556
0.18662952646239556
0.18662952646239556
0.18662952646239556
0.19825072886297376
0.8210526315789474
0.8210526315789474
0.755
0.755
0.755
0.755
0.755
0.78
0.684085510688836
0.684085510688836
0.684085510688836
0.684085510688836
0.684085510688836
0.684085510688836
0.684085510688836
0.684085510688836
0.6410835214446953
0.6410835214446953
0.6033254156769596
0.6033254156769596
0.6033254156769596
0.6033254156769596
0.6033254156769596
0.6033254156769596
0.600451467268623
0.575107296137339
0.5372460496613995
0.4655581947743468
0.475
0.475
0.4513064133016627
0.425
0.425
0.425
0.425
0.425
0.4473684210526316
0.4487534626038781
0.49473684210526314
0.49473684210526314
0.49473684210526314
0.49473684210526314
0.485
0.49473684210526314
0.49473684210526314
0.48947368421052634
0.48947368421052634
0.5706371191135734
0.5706371191135734
0.5706371191135734
0.5706371191135734
0.5706371191135734
0.5706371191135734
0.5473684210526316
0.531578947368421
0.531578947368421
0.48
0.48
0.49473684210526314
0.5650969529085873
0.5650969529085873
0.5650969529085873
0.5650969529085873
0.5650969529085873
0.5650969529085873
0.5650969529085873
0.5014577259475219
0.5014577259475219
0.5014577259475219
0.5014577259475219
0.481994459833795
0.481994459833795
0.481994459833795
0.481994459833795
0.5189504373177842
0.5041551246537396
0.565597667638484
0.565597667638484
0.5766871165644172
0.5766871165644172
0.5766871165644172
0.5766871165644172
0.5096774193548387
0.5337423312883436
0.5337423312883436
0.5473684210526316
0.5473684210526316
0.4263157894736842
0.415
0.415
0.41330166270783847
0.3656884875846501
0.39429928741092635
0.38826185101580135
0.38826185101580135
0.38826185101580135
0.33905579399141633
0.3261802575107296
0.3261802575107296
0.3346938775510204
0.8210526315789474
0.8210526315789474
0.8210526315789474
0.8210526315789474
0.8210526315789474
0.8210526315789474
0.8210526315789474
0.8210526315789474
0.8210526315789474
0.8
0.8
0.74
0.74
0.74
0.6526315789473685
0.6526315789473685
0.6260387811634349
0.6260387811634349
0.6260387811634349
0.6260387811634349
0.6260387811634349
0.5714285714285714
0.5714285714285714
0.5714285714285714
0.5644171779141104
0.5644171779141104
0.5644171779141104
0.5644171779141104
0.5644171779141104
0.5644171779141104
0.5644171779141104
0.47230320699708456
0.481994459833795
0.49473684210526314
0.49473684210526314
0.49473684210526314
0.5052631578947369
0.5052631578947369
0.555
0.555
0.555
0.555
0.555
0.5320665083135392
0.510158013544018
0.510158013544018
0.510158013544018
0.5225653206650831
0.5225653206650831
0.5225653206650831
0.5083135391923991
0.5083135391923991
0.5083135391923991
0.5083135391923991
0.5083135391923991
0.5083135391923991
0.4750593824228028
0.4750593824228028
0.40632054176072235
0.3562231759656652
0.39591836734693875
0.39591836734693875
0.3844660194174757
0.3844660194174757
0.3844660194174757
0.3844660194174757
0.3844660194174757
0.3844660194174757
0.34285714285714286
0.3262135922330097
0.3179297597042514
0.3512014787430684
0.3345070422535211
0.31543624161073824
0.37583892617449666
0.37583892617449666
0.37583892617449666
0.3328
0.33893129770992364
0.36946564885496186
0.3469387755102041
0.34402332361516036
0.34402332361516036
0.34402332361516036
0.3323615160349854
0.3323615160349854
0.31754874651810583
0.31754874651810583
0.322237017310253
0.322237017310253
0.31424766977363516
0.30318471337579617
0.2804878048780488
0.2804878048780488
0.2804878048780488
0.2573248407643312
0.2822902796271638
0.267515923566879
0.24713375796178344
0.24634146341463414
0.8210526315789474
0.7811634349030471
0.7811634349030471
0.7811634349030471
0.7811634349030471
0.6980609418282548
0.6980609418282548
0.6368421052631579
0.6368421052631579
0.6094182825484764
0.6094182825484764
0.6094182825484764
0.6094182825484764
0.6094182825484764
0.6094182825484764
0.6094182825484764
0.6094182825484764
0.6094182825484764
0.5539358600583091
0.5539358600583091
0.5539358600583091
0.5539358600583091
0.5521472392638037
0.5521472392638037
0.5521472392638037
0.5521472392638037
0.5597667638483965
0.5521472392638037
0.5521472392638037
0.5521472392638037
0.5521472392638037
0.5521472392638037
0.5521472392638037
0.5644171779141104
0.5644171779141104
0.5644171779141104
0.5644171779141104
0.6297376093294461
0.6239067055393586
0.6239067055393586
0.5484764542936288
0.5484764542936288
0.5484764542936288
0.5484764542936288
0.5484764542936288
0.5484764542936288
0.5484764542936288
0.5484764542936288
0.5484764542936288
0.5484764542936288
0.5484764542936288
0.6239067055393586
0.6239067055393586
0.6239067055393586
0.5484764542936288
0.5842105263157895
0.5842105263157895
0.55
0.5842105263157895
0.5842105263157895
0.6038781163434903
0.6038781163434903
0.6239067055393586
0.6239067055393586
0.6239067055393586
0.5830903790087464
0.5214723926380368
0.5214723926380368
0.5214723926380368
0.5214723926380368
0.5247813411078717
0.5263157894736842
0.5263157894736842
0.5263157894736842
0.535
0.535
0.535
0.5083135391923991
0.5083135391923991
0.5083135391923991
0.5083135391923991
0.51
0.3182897862232779
0.30699774266365687
0.31353919239904987
0.31353919239904987
0.31353919239904987
0.2660332541567696
0.2660332541567696
0.2660332541567696
0.2799097065462754
0.2618510158013544
0.2618510158013544
0.28028503562945367
0.26128266033254155
0.26128266033254155
0.2612244897959184
0.2612244897959184
0.2407766990291262
0.2407766990291262
0.8210526315789474
0.8210526315789474
0.8210526315789474
0.8210526315789474
0.8210526315789474
0.78
0.78
0.78
0.7125890736342043
0.7125890736342043
0.7125890736342043
0.7125890736342043
0.7125890736342043
0.7125890736342043
0.7125890736342043
0.7125890736342043
0.7125890736342043
0.7125890736342043
0.6862302483069977
0.6862302483069977
0.6695278969957081
0.6695278969957081
0.6695278969957081
0.6695278969957081
0.6695278969957081
0.6862302483069977
0.6266094420600858
0.6266094420600858
0.6266094420600858
0.6266094420600858
0.6266094420600858
0.5836734693877551
0.5836734693877551
0.5346938775510204
0.5061224489795918
0.46601941747572817
0.5061224489795918
0.5183673469387755
0.5224489795918368
0.5224489795918368
0.5278969957081545
0.49795918367346936
0.5236051502145923
0.5236051502145923
0.5417607223476298
0.5417607223476298
0.5236051502145923
0.5236051502145923
0.5236051502145923
0.5236051502145923
0.5236051502145923
0.46530612244897956
0.4815533980582524
0.4815533980582524
0.4815533980582524
0.4815533980582524
0.5320388349514563
0.4731977818853974
0.4507042253521127
0.4507042253521127
0.47689463955637706
0.46830985915492956
0.4395973154362416
0.4064
0.4064
0.3328
0.348993288590604
0.3488
0.3450381679389313
0.32653061224489793
0.3297709923664122
0.32653061224489793
0.3370473537604457
0.3469387755102041
0.3469387755102041
0.33147632311977715
0.30892143808255657
0.29027962716378164
0.29027962716378164
0.30362116991643456
0.27298050139275765
0.2636484687083888
0.26496815286624203
0.26496815286624203
0.26496815286624203
0.25121951219512195
0.24065420560747663
0.2780373831775701
0.2780373831775701
0.2687569988801792
0.2687569988801792
0.19932810750279956
0.205607476635514
0.2102803738317757
0.21261682242990654
0.21495327102803738
0.2127659574468085
0.21500559910414332
0.19548872180451127
0.2020618556701031
0.8210526315789474
0.8210526315789474
0.8210526315789474
0.8210526315789474
0.8210526315789474
0.8210526315789474
0.8210526315789474
0.8210526315789474
0.7257617728531855
0.7257617728531855
0.7257617728531855
0.7257617728531855
0.6631578947368421
0.6631578947368421
0.6631578947368421
0.595
0.595
0.595
0.595
0.5985748218527316
0.5985748218527316
0.5985748218527316
0.5985748218527316
0.595
0.595
0.595
0.595
0.46080760095011875
0.12351543942992874
0.13
0.12351543942992874
0.1399548532731377
0.12446351931330472
0.11286681715575621
0.13733905579399142
0.15021459227467812
0.1580135440180587
0.14163090128755365
0.1510204081632653
0.12815533980582525
0.12815533980582525
0.12653061224489795
0.12653061224489795
0.11971830985915492
0.11971830985915492
0.13380281690140844
0.1342281879194631
0.1376
0.15100671140939598
0.15100671140939598
0.15100671140939598
0.15100671140939598
0.1457725947521866
0.1457725947521866
0.12256267409470752
0.11717709720372836
0.11210191082802548
0.12229299363057325
0.11707317073170732
0.11707317073170732
0.11214953271028037
0.10721649484536082
0.09702970297029703
0.10721649484536082
0.09306930693069307
0.08712871287128712
0.0891089108910891
0.0891089108910891
0.08943862987630828
0.10466222645099905
0.10064043915827996
0.09859154929577464
0.10247026532479414
0.10247026532479414
0.09507042253521127
0.09322033898305085
0.0880281690140845
0.10508474576271186
0.10448979591836735
0.11014948859166011
0.11014948859166011
0.10166919575113809
0.09224011713030747
0.09224011713030747
0.09224011713030747
0.09224011713030747
0.09224011713030747
0.13030746705710103
0.13030746705710103
0.13030746705710103
0.13030746705710103
0.13030746705710103
0.13177159590043924
0.13505311077389984
0.13030746705710103
0.12298682284040996
0.12298682284040996
0.12152269399707175
0.12152269399707175
0.12152269399707175
0.8210526315789474
0.8210526315789474
0.8210526315789474
0.8210526315789474
0.8210526315789474
0.8210526315789474
0.8210526315789474
0.8210526315789474
0.8210526315789474
0.8210526315789474
0.725
0.669833729216152
0.669833729216152
0.669833729216152
0.669833729216152
0.669833729216152
0.669833729216152
0.669833729216152
0.669833729216152
0.5778781038374717
0.5778781038374717
0.5778781038374717
0.5778781038374717
0.5778781038374717
0.5778781038374717
0.5778781038374717
0.5493562231759657
0.5493562231759657
0.5493562231759657
0.5493562231759657
0.5224489795918368
0.5224489795918368
0.5021459227467812
0.5237020316027088
0.5237020316027088
0.510158013544018
0.5320665083135392
0.5320665083135392
0.5320665083135392
0.5320665083135392
0.5700712589073634
0.5011286681715575
0.5011286681715575
0.5011286681715575
0.5011286681715575
0.5011286681715575
0.4721030042918455
0.5146726862302483
0.5146726862302483
0.5507900677200903
0.5507900677200903
0.5507900677200903
0.5507900677200903
0.5553047404063205
0.5553047404063205
0.5150214592274678
0.5150214592274678
0.48306997742663654
0.4785553047404063
0.4785553047404063
0.45493562231759654
0.45493562231759654
0.45493562231759654
0.4291845493562232
0.3836734693877551
0.39914163090128757
0.40772532188841204
0.40772532188841204
0.39183673469387753
0.4034334763948498
0.41201716738197425
0.38626609442060084
0.363265306122449
0.34951456310679613
0.34951456310679613
0.34951456310679613
0.3290203327171904
0.34563106796116505
0.3438077634011091
0.3438077634011091
0.33271719038817005
0.33271719038817005
0.33271719038817005
0.33271719038817005
0.33271719038817005
0.33271719038817005
0.39436619718309857
0.41035120147874304
0.41035120147874304
0.41035120147874304
0.45471349353049906
0.45774647887323944
0.45302013422818793
0.45302013422818793
0.45302013422818793
0.45302013422818793
0.416
0.416
0.37604456824512533
0.35153129161118507
0.8210526315789474
0.8210526315789474
0.8210526315789474
0.8210526315789474
0.755
0.755
0.755
0.755
0.755
0.755
0.6947368421052632
0.63
0.63
0.63
0.5684210526315789
0.5684210526315789
0.6
0.6
0.6270783847980997
0.6
0.6
0.6
0.6
0.6
0.6
0.6
0.6
0.6
0.6
0.6736842105263158
0.6736842105263158
0.6736842105263158
0.6736842105263158
0.6736842105263158
0.6736842105263158
0.6736842105263158
0.6736842105263158
0.6736842105263158
0.6736842105263158
0.6736842105263158
0.59
0.59
0.59
0.59
0.59
0.59
0.635
0.635
0.635
0.503562945368171
0.52
0.4655581947743468
0.45
0.45
0.45
0.4473684210526316
0.4473684210526316
0.4473684210526316
0.4473684210526316
0.4986149584487535
0.4
0.4
0.4
0.4
0.42105263157894735
0.42105263157894735
0.4
0.4
0.38
0.38421052631578945
0.3988919667590028
0.3988919667590028
0.3988919667590028
0.5041551246537396
0.4789473684210526
0.4789473684210526
0.4789473684210526
0.5041551246537396
0.5041551246537396
0.5041551246537396
0.5041551246537396
0.5041551246537396
0.5041551246537396
0.5041551246537396
0.5041551246537396
0.5083135391923991
0.5083135391923991
0.45598194130925507
0.45598194130925507
0.4469525959367946
0.4323040380047506
0.43340857787810383
0.44206008583690987
0.4966139954853273
0.4592274678111588
0.49209932279909707
0.5282167042889391
0.5282167042889391
0.5150214592274678
0.5150214592274678
0.8210526315789474
0.8210526315789474
0.8210526315789474
0.8210526315789474
0.8210526315789474
0.8210526315789474
0.8210526315789474
0.8210526315789474
0.8210526315789474
0.8210526315789474
0.8210526315789474
0.8210526315789474
0.8210526315789474
0.8210526315789474
0.8210526315789474
0.8210526315789474
0.8210526315789474
0.8210526315789474
0.7052631578947368
0.6094182825484764
0.6094182825484764
0.5947368421052631
0.585
0.5748218527315915
0.5748218527315915
0.5748218527315915
0.47404063205417607
0.47404063205417607
0.35665914221218964
0.35665914221218964
0.3431151241534989
0.3431151241534989
0.3431151241534989
0.3792325056433409
0.3648068669527897
0.4034334763948498
0.4034334763948498
0.3948497854077253
0.3948497854077253
0.3948497854077253
0.32653061224489793
0.32653061224489793
0.32653061224489793
0.29902912621359223
0.29902912621359223
0.29902912621359223
0.29902912621359223
0.24029574861367836
0.24029574861367836
0.24029574861367836
0.24647887323943662
0.25508317929759705
0.2513863216266174
0.2513863216266174
0.22887323943661972
0.22887323943661972
0.2181208053691275
0.22183098591549297
0.22183098591549297
0.17375231053604437
0.176056338028169
0.17785234899328858
0.1888
0.1801526717557252
0.16909620991253643
0.16909620991253643
0.17099236641221374
0.17099236641221374
0.17099236641221374
0.16326530612244897
0.17201166180758018
0.20891364902506965
0.19440745672436752
0.20891364902506965
0.18292682926829268
0.1658878504672897
0.1658878504672897
0.1658878504672897
0.1702127659574468
0.1611170784103115
0.16494845360824742
0.13963480128893663
0.12989690721649486
0.13267326732673268
0.1351094196003806
0.1372369624885636
0.1372369624885636
0.1372369624885636
0.12559467174119887
0.12673267326732673
0.13402061855670103
0.14845360824742268
0.15247524752475247
0.15445544554455445
0.15445544554455445
0.15445544554455445
0.15413891531874405
0.1445562671546203
0.14652711703139867
0.15247524752475247
0.8210526315789474
0.8210526315789474
0.8210526315789474
0.8210526315789474
0.8210526315789474
0.8210526315789474
0.8052631578947368
0.7315789473684211
0.7315789473684211
0.7315789473684211
0.7315789473684211
0.7315789473684211
0.7315789473684211
0.7315789473684211
0.7315789473684211
0.7315789473684211
0.7315789473684211
0.7315789473684211
0.7315789473684211
0.7315789473684211
0.7315789473684211
0.7315789473684211
0.7315789473684211
0.7315789473684211
0.7315789473684211
0.695
0.695
0.695
0.6365795724465558
0.6365795724465558
0.600451467268623
0.600451467268623
0.600451467268623
0.5579399141630901
0.5579399141630901
0.5579399141630901
0.5579399141630901
0.5387755102040817
0.5579399141630901
0.5836909871244635
0.5836909871244635
0.5836909871244635
0.5836909871244635
0.5714285714285714
0.5714285714285714
0.5714285714285714
0.5714285714285714
0.5714285714285714
0.5359223300970873
0.5359223300970873
0.5359223300970873
0.5138632162661737
0.5138632162661737
0.5359223300970873
0.4897959183673469
0.4897959183673469
0.4897959183673469
0.43661971830985913
0.45774647887323944
0.45774647887323944
0.4395973154362416
0.4395973154362416
0.4256
0.4256
0.4429530201342282
0.4429530201342282
0.40939597315436244
0.40939597315436244
0.412751677852349
0.412751677852349
0.40939597315436244
0.40939597315436244
0.3936
0.38778625954198476
0.38778625954198476
0.38778625954198476
0.3744
0.3456
0.332824427480916
0.3552
0.3450381679389313
0.3323615160349854
0.3323615160349854
0.3286908077994429
0.3286908077994429
0.3286908077994429
0.3286908077994429
0.3286908077994429
0.3286908077994429
0.3203342618384401
0.3203342618384401
0.3062583222370173
0.3062583222370173
0.3062583222370173
0.29044585987261146
0.2878980891719745
0.3009320905459387
0.2929936305732484
0.2929936305732484
0.275609756097561
0.6925207756232687
0.6925207756232687
0.6925207756232687
0.6925207756232687
0.6925207756232687
0.6925207756232687
0.6925207756232687
0.665083135391924
0.665083135391924
0.685
0.6263157894736842
0.6263157894736842
0.6263157894736842
0.6038781163434903
0.6038781163434903
0.6894736842105263
0.6894736842105263
0.6894736842105263
0.6894736842105263
0.62
0.62
0.62
0.62
0.62
0.62
0.62
0.62
0.62
0.62
0.62
0.62
0.62
0.62
0.62
0.62
0.6894736842105263
0.6894736842105263
0.6894736842105263
0.65
0.65
0.65
0.65
0.65
0.65
0.65
0.65
0.65
0.6157894736842106
0.635
0.635
0.6413301662707839
0.635
0.635
0.635
0.59
0.59
0.5320665083135392
0.5282167042889391
0.5282167042889391
0.5237020316027088
0.5191873589164786
0.5146726862302483
0.49406175771971494
0.4966139954853273
0.4966139954853273
0.4978540772532189
0.4978540772532189
0.4978540772532189
0.4978540772532189
0.4978540772532189
0.4978540772532189
0.4978540772532189
0.4721030042918455
0.46952595936794583
0.46952595936794583
0.4678111587982833
0.4678111587982833
0.47404063205417607
0.47639484978540775
0.44243792325056436
0.44243792325056436
0.44243792325056436
0.4513064133016627
0.44655581947743467
0.5130641330166271
0.5130641330166271
0.5130641330166271
0.545
0.545
0.55
0.55
0.55
0.55
0.5368171021377672
0.517814726840855
0.517814726840855
0.517814726840855
0.517814726840855
0.5191873589164786
0.5191873589164786
0.8210526315789474
0.8210526315789474
0.8210526315789474
0.8210526315789474
0.8210526315789474
0.8210526315789474
0.705
0.66
0.66
0.66
0.66
0.66
0.66
0.66
0.66
0.7631578947368421
0.7631578947368421
0.7631578947368421
0.7631578947368421
0.7631578947368421
0.7631578947368421
0.7631578947368421
0.7631578947368421
0.7631578947368421
0.7631578947368421
0.7631578947368421
0.7631578947368421
0.7631578947368421
0.7631578947368421
0.7631578947368421
0.7631578947368421
0.7631578947368421
0.7631578947368421
0.7631578947368421
0.7631578947368421
0.7631578947368421
0.7631578947368421
0.7631578947368421
0.7631578947368421
0.685
0.685
0.6080760095011877
0.6080760095011877
0.6080760095011877
0.6080760095011877
0.68
0.68
0.6368421052631579
0.6368421052631579
0.6368421052631579
0.6368421052631579
0.6368421052631579
0.6368421052631579
0.6368421052631579
0.7146814404432132
0.7146814404432132
0.7146814404432132
0.6105263157894737
0.54
0.54
0.517814726840855
0.517814726840855
0.517814726840855
0.517814726840855
0.4966139954853273
0.4966139954853273
0.4966139954853273
0.4966139954853273
0.4966139954853273
0.5107296137339056
0.49795918367346936
0.5236051502145923
0.5236051502145923
0.5536480686695279
0.5536480686695279
0.5321888412017167
0.5321888412017167
0.5321888412017167
0.5107296137339056
0.47404063205417607
0.463519313304721
0.42448979591836733
0.39611650485436894
0.3844731977818854
0.3591549295774648
0.3187919463087248
0.3187919463087248
0.336
0.336
0.34563758389261745
0.348993288590604
0.33557046979865773
0.33557046979865773
0.3168
0.3296
0.3297709923664122
0.3297709923664122
0.3297709923664122
0.3232
0.33221476510067116
0.8210526315789474
0.8210526315789474
0.8210526315789474
0.8210526315789474
0.8210526315789474
0.8210526315789474
0.8210526315789474
0.8210526315789474
0.8210526315789474
0.8210526315789474
0.775623268698061
0.775623268698061
0.775623268698061
0.775623268698061
0.775623268698061
0.7263157894736842
0.7263157894736842
0.7263157894736842
0.7263157894736842
0.7263157894736842
0.7263157894736842
0.7263157894736842
0.7263157894736842
0.631578947368421
0.631578947368421
0.631578947368421
0.631578947368421
0.5650969529085873
0.5263157894736842
0.51
0.47980997624703087
0.44243792325056436
0.44243792325056436
0.5237020316027088
0.5237020316027088
0.5237020316027088
0.5237020316027088
0.5237020316027088
0.5236051502145923
0.5236051502145923
0.5236051502145923
0.5236051502145923
0.5236051502145923
0.4678111587982833
0.4448979591836735
0.4448979591836735
0.4448979591836735
0.4448979591836735
0.4448979591836735
0.4448979591836735
0.42330097087378643
0.42330097087378643
0.4288354898336414
0.4084507042253521
0.4288354898336414
0.45048543689320386
0.45048543689320386
0.46210720887245843
0.4658040665434381
0.44271844660194176
0.44271844660194176
0.44271844660194176
0.41941747572815535
0.436241610738255
0.4295774647887324
0.3908450704225352
0.37583892617449666
0.352
0.3691275167785235
0.3648
0.3648
0.3648
0.3480916030534351
0.3480916030534351
0.332824427480916
0.3488
0.31543624161073824
0.31543624161073824
0.3168
0.3389261744966443
0.3389261744966443
0.3232
0.3232
0.3328
0.2976
0.2976
0.20763358778625954
0.2304
0.22595419847328244
0.27113702623906705
0.26822157434402333
0.26822157434402333
0.23323615160349853
0.23323615160349853
0.24489795918367346
0.2564885496183206
0.2592
0.27181208053691275
0.27181208053691275
0.28169014084507044
0.8210526315789474
0.7473684210526316
0.7473684210526316
0.7473684210526316
0.7473684210526316
0.7473684210526316
0.7052631578947368
0.7052631578947368
0.7052631578947368
0.7052631578947368
0.7052631578947368
0.7052631578947368
0.6631578947368421
0.6631578947368421
0.6631578947368421
0.6631578947368421
0.6631578947368421
0.6631578947368421
0.6631578947368421
0.6631578947368421
0.6631578947368421
0.6631578947368421
0.72
0.72
0.6888361045130641
0.6888361045130641
0.6888361045130641
0.6888361045130641
0.6888361045130641
0.6888361045130641
0.6888361045130641
0.6888361045130641
0.62
0.62
0.62
0.62
0.62
0.62
0.62
0.5263157894736842
0.5263157894736842
0.5263157894736842
0.5263157894736842
0.44
0.44
0.44
0.44
0.3894736842105263
0.3894736842105263
0.3894736842105263
0.3894736842105263
0.37
0.3631578947368421
0.31
0.31
0.2992874109263658
0.2992874109263658
0.2992874109263658
0.2992874109263658
0.28893905191873587
0.2875536480686695
0.2875536480686695
0.2653061224489796
0.2532188841201717
0.2938775510204082
0.31020408163265306
0.3067961165048544
0.30612244897959184
0.30612244897959184
0.30612244897959184
0.283495145631068
0.2816326530612245
0.27467811158798283
0.2809611829944547
0.2809611829944547
0.2912621359223301
0.2912621359223301
0.32162661737523107
0.34011090573012936
0.34951456310679613
0.33271719038817005
0.33271719038817005
0.33271719038817005
0.352112676056338
0.3523489932885906
0.3523489932885906
0.3523489932885906
0.3345070422535211
0.348993288590604
0.3488
0.3389261744966443
0.3232
0.3232
0.3584
0.3712
0.3744
0.3744
0.3744
0.3968
0.3968
0.8210526315789474
0.8210526315789474
0.8210526315789474
0.73
0.8210526315789474
0.8210526315789474
0.8210526315789474
0.8210526315789474
0.8210526315789474
0.8210526315789474
0.8210526315789474
0.8210526315789474
0.8210526315789474
0.8210526315789474
0.8210526315789474
0.8210526315789474
0.8210526315789474
0.8210526315789474
0.705
0.705
0.705
0.8210526315789474
0.8210526315789474
0.8210526315789474
0.735
0.735
0.735
0.735
0.735
0.735
0.735
0.735
0.735
0.735
0.735
0.735
0.6894736842105263
0.6894736842105263
0.6894736842105263
0.7811634349030471
0.7811634349030471
0.7263157894736842
0.7263157894736842
0.7263157894736842
0.7263157894736842
0.7263157894736842
0.7263157894736842
0.7263157894736842
0.7263157894736842
0.67
0.6413301662707839
0.6413301662707839
0.6413301662707839
0.6413301662707839
0.6413301662707839
0.6413301662707839
0.66
0.66
0.66
0.6033254156769596
0.6033254156769596
0.6033254156769596
0.6033254156769596
0.5985748218527316
0.5142857142857142
0.5142857142857142
0.4893203883495146
0.4893203883495146
0.4893203883495146
0.4893203883495146
0.4893203883495146
0.4893203883495146
0.4893203883495146
0.46950092421441775
0.46950092421441775
0.4471830985915493
0.4471830985915493
0.44014084507042256
0.44014084507042256
0.44014084507042256
0.44014084507042256
0.44014084507042256
0.44014084507042256
0.2992957746478873
0.2992957746478873
0.28187919463087246
0.2784
0.2784
0.2784
0.2784
0.2778625954198473
0.2594752186588921
0.26239067055393583
0.2562674094707521
0.2562674094707521
0.24766977363515313
0.22929936305732485
0.22929936305732485
0.22420382165605096
0.22420382165605096
0.8210526315789474
0.8210526315789474
0.8210526315789474
0.8210526315789474
0.8210526315789474
0.8210526315789474
0.8210526315789474
0.8210526315789474
0.8210526315789474
0.8210526315789474
0.8210526315789474
0.8210526315789474
0.8210526315789474
0.8210526315789474
0.8210526315789474
0.8210526315789474
0.8210526315789474
0.8210526315789474
0.8210526315789474
0.8210526315789474
0.7257617728531855
0.7257617728531855
0.7257617728531855
0.7257617728531855
0.7257617728531855
0.7257617728531855
0.7257617728531855
0.7257617728531855
0.7257617728531855
0.7257617728531855
0.7257617728531855
0.7257617728531855
0.7257617728531855
0.6592797783933518
0.6592797783933518
0.6592797783933518
0.6592797783933518
0.6592797783933518
0.6038781163434903
0.5083135391923991
0.5083135391923991
0.5083135391923991
0.48306997742663654
0.4678111587982833
0.4678111587982833
0.4678111587982833
0.49209932279909707
0.5146726862302483
0.5146726862302483
0.5146726862302483
0.5146726862302483
0.5146726862302483
0.5146726862302483
0.5146726862302483
0.48068669527896996
0.48068669527896996
0.48068669527896996
0.4775510204081633
0.43106796116504853
0.39186691312384475
0.3068391866913124
0.3068391866913124
0.3179297597042514
0.3179297597042514
0.3179297597042514
0.3068391866913124
0.3068391866913124
0.3068391866913124
0.3068391866913124
0.30633802816901406
0.29944547134935307
0.2992957746478873
0.2992957746478873
0.2992957746478873
0.29944547134935307
0.29944547134935307
0.29944547134935307
0.3029126213592233
0.3306122448979592
0.32233009708737864
0.32233009708737864
0.28835489833641403
0.27816901408450706
0.27816901408450706
0.2986577181208054
0.2992957746478873
0.29194630872483224
0.27988338192419826
0.3119533527696793
0.3119533527696793
0.28396946564885495
0.28396946564885495
0.28396946564885495
0.28396946564885495
0.2944
0.2944
0.2870229007633588
0.27405247813411077
0.27405247813411077
0.1282798833819242
0.8210526315789474
0.8210526315789474
0.8210526315789474
0.8210526315789474
0.8210526315789474
0.8210526315789474
0.7811634349030471
0.7811634349030471
0.7811634349030471
0.7811634349030471
0.7811634349030471
0.7811634349030471
0.7811634349030471
0.7811634349030471
0.7811634349030471
0.7811634349030471
0.7988338192419825
0.7988338192419825
0.7988338192419825
0.7988338192419825
0.7988338192419825
0.7988338192419825
0.6748466257668712
0.6748466257668712
0.6748466257668712
0.47230320699708456
0.47230320699708456
0.6748466257668712
0.6625766871165644
0.6625766871165644
0.6625766871165644
0.6122448979591837
0.6122448979591837
0.6122448979591837
0.6122448979591837
0.6122448979591837
0.6122448979591837
0.5983379501385041
0.5983379501385041
0.5983379501385041
0.5526315789473685
0.5983379501385041
0.5983379501385041
0.6122448979591837
0.5983379501385041
0.5983379501385041
0.5983379501385041
0.5983379501385041
0.5263157894736842
0.415
0.4473684210526316
0.4473684210526316
0.4473684210526316
0.4473684210526316
0.4473684210526316
0.45429362880886426
0.4839650145772595
0.4839650145772595
0.4839650145772595
0.478134110787172
0.478134110787172
0.5597667638483965
0.5597667638483965
0.5597667638483965
0.5597667638483965
0.5597667638483965
0.577259475218659
0.577259475218659
0.577259475218659
0.577259475218659
0.577259475218659
0.577259475218659
0.577259475218659
0.577259475218659
0.577259475218659
0.577259475218659
0.577259475218659
0.577259475218659
0.577259475218659
0.577259475218659
0.577259475218659
0.577259475218659
0.577259475218659
0.577259475218659
0.577259475218659
0.577259475218659
0.53
0.5052631578947369
0.5052631578947369
0.5052631578947369
0.485
0.44655581947743467
0.44655581947743467
0.43
0.43
0.43
0.43
0.47368421052631576
0.455
0.4473684210526316
0.76
0.76
0.8210526315789474
0.8210526315789474
0.8210526315789474
0.715
0.715
0.6175771971496437
0.6175771971496437
0.6175771971496437
0.6175771971496437
0.6175771971496437
0.6175771971496437
0.5507900677200903
0.5507900677200903
0.5507900677200903
0.5507900677200903
0.5507900677200903
0.5321888412017167
0.5142857142857142
0.5142857142857142
0.5142857142857142
0.5142857142857142
0.5142857142857142
0.5102040816326531
0.3948497854077253
0.3948497854077253
0.3948497854077253
0.3673469387755102
0.3673469387755102
0.5020408163265306
0.5020408163265306
0.5020408163265306
0.5020408163265306
0.5020408163265306
0.5278969957081545
0.5278969957081545
0.5278969957081545
0.5278969957081545
0.5278969957081545
0.5278969957081545
0.5278969957081545
0.5278969957081545
0.5278969957081545
0.5278969957081545
0.5278969957081545
0.5278969957081545
0.5278969957081545
0.5278969957081545
0.5278969957081545
0.5278969957081545
0.5278969957081545
0.5278969957081545
0.5278969957081545
0.5450643776824035
0.5146726862302483
0.51931330472103
0.5417607223476298
0.5320665083135392
0.5558194774346793
0.5130641330166271
0.5130641330166271
0.5130641330166271
0.45598194130925507
0.45598194130925507
0.45598194130925507
0.45598194130925507
0.44206008583690987
0.43776824034334766
0.43776824034334766
0.43776824034334766
0.37142857142857144
0.36893203883495146
0.36893203883495146
0.36893203883495146
0.3339805825242718
0.3339805825242718
0.3339805825242718
0.32532347504621073
0.32532347504621073
0.3733826247689464
0.3733826247689464
0.3733826247689464
0.3844660194174757
0.4029574861367837
0.4029574861367837
0.4029574861367837
0.39223300970873787
0.37551020408163266
0.37551020408163266
0.3795918367346939
0.41901408450704225
0.41901408450704225
0.37919463087248323
0.37919463087248323
0.3904
0.3267175572519084
0.3119533527696793
0.29526462395543174
0.28495339547270304
0.8210526315789474
0.8210526315789474
0.8052631578947368
0.8052631578947368
0.8052631578947368
0.8052631578947368
0.8052631578947368
0.8052631578947368
0.8052631578947368
0.695
0.745
0.745
0.7263157894736842
0.7263157894736842
0.7263157894736842
0.7263157894736842
0.7263157894736842
0.7263157894736842
0.7263157894736842
0.7263157894736842
0.7263157894736842
0.7263157894736842
0.7263157894736842
0.7263157894736842
0.7977839335180056
0.7977839335180056
0.7977839335180056
0.7977839335180056
0.7977839335180056
0.7977839335180056
0.7977839335180056
0.7977839335180056
0.7977839335180056
0.7977839335180056
0.7977839335180056
0.7977839335180056
0.7977839335180056
0.7977839335180056
0.7977839335180056
0.7977839335180056
0.7977839335180056
0.7977839335180056
0.7977839335180056
0.7977839335180056
0.7977839335180056
0.7988338192419825
0.7479224376731302
0.7479224376731302
0.7479224376731302
0.6759002770083102
0.6759002770083102
0.6759002770083102
0.6759002770083102
0.6759002770083102
0.6759002770083102
0.6759002770083102
0.6759002770083102
0.6759002770083102
0.6759002770083102
0.6759002770083102
0.631578947368421
0.631578947368421
0.6426592797783933
0.6426592797783933
0.6064139941690962
0.6064139941690962
0.6064139941690962
0.6064139941690962
0.6064139941690962
0.6064139941690962
0.5214723926380368
0.5337423312883436
0.5337423312883436
0.5337423312883436
0.5337423312883436
0.5337423312883436
0.6239067055393586
0.6239067055393586
0.588957055214724
0.588957055214724
0.5766871165644172
0.5766871165644172
0.5766871165644172
0.5766871165644172
0.4967741935483871
0.4967741935483871
0.49693251533742333
0.49693251533742333
0.5014577259475219
0.5014577259475219
0.49693251533742333
0.49693251533742333
0.49693251533742333
0.4967741935483871
0.4967741935483871
0.4967741935483871
0.4967741935483871
0.5032258064516129
0.5032258064516129
0.5032258064516129
0.8210526315789474
0.8210526315789474
0.75
0.75
0.75
0.75
0.75
0.75
0.75
0.75
0.75
0.75
0.75
0.75
0.75
0.8210526315789474
0.8210526315789474
0.8210526315789474
0.78
0.78
0.6935866983372921
0.6935866983372921
0.6935866983372921
0.6935866983372921
0.6935866983372921
0.6935866983372921
0.6935866983372921
0.6935866983372921
0.6935866983372921
0.654627539503386
0.654627539503386
0.654627539503386
0.654627539503386
0.654627539503386
0.654627539503386
0.654627539503386
0.6033254156769596
0.6033254156769596
0.5415676959619953
0.595
0.59
0.59
0.59
0.59
0.56
0.53
0.5052631578947369
0.43
0.4323040380047506
0.4323040380047506
0.3792325056433409
0.37339055793991416
0.37339055793991416
0.37339055793991416
0.3510204081632653
0.3510204081632653
0.341747572815534
0.341747572815534
0.341747572815534
0.28835489833641403
0.28835489833641403
0.28835489833641403
0.27816901408450706
0.28187919463087246
0.2752
0.28187919463087246
0.2751677852348993
0.2751677852348993
0.2751677852348993
0.28169014084507044
0.28169014084507044
0.28169014084507044
0.28859060402684567
0.2912
0.3296
0.33557046979865773
0.33557046979865773
0.33557046979865773
0.33557046979865773
0.33557046979865773
0.3104
0.2717557251908397
0.27113702623906705
0.2748091603053435
0.2848
0.2848
0.2848
0.2848
0.29194630872483224
0.2752
0.2717557251908397
0.288
0.28396946564885495
0.23615160349854228
0.22284122562674094
0.22562674094707522
0.21865889212827988
0.21865889212827988
0.21865889212827988
0.24122137404580152
0.8210526315789474
0.8210526315789474
0.8210526315789474
0.7526315789473684
0.7526315789473684
0.7526315789473684
0.7526315789473684
0.7526315789473684
0.7526315789473684
0.7526315789473684
0.665
0.665
0.675
0.675
0.67
0.67
0.5890736342042755
0.5890736342042755
0.5890736342042755
0.5890736342042755
0.5890736342042755
0.5890736342042755
0.5890736342042755
0.5890736342042755
0.5778781038374717
0.6508313539192399
0.6508313539192399
0.6139954853273137
0.5959367945823928
0.5959367945823928
0.5959367945823928
0.5843230403800475
0.61
0.61
0.61
0.61
0.61
0.61
0.61
0.6270783847980997
0.6270783847980997
0.6270783847980997
0.5959367945823928
0.5959367945823928
0.6139954853273137
0.6139954853273137
0.6139954853273137
0.6139954853273137
0.6139954853273137
0.5914221218961625
0.618510158013544
0.618510158013544
0.618510158013544
0.618510158013544
0.618510158013544
0.618510158013544
0.618510158013544
0.618510158013544
0.5493562231759657
0.5493562231759657
0.5493562231759657
0.5493562231759657
0.5493562231759657
0.5493562231759657
0.5450643776824035
0.5450643776824035
0.4775510204081633
0.4225352112676056
0.4225352112676056
0.4225352112676056
0.40268456375838924
0.40268456375838924
0.40268456375838924
0.3872
0.3872
0.3872
0.4032
0.4032
0.384
0.384
0.40604026845637586
0.384
0.3511450381679389
0.3755725190839695
0.3755725190839695
0.3755725190839695
0.3755725190839695
0.3755725190839695
0.3755725190839695
0.3556851311953353
0.3556851311953353
0.3556851311953353
0.35097493036211697
0.322237017310253
0.3195739014647137
0.3195739014647137
0.3195739014647137
0.322237017310253
0.30828025477707005
0.30828025477707005
0.8210526315789474
0.8210526315789474
0.8210526315789474
0.8210526315789474
0.8210526315789474
0.7368421052631579
0.7368421052631579
0.7125890736342043
0.6888361045130641
0.6888361045130641
0.6888361045130641
0.44243792325056436
0.3905579399141631
0.3905579399141631
0.3905579399141631
0.3877551020408163
0.3877551020408163
0.3877551020408163
0.3877551020408163
0.3877551020408163
0.3877551020408163
0.3877551020408163
0.42448979591836733
0.4326530612244898
0.4326530612244898
0.4326530612244898
0.43673469387755104
0.4388349514563107
0.43622920517560076
0.43622920517560076
0.4154929577464789
0.35906040268456374
0.35906040268456374
0.35906040268456374
0.35906040268456374
0.35906040268456374
0.35906040268456374
0.35906040268456374
0.3591549295774648
0.3591549295774648
0.3626760563380282
0.3626760563380282
0.3626760563380282
0.33221476510067116
0.3232
0.3187919463087248
0.3345070422535211
0.3345070422535211
0.3345070422535211
0.3187919463087248
0.3187919463087248
0.3187919463087248
0.3187919463087248
0.3168
0.3904
0.3904
0.3904
0.3904
0.3904
0.3904
0.3904
0.3904
0.3904
0.3904
0.3904
0.36335877862595417
0.36335877862595417
0.36335877862595417
0.36335877862595417
0.36335877862595417
0.3603053435114504
0.3294460641399417
0.2924791086350975
0.2822902796271638
0.322237017310253
0.30828025477707005
0.30828025477707005
0.2663115845539281
0.25348189415041783
0.27019498607242337
0.233983286908078
0.233983286908078
0.22636484687083888
0.24233983286908078
0.23676880222841226
0.2395543175487465
0.26239067055393583
0.26239067055393583
0.26239067055393583
0.24233983286908078
0.2536443148688047
0.26740947075208915
0.24500665778961384
0.24766977363515313
0.24766977363515313
0.14763231197771587
0.15877437325905291
0.15712383488681758
0.15796178343949044
0.15853658536585366
0.8210526315789474
0.8210526315789474
0.8210526315789474
0.8210526315789474
0.7368421052631579
0.7368421052631579
0.7368421052631579
0.7368421052631579
0.6880466472303207
0.6880466472303207
0.6880466472303207
0.6260387811634349
0.554016620498615
0.565597667638484
0.565597667638484
0.565597667638484
0.565597667638484
0.565597667638484
0.565597667638484
0.565597667638484
0.565597667638484
0.565597667638484
0.554016620498615
0.554016620498615
0.6180758017492711
0.6180758017492711
0.6180758017492711
0.6180758017492711
0.6180758017492711
0.6180758017492711
0.6180758017492711
0.6180758017492711
0.6257668711656442
0.6257668711656442
0.6257668711656442
0.6257668711656442
0.6257668711656442
0.6257668711656442
0.641399416909621
0.641399416909621
0.641399416909621
0.641399416909621
0.641399416909621
0.641399416909621
0.641399416909621
0.641399416909621
0.641399416909621
0.641399416909621
0.641399416909621
0.6481994459833795
0.5736842105263158
0.5429362880886427
0.5157894736842106
0.5157894736842106
0.5157894736842106
0.495
0.495
0.495
0.495
0.5157894736842106
0.5157894736842106
0.5157894736842106
0.5
0.49473684210526314
0.49473684210526314
0.49473684210526314
0.49473684210526314
0.49473684210526314
0.49473684210526314
0.37
0.3515439429928741
0.3515439429928741
0.3515439429928741
0.355
0.3736842105263158
0.3736842105263158
0.3736842105263158
0.3736842105263158
0.3767313019390582
0.3473684210526316
0.3473684210526316
0.3473684210526316
0.3656509695290859
0.4052631578947368
0.4052631578947368
0.42105263157894735
0.42105263157894735
0.41
0.41
0.41
0.365
0.365
0.35629453681710216
0.33860045146726864
0.33860045146726864
0.33860045146726864
0.33860045146726864
0.342042755344418
0.342042755344418
0.342042755344418
0.8210526315789474
0.8210526315789474
0.8210526315789474
0.8210526315789474
0.8210526315789474
0.8210526315789474
0.8210526315789474
0.8210526315789474
0.8210526315789474
0.8052631578947368
0.8052631578947368
0.715
0.7578947368421053
0.7578947368421053
0.7578947368421053
0.7578947368421053
0.7578947368421053
0.7578947368421053
0.7578947368421053
0.7578947368421053
0.7578947368421053
0.7578947368421053
0.7578947368421053
0.7578947368421053
0.7578947368421053
0.7578947368421053
0.7578947368421053
0.7578947368421053
0.72
0.72
0.72
0.72
0.72
0.72
0.6051502145922747
0.5755102040816327
0.5278969957081545
0.5278969957081545
0.5278969957081545
0.5224489795918368
0.5224489795918368
0.5224489795918368
0.512621359223301
0.5048543689320388
0.5048543689320388
0.5048543689320388
0.4597315436241611
0.4597315436241611
0.4597315436241611
0.4563758389261745
0.4448
0.4448
0.432
0.4152671755725191
0.4152671755725191
0.4152671755725191
0.3177842565597668
0.3177842565597668
0.3177842565597668
0.3177842565597668
0.3177842565597668
0.3177842565597668
0.31197771587743733
0.31197771587743733
0.31197771587743733
0.2982689747003995
0.28133704735376047
0.28133704735376047
0.2915451895043732
0.28690807799442897
0.2982689747003995
0.2982689747003995
0.2982689747003995
0.28133704735376047
0.26897470039946736
0.2618384401114206
0.2618384401114206
0.27405247813411077
0.27405247813411077
0.27019498607242337
0.2886297376093295
0.28133704735376047
0.27113702623906705
0.09037900874635568
0.09192200557103064
0.09912536443148688
0.10787172011661808
0.11977715877437325
0.11717709720372836
0.11464968152866242
0.11219512195121951
0.12195121951219512
0.12195121951219512
0.12229299363057325
0.12195121951219512
0.12195121951219512
0.11682242990654206
0.11448598130841121
0.1187010078387458
0.12383177570093458
0.8210526315789474
0.8210526315789474
0.8210526315789474
0.8210526315789474
0.75
0.75
0.75
0.75
0.7473684210526316
0.7473684210526316
0.7473684210526316
0.7473684210526316
0.7473684210526316
0.7473684210526316
0.7473684210526316
0.7473684210526316
0.72
0.72
0.72
0.7473684210526316
0.7473684210526316
0.7473684210526316
0.7473684210526316
0.7473684210526316
0.69
0.69
0.69
0.69
0.6793349168646081
0.69
0.69
0.62
0.5890736342042755
0.5890736342042755
0.5890736342042755
0.5890736342042755
0.5890736342042755
0.5643340857787811
0.5273159144893111
0.565
0.5894736842105263
0.5894736842105263
0.5894736842105263
0.5631578947368421
0.5
0.43
0.43
0.41578947368421054
0.41578947368421054
0.405
0.342042755344418
0.342042755344418
0.342042755344418
0.29345372460496616
0.2832618025751073
0.29345372460496616
0.29345372460496616
0.2755344418052256
0.2517814726840855
0.22802850356294538
0.28
0.28
0.29473684210526313
0.29473684210526313
0.17894736842105263
0.16
0.16
0.1631578947368421
0.20498614958448755
0.2
0.2
0.2
0.21052631578947367
0.1994459833795014
0.22802850356294538
0.205
0.205
0.19477434679334918
0.19477434679334918
0.19477434679334918
0.2
0.2
0.2
0.19742489270386265
0.1986455981941309
0.19313304721030042
0.15349887133182843
0.14726840855106887
0.14446952595936793
0.14446952595936793
0.14446952595936793
0.14726840855106887
0.1580135440180587
0.15879828326180256
0.15879828326180256
0.18510158013544017
0.18510158013544017
0.18510158013544017
0.19477434679334918
0.2530612244897959
0.8210526315789474
0.8210526315789474
0.8210526315789474
0.8210526315789474
0.8210526315789474
0.8210526315789474
0.8210526315789474
0.8210526315789474
0.7091412742382271
0.6684210526315789
0.6684210526315789
0.6684210526315789
0.6684210526315789
0.6684210526315789
0.6684210526315789
0.6684210526315789
0.6684210526315789
0.6684210526315789
0.6684210526315789
0.6684210526315789
0.6684210526315789
0.62
0.6684210526315789
0.6736842105263158
0.6736842105263158
0.6736842105263158
0.6736842105263158
0.575
0.5605700712589073
0.5688487584650113
0.6033254156769596
0.5688487584650113
0.5688487584650113
0.5688487584650113
0.5688487584650113
0.5688487584650113
0.5688487584650113
0.5748218527315915
0.5748218527315915
0.585
0.585
0.585
0.58
0.58
0.58
0.5558194774346793
0.48758465011286684
0.4678111587982833
0.4678111587982833
0.4448979591836735
0.4248927038626609
0.4248927038626609
0.4248927038626609
0.43776824034334766
0.43776824034334766
0.45146726862302483
0.45146726862302483
0.45146726862302483
0.4655581947743468
0.4655581947743468
0.4655581947743468
0.4
0.4
0.4
0.4
0.405
0.405
0.42280285035629456
0.4018058690744921
0.3905579399141631
0.3905579399141631
0.37142857142857144
0.37142857142857144
0.37142857142857144
0.44206008583690987
0.44206008583690987
0.44206008583690987
0.38817005545286504
0.38817005545286504
0.4116504854368932
0.4116504854368932
0.4116504854368932
0.4077669902912621
0.42857142857142855
0.42857142857142855
0.42857142857142855
0.42857142857142855
0.42857142857142855
0.4155339805825243
0.4155339805825243
0.4510166358595194
0.45436893203883494
0.45436893203883494
0.45436893203883494
0.45436893203883494
0.45436893203883494
0.45436893203883494
0.44731977818853974
0.44731977818853974
0.44731977818853974
0.8210526315789474
0.8210526315789474
0.8210526315789474
0.8210526315789474
0.8210526315789474
0.8210526315789474
0.8210526315789474
0.755
0.7263157894736842
0.7263157894736842
0.7263157894736842
0.6371191135734072
0.498812351543943
0.498812351543943
0.498812351543943
0.498812351543943
0.498812351543943
0.4785553047404063
0.503562945368171
0.503562945368171
0.503562945368171
0.52
0.5
0.5
0.5
0.5
0.5
0.5
0.49473684210526314
0.49473684210526314
0.49473684210526314
0.6210526315789474
0.6210526315789474
0.6210526315789474
0.5872576177285319
0.6578947368421053
0.6759002770083102
0.6759002770083102
0.6759002770083102
0.6526315789473685
0.6526315789473685
0.6526315789473685
0.6526315789473685
0.575
0.575
0.5558194774346793
0.5558194774346793
0.5558194774346793
0.49795918367346936
0.5064377682403434
0.5064377682403434
0.5064377682403434
0.5064377682403434
0.4978540772532189
0.5282167042889391
0.5064377682403434
0.46122448979591835
0.46122448979591835
0.46122448979591835
0.46122448979591835
0.46122448979591835
0.5064377682403434
0.4857142857142857
0.4857142857142857
0.4857142857142857
0.5107296137339056
0.5107296137339056
0.5107296137339056
0.5107296137339056
0.4857142857142857
0.45048543689320386
0.45048543689320386
0.45048543689320386
0.41035120147874304
0.41035120147874304
0.41035120147874304
0.42718446601941745
0.46938775510204084
0.48497854077253216
0.48497854077253216
0.43673469387755104
0.43673469387755104
0.43673469387755104
0.4978540772532189
0.4978540772532189
0.4978540772532189
0.4978540772532189
0.49795918367346936
0.49795918367346936
0.5265306122448979
0.5579399141630901
0.5579399141630901
0.5579399141630901
0.5579399141630901
0.5579399141630901
0.600451467268623
0.600451467268623
0.600451467268623
0.600451467268623
0.5890736342042755
0.8210526315789474
0.8052631578947368
0.8052631578947368
0.8052631578947368
0.8052631578947368
0.8052631578947368
0.7811634349030471
0.7811634349030471
0.6789473684210526
0.554016620498615
0.554016620498615
0.554016620498615
0.554016620498615
0.531578947368421
0.531578947368421
0.531578947368421
0.5706371191135734
0.5368421052631579
0.5157894736842106
0.5157894736842106
0.5157894736842106
0.5157894736842106
0.5157894736842106
0.5
0.5
0.5
0.498812351543943
0.498812351543943
0.498812351543943
0.498812351543943
0.49209932279909707
0.49209932279909707
0.49209932279909707
0.49209932279909707
0.48931116389548696
0.5938242280285035
0.5938242280285035
0.5938242280285035
0.5938242280285035
0.5938242280285035
0.5605700712589073
0.5914221218961625
0.5914221218961625
0.5914221218961625
0.5708154506437768
0.5224489795918368
0.5224489795918368
0.5224489795918368
0.5048543689320388
0.5048543689320388
0.5673469387755102
0.5673469387755102
0.5673469387755102
0.5469387755102041
0.516504854368932
0.516504854368932
0.5428571428571428
0.5450643776824035
0.5191873589164786
0.5191873589164786
0.4650112866817156
0.4650112866817156
0.45493562231759654
0.42857142857142855
0.42857142857142855
0.44206008583690987
0.45598194130925507
0.45598194130925507
0.45598194130925507
0.37339055793991416
0.3948497854077253
0.3948497854077253
0.3948497854077253
0.3948497854077253
0.42857142857142855
0.44271844660194176
0.47766990291262135
0.47766990291262135
0.47766990291262135
0.47766990291262135
0.47689463955637706
0.47766990291262135
0.47766990291262135
0.47766990291262135
0.47766990291262135
0.47766990291262135
0.47766990291262135
0.47766990291262135
0.47378640776699027
0.512621359223301
0.49387755102040815
0.49387755102040815
0.49387755102040815
0.49387755102040815
0.5183673469387755
0.5183673469387755
0.5183673469387755
0.5150214592274678
0.5150214592274678
0.5150214592274678
0.7105263157894737
0.7105263157894737
0.7105263157894737
0.7105263157894737
0.7105263157894737
0.7105263157894737
0.7105263157894737
0.7105263157894737
0.7105263157894737
0.7105263157894737
0.7105263157894737
0.7105263157894737
0.7105263157894737
0.67
0.67
0.67
0.67
0.6421052631578947
0.6421052631578947
0.6421052631578947
0.6421052631578947
0.6421052631578947
0.6421052631578947
0.6421052631578947
0.6421052631578947
0.6421052631578947
0.6421052631578947
0.6421052631578947
0.6421052631578947
0.615
0.5938242280285035
0.5653206650831354
0.5653206650831354
0.4775510204081633
0.4775510204081633
0.46601941747572817
0.44731977818853974
0.44731977818853974
0.45436893203883494
0.46530612244897956
0.46530612244897956
0.46530612244897956
0.46530612244897956
0.48497854077253216
0.49387755102040815
0.49356223175965663
0.47689463955637706
0.4854368932038835
0.48428835489833644
0.4471830985915493
0.41901408450704225
0.43661971830985913
0.43661971830985913
0.43661971830985913
0.4295774647887324
0.4161073825503356
0.4161073825503356
0.3968
0.4064
0.4395973154362416
0.4261744966442953
0.4261744966442953
0.4261744966442953
0.4
0.39083969465648855
0.4
0.4
0.4
0.3816793893129771
0.3760932944606414
0.3760932944606414
0.35097493036211697
0.3488681757656458
0.35097493036211697
0.34620505992010653
0.322237017310253
0.322237017310253
0.310828025477707
0.3
0.3
0.33121019108280253
0.33121019108280253
0.3195121951219512
0.3195121951219512
0.3195121951219512
0.3195121951219512
0.3060747663551402
0.3060747663551402
0.3170731707317073
0.3286624203821656
0.3159235668789809
0.3159235668789809
0.3159235668789809
0.3159235668789809
0.33288948069241014
0.30828025477707005
0.30828025477707005
0.2804878048780488
0.2682926829268293
0.2682926829268293
0.705
0.705
0.705
0.705
0.705
0.705
0.705
0.684085510688836
0.684085510688836
0.665083135391924
0.665083135391924
0.665083135391924
0.705
0.6223277909738717
0.6223277909738717
0.6049661399548533
0.6051502145922747
0.5836734693877551
0.5836734693877551
0.5795918367346938
0.5795918367346938
0.5795918367346938
0.5795918367346938
0.6008583690987125
0.6410835214446953
0.6410835214446953
0.6410835214446953
0.6410835214446953
0.5700712589073634
0.5700712589073634
0.5700712589073634
0.5372460496613995
0.5150214592274678
0.5150214592274678
0.4489795918367347
0.3883495145631068
0.3844731977818854
0.39611650485436894
0.39223300970873787
0.39223300970873787
0.36229205175600737
0.34507042253521125
0.4029574861367837
0.352112676056338
0.352112676056338
0.352112676056338
0.352112676056338
0.352112676056338
0.34563758389261745
0.34563758389261745
0.34563758389261745
0.30201342281879195
0.30201342281879195
0.30201342281879195
0.30201342281879195
0.31338028169014087
0.2992957746478873
0.29577464788732394
0.29577464788732394
0.29577464788732394
0.31053604436229204
0.3300970873786408
0.3300970873786408
0.3300970873786408
0.3290203327171904
0.3290203327171904
0.3028169014084507
0.28859060402684567
0.28859060402684567
0.2784
0.2784
0.2784
0.24427480916030533
0.2496
0.2496
0.2528
0.2751677852348993
0.2852112676056338
0.2852112676056338
0.2852112676056338
0.2751677852348993
0.2565597667638484
0.2565597667638484
0.2395543175487465
0.23169107856191745
0.2267515923566879
0.2097560975609756
0.2097560975609756
0.2097560975609756
0.1878048780487805
0.1878048780487805
0.205607476635514
0.21951219512195122
0.2394904458598726
0.2636484687083888
0.2636484687083888
0.2700636942675159
0.27261146496815286
0.27261146496815286
0.2700636942675159
0.8210526315789474
0.8210526315789474
0.8210526315789474
0.8210526315789474
0.8210526315789474
0.8210526315789474
0.8210526315789474
0.8210526315789474
0.8210526315789474
0.8210526315789474
0.8210526315789474
0.8210526315789474
0.8210526315789474
0.8210526315789474
0.8210526315789474
0.8210526315789474
0.7368421052631579
0.7368421052631579
0.7368421052631579
0.7368421052631579
0.7368421052631579
0.7368421052631579
0.7368421052631579
0.7368421052631579
0.7368421052631579
0.7368421052631579
0.7368421052631579
0.7368421052631579
0.7368421052631579
0.6530612244897959
0.5950920245398773
0.5950920245398773
0.5950920245398773
0.6005830903790087
0.6371191135734072
0.6371191135734072
0.6371191135734072
0.6371191135734072
0.6371191135734072
0.6371191135734072
0.6371191135734072
0.6239067055393586
0.6239067055393586
0.6239067055393586
0.6204986149584487
0.6204986149584487
0.6204986149584487
0.6204986149584487
0.6239067055393586
0.631578947368421
0.631578947368421
0.5631578947368421
0.6038781163434903
0.5947368421052631
0.5947368421052631
0.5947368421052631
0.5817174515235457
0.5263157894736842
0.5263157894736842
0.5263157894736842
0.5263157894736842
0.5481049562682215
0.48466257668711654
0.48466257668711654
0.4314868804664723
0.44321329639889195
0.44321329639889195
0.44321329639889195
0.4314868804664723
0.4314868804664723
0.4314868804664723
0.4314868804664723
0.48466257668711654
0.49693251533742333
0.49693251533742333
0.4956268221574344
0.49693251533742333
0.5306122448979592
0.48753462603878117
0.48753462603878117
0.4631578947368421
0.5
0.5
0.5
0.5
0.5
0.5
0.5
0.5
0.29
0.31759656652360513
0.3218884120171674
0.2938775510204082
0.3029126213592233
0.30612244897959184
0.30612244897959184
0.2912621359223301
0.2920517560073937
0.2920517560073937
0.2920517560073937
0.8210526315789474
0.8210526315789474
0.8210526315789474
0.8210526315789474
0.8210526315789474
0.8210526315789474
0.8
0.71
0.71
0.71
0.71
0.71
0.71
0.71
0.71
0.71
0.5947368421052631
0.5947368421052631
0.5947368421052631
0.5947368421052631
0.5947368421052631
0.5947368421052631
0.61
0.61
0.61
0.61
0.631578947368421
0.631578947368421
0.625
0.625
0.625
0.625
0.6105263157894737
0.6210526315789474
0.6210526315789474
0.55
0.55
0.595
0.595
0.595
0.5700712589073634
0.605
0.605
0.605
0.605
0.5415676959619953
0.5237020316027088
0.5507900677200903
0.51931330472103
0.5372460496613995
0.5372460496613995
0.5843230403800475
0.6
0.6
0.6
0.5843230403800475
0.5688487584650113
0.5321888412017167
0.5321888412017167
0.5321888412017167
0.5321888412017167
0.5321888412017167
0.575107296137339
0.5733634311512416
0.5733634311512416
0.5733634311512416
0.5733634311512416
0.5733634311512416
0.5733634311512416
0.5733634311512416
0.5733634311512416
0.5733634311512416
0.5643340857787811
0.5643340857787811
0.51931330472103
0.51931330472103
0.51931330472103
0.51931330472103
0.51931330472103
0.51931330472103
0.510158013544018
0.510158013544018
0.5700712589073634
0.5700712589073634
0.5700712589073634
0.5700712589073634
0.5056433408577878
0.5021459227467812
0.5021459227467812
0.5021459227467812
0.5021459227467812
0.5021459227467812
0.5021459227467812
0.45714285714285713
0.45493562231759654
0.4206008583690987
0.4206008583690987
0.4206008583690987
0.4206008583690987
0.4206008583690987
0.8210526315789474
0.76
0.76
0.76
0.7078384798099763
0.635
0.635
0.5842105263157895
0.5842105263157895
0.6410835214446953
0.6410835214446953
0.5941747572815534
0.6204081632653061
0.6204081632653061
0.6180257510729614
0.5673469387755102
0.5673469387755102
0.5673469387755102
0.5673469387755102
0.5673469387755102
0.5673469387755102
0.5673469387755102
0.5673469387755102
0.5673469387755102
0.51931330472103
0.5282167042889391
0.5282167042889391
0.5558194774346793
0.5558194774346793
0.5056433408577878
0.4966139954853273
0.5083135391923991
0.5083135391923991
0.5061224489795918
0.5321888412017167
0.5056433408577878
0.4978540772532189
0.4978540772532189
0.4857142857142857
0.45048543689320386
0.46950092421441775
0.4854368932038835
0.4658040665434381
0.4658040665434381
0.45471349353049906
0.45471349353049906
0.44014084507042256
0.4261744966442953
0.3776
0.3926174496644295
0.3926174496644295
0.3926174496644295
0.3744
0.36335877862595417
0.36335877862595417
0.336
0.336
0.3008356545961003
0.3008356545961003
0.3008356545961003
0.28969359331476324
0.2634146341463415
0.27102803738317754
0.27102803738317754
0.2597984322508399
0.24060150375939848
0.24060150375939848
0.24060150375939848
0.18144329896907216
0.16831683168316833
0.16831683168316833
0.21237113402061855
0.21237113402061855
0.21237113402061855
0.21237113402061855
0.21237113402061855
0.21237113402061855
0.21237113402061855
0.21237113402061855
0.21649484536082475
0.21443298969072164
0.21237113402061855
0.2079207920792079
0.2079207920792079
0.17781690140845072
0.1848124428179323
0.18309859154929578
0.18309859154929578
0.18309859154929578
0.1813380281690141
0.19030192131747484
0.19030192131747484
0.19030192131747484
0.19030192131747484
0.19030192131747484
0.19030192131747484
0.19030192131747484
0.18298261665141813
0.18298261665141813
0.18298261665141813
0.725
0.6555819477434679
0.6555819477434679
0.6555819477434679
0.635
0.635
0.635
0.635
0.635
0.5407725321888412
0.5598194130925508
0.5598194130925508
0.5450643776824035
0.5450643776824035
0.51931330472103
0.51931330472103
0.51931330472103
0.51931330472103
0.51931330472103
0.51931330472103
0.5146726862302483
0.49406175771971494
0.5146726862302483
0.517814726840855
0.5130641330166271
0.45598194130925507
0.45598194130925507
0.45598194130925507
0.4785553047404063
0.4785553047404063
0.4785553047404063
0.5320665083135392
0.47
0.475
0.4845605700712589
0.4845605700712589
0.4845605700712589
0.4845605700712589
0.45146726862302483
0.45146726862302483
0.45146726862302483
0.45146726862302483
0.45146726862302483
0.4845605700712589
0.445
0.45789473684210524
0.4598337950138504
0.4598337950138504
0.4598337950138504
0.4598337950138504
0.4598337950138504
0.4368421052631579
0.4368421052631579
0.4709141274238227
0.4198250728862974
0.4198250728862974
0.3803680981595092
0.3803680981595092
0.37317784256559766
0.3490304709141274
0.34210526315789475
0.34210526315789475
0.195
0.195
0.195
0.21852731591448932
0.22802850356294538
0.21852731591448932
0.21852731591448932
0.18961625282167044
0.18961625282167044
0.21670428893905191
0.2317596566523605
0.23927765237020315
0.23927765237020315
0.22746781115879827
0.2575107296137339
0.2530612244897959
0.2446601941747573
0.2446601941747573
0.23300970873786409
0.2476894639556377
0.2147887323943662
0.20702402957486138
0.21359223300970873
0.21359223300970873
0.22040816326530613
0.19805825242718447
0.19593345656192238
0.2007042253521127
0.19463087248322147
0.1984
0.1984
0.14429530201342283
0.15492957746478872
0.15526802218114602
0.1619718309859155
0.1619718309859155
0.174496644295302
0.208
0.8210526315789474
0.8210526315789474
0.8210526315789474
0.8210526315789474
0.8210526315789474
0.8210526315789474
0.8210526315789474
0.8210526315789474
0.8210526315789474
0.8210526315789474
0.8210526315789474
0.8210526315789474
0.8210526315789474
0.8210526315789474
0.8210526315789474
0.8210526315789474
0.8210526315789474
0.8210526315789474
0.8210526315789474
0.8210526315789474
0.8210526315789474
0.8210526315789474
0.8210526315789474
0.8210526315789474
0.8210526315789474
0.8210526315789474
0.8210526315789474
0.8210526315789474
0.8210526315789474
0.8210526315789474
0.8210526315789474
0.8210526315789474
0.76
0.76
0.76
0.76
0.76
0.76
0.8210526315789474
0.8210526315789474
0.8210526315789474
0.8210526315789474
0.8210526315789474
0.8210526315789474
0.8210526315789474
0.8210526315789474
0.775623268698061
0.775623268698061
0.775623268698061
0.775623268698061
0.775623268698061
0.775623268698061
0.6578947368421053
0.6578947368421053
0.654627539503386
0.654627539503386
0.654627539503386
0.654627539503386
0.654627539503386
0.654627539503386
0.6603325415676959
0.6603325415676959
0.6275395033860045
0.6275395033860045
0.6275395033860045
0.6275395033860045
0.6275395033860045
0.6275395033860045
0.6275395033860045
0.6275395033860045
0.6033254156769596
0.6318289786223278
0.6318289786223278
0.6318289786223278
0.6318289786223278
0.6318289786223278
0.675
0.675
0.69
0.69
0.69
0.69
0.69
0.69
0.69
0.69
0.69
0.69
0.6983372921615202
0.6983372921615202
0.6983372921615202
0.6983372921615202
0.6983372921615202
0.6983372921615202
0.6983372921615202
0.6983372921615202
0.6983372921615202
0.6983372921615202
0.62
0.62
0.7811634349030471
0.7421052631578947
0.7421052631578947
0.7421052631578947
0.7421052631578947
0.7421052631578947
0.6230248306997742
0.6230248306997742
0.6230248306997742
0.6230248306997742
0.6230248306997742
0.5436893203883495
0.5436893203883495
0.5591836734693878
0.5591836734693878
0.5591836734693878
0.5591836734693878
0.5879828326180258
0.5879828326180258
0.5622317596566524
0.5914221218961625
0.5914221218961625
0.5914221218961625
0.5914221218961625
0.6270783847980997
0.655
0.655
0.655
0.6270783847980997
0.6270783847980997
0.585
0.40380047505938244
0.363265306122449
0.30042918454935624
0.30042918454935624
0.38197424892703863
0.38197424892703863
0.38197424892703863
0.38197424892703863
0.38197424892703863
0.38197424892703863
0.38197424892703863
0.38197424892703863
0.38197424892703863
0.38197424892703863
0.38197424892703863
0.38197424892703863
0.38197424892703863
0.38197424892703863
0.3972911963882618
0.3972911963882618
0.40772532188841204
0.43340857787810383
0.43340857787810383
0.4513064133016627
0.4513064133016627
0.4513064133016627
0.4604966139954853
0.4604966139954853
0.4604966139954853
0.41630901287553645
0.41630901287553645
0.41630901287553645
0.3972911963882618
0.42437923250564336
0.3792325056433409
0.4034334763948498
0.36909871244635195
0.36909871244635195
0.40632054176072235
0.40388349514563104
0.3844731977818854
0.3844731977818854
0.3873239436619718
0.3873239436619718
0.3873239436619718
0.3873239436619718
0.3523489932885906
0.3523489932885906
0.3523489932885906
0.3523489932885906
0.3392
0.3236641221374046
0.3119533527696793
0.32061068702290074
0.32061068702290074
0.31486880466472306
0.31486880466472306
0.31486880466472306
0.31486880466472306
0.3119533527696793
0.3119533527696793
0.3119533527696793
0.30612244897959184
0.32061068702290074
0.30612244897959184
0.2924791086350975
0.25609756097560976
0.22556390977443608
0.22556390977443608
0.8210526315789474
0.8210526315789474
0.8210526315789474
0.7526315789473684
0.7526315789473684
0.7091412742382271
0.7091412742382271
0.6842105263157895
0.6842105263157895
0.685
0.7157894736842105
0.7157894736842105
0.7157894736842105
0.703601108033241
0.703601108033241
0.703601108033241
0.631578947368421
0.631578947368421
0.703601108033241
0.703601108033241
0.703601108033241
0.703601108033241
0.6880466472303207
0.6880466472303207
0.6880466472303207
0.6880466472303207
0.6880466472303207
0.6880466472303207
0.6880466472303207
0.6648199445983379
0.6648199445983379
0.6648199445983379
0.6648199445983379
0.6052631578947368
0.6052631578947368
0.592797783933518
0.592797783933518
0.592797783933518
0.592797783933518
0.592797783933518
0.5789473684210527
0.5789473684210527
0.5789473684210527
0.5789473684210527
0.5789473684210527
0.5789473684210527
0.5789473684210527
0.5789473684210527
0.56
0.5789473684210527
0.515
0.515
0.515
0.515
0.515
0.49406175771971494
0.49406175771971494
0.4966139954853273
0.4966139954853273
0.510158013544018
0.5021459227467812
0.4326530612244898
0.4154929577464789
0.3969465648854962
0.4384
0.42748091603053434
0.4288
0.4183206106870229
0.4183206106870229
0.40524781341107874
0.4183206106870229
0.4183206106870229
0.39941690962099125
0.3871866295264624
0.3781624500665779
0.38348868175765644
0.38348868175765644
0.38348868175765644
0.39275766016713093
0.4139941690962099
0.4139941690962099
0.42442748091603055
0.42442748091603055
0.42442748091603055
0.4192
0.4192
0.4192
0.4192
0.4030534351145038
0.416
0.416
0.416
0.416
0.4
0.3968
0.3755725190839695
0.3786259541984733
0.3786259541984733
0.3786259541984733
0.3872
0.8210526315789474
0.8210526315789474
0.8210526315789474
0.8210526315789474
0.6925207756232687
0.6759002770083102
0.6759002770083102
0.6759002770083102
0.6759002770083102
0.6759002770083102
0.6297376093294461
0.6297376093294461
0.6297376093294461
0.6297376093294461
0.6297376093294461
0.6297376093294461
0.6297376093294461
0.6297376093294461
0.6297376093294461
0.6297376093294461
0.5983379501385041
0.5526315789473685
0.5526315789473685
0.5526315789473685
0.5526315789473685
0.565
0.565
0.5463182897862233
0.5463182897862233
0.5463182897862233
0.5463182897862233
0.582392776523702
0.582392776523702
0.582392776523702
0.582392776523702
0.582392776523702
0.5130641330166271
0.5130641330166271
0.4469525959367946
0.4650112866817156
0.4334763948497854
0.4448979591836735
0.45493562231759654
0.45493562231759654
0.45493562231759654
0.45493562231759654
0.45493562231759654
0.43673469387755104
0.43673469387755104
0.43673469387755104
0.43673469387755104
0.463519313304721
0.463519313304721
0.463519313304721
0.463519313304721
0.47404063205417607
0.47030878859857483
0.475
0.4750593824228028
0.46
0.5052631578947369
0.5368421052631579
0.5368421052631579
0.5368421052631579
0.5
0.5
0.47368421052631576
0.47368421052631576
0.47368421052631576
0.48753462603878117
0.48753462603878117
0.4198250728862974
0.3987730061349693
0.4198250728862974
0.4598337950138504
0.4631578947368421
0.4631578947368421
0.4368421052631579
0.4368421052631579
0.435
0.435
0.435
0.435
0.40380047505938244
0.435
0.33
0.33
0.305
0.3473684210526316
0.3473684210526316
0.3473684210526316
0.4105263157894737
0.4105263157894737
0.4105263157894737
0.4105263157894737
0.4105263157894737
0.4105263157894737
0.4
0.4
0.4
0.8210526315789474
0.8210526315789474
0.8210526315789474
0.8210526315789474
0.715
0.715
0.715
0.6365795724465558
0.6365795724465558
0.655
0.655
0.5579399141630901
0.54627539503386
0.54627539503386
0.54627539503386
0.54627539503386
0.54627539503386
0.5064377682403434
0.5064377682403434
0.5643340857787811
0.5558194774346793
0.5558194774346793
0.5558194774346793
0.5558194774346793
0.5558194774346793
0.5558194774346793
0.5558194774346793
0.475
0.475
0.5263157894736842
0.5263157894736842
0.54
0.54
0.5210526315789473
0.5210526315789473
0.5052631578947369
0.5052631578947369
0.5
0.5
0.4845605700712589
0.517814726840855
0.517814726840855
0.517814726840855
0.5130641330166271
0.5130641330166271
0.5237020316027088
0.5237020316027088
0.5237020316027088
0.5237020316027088
0.5237020316027088
0.5237020316027088
0.5237020316027088
0.5150214592274678
0.5150214592274678
0.5056433408577878
0.5056433408577878
0.5056433408577878
0.4721030042918455
0.4530612244897959
0.44635193133047213
0.4326530612244898
0.4326530612244898
0.4678111587982833
0.45064377682403434
0.46938775510204084
0.45048543689320386
0.45048543689320386
0.45048543689320386
0.45048543689320386
0.45048543689320386
0.45048543689320386
0.45048543689320386
0.4288354898336414
0.44271844660194176
0.4388349514563107
0.4448979591836735
0.4
0.4
0.4163265306122449
0.40388349514563104
0.40388349514563104
0.40388349514563104
0.40388349514563104
0.35489833641404805
0.3650485436893204
0.36229205175600737
0.352112676056338
0.352112676056338
0.4177449168207024
0.43106796116504853
0.43106796116504853
0.4448979591836735
0.4448979591836735
0.4448979591836735
0.4448979591836735
0.4448979591836735
0.46122448979591835
0.43106796116504853
0.43106796116504853
0.3959731543624161
0.775623268698061
0.775623268698061
0.775623268698061
0.775623268698061
0.7988338192419825
0.7988338192419825
0.7988338192419825
0.7988338192419825
0.7988338192419825
0.7988338192419825
0.7988338192419825
0.7313019390581718
0.7313019390581718
0.7313019390581718
0.7313019390581718
0.7313019390581718
0.7313019390581718
0.7313019390581718
0.7313019390581718
0.7313019390581718
0.7313019390581718
0.7313019390581718
0.7313019390581718
0.7313019390581718
0.7313019390581718
0.6368421052631579
0.6368421052631579
0.6368421052631579
0.6759002770083102
0.6759002770083102
0.6759002770083102
0.6759002770083102
0.717201166180758
0.717201166180758
0.717201166180758
0.717201166180758
0.717201166180758
0.717201166180758
0.717201166180758
0.717201166180758
0.717201166180758
0.717201166180758
0.717201166180758
0.717201166180758
0.717201166180758
0.717201166180758
0.717201166180758
0.717201166180758
0.717201166180758
0.717201166180758
0.717201166180758
0.717201166180758
0.717201166180758
0.717201166180758
0.717201166180758
0.717201166180758
0.717201166180758
0.717201166180758
0.717201166180758
0.717201166180758
0.717201166180758
0.717201166180758
0.717201166180758
0.717201166180758
0.717201166180758
0.717201166180758
0.6038781163434903
0.6038781163434903
0.5373961218836565
0.5014577259475219
0.5014577259475219
0.5014577259475219
0.38650306748466257
0.38650306748466257
0.38650306748466257
0.39473684210526316
0.4
0.39
0.4052631578947368
0.4052631578947368
0.3747178329571106
0.38197424892703863
0.40632054176072235
0.4034334763948498
0.40772532188841204
0.4604966139954853
0.4604966139954853
0.4655581947743468
0.4750593824228028
0.45598194130925507
0.45493562231759654
0.47404063205417607
0.47404063205417607
0.47404063205417607
0.43776824034334766
0.42437923250564336
0.4291845493562232
0.4204081632653061
0.4334763948497854
0.39186691312384475
0.8210526315789474
0.8210526315789474
0.8210526315789474
0.8210526315789474
0.8210526315789474
0.8210526315789474
0.8210526315789474
0.8210526315789474
0.8210526315789474
0.8210526315789474
0.8210526315789474
0.8210526315789474
0.8210526315789474
0.8210526315789474
0.7789473684210526
0.7789473684210526
0.6925207756232687
0.6925207756232687
0.6925207756232687
0.6925207756232687
0.6925207756232687
0.6925207756232687
0.6925207756232687
0.6925207756232687
0.6925207756232687
0.6925207756232687
0.6925207756232687
0.7
0.7
0.7
0.7
0.7
0.7
0.7
0.7
0.7
0.7
0.6592797783933518
0.6592797783933518
0.6592797783933518
0.6592797783933518
0.6592797783933518
0.6592797783933518
0.6592797783933518
0.6157894736842106
0.6157894736842106
0.6157894736842106
0.6157894736842106
0.6157894736842106
0.615
0.5684210526315789
0.5684210526315789
0.5684210526315789
0.5684210526315789
0.5684210526315789
0.5684210526315789
0.56
0.56
0.56
0.56
0.56
0.5273159144893111
0.5273159144893111
0.5273159144893111
0.5273159144893111
0.4966139954853273
0.4966139954853273
0.4966139954853273
0.4750593824228028
0.4750593824228028
0.46952595936794583
0.44271844660194176
0.44271844660194176
0.4897959183673469
0.4612676056338028
0.4612676056338028
0.45774647887323944
0.45774647887323944
0.43288590604026844
0.45774647887323944
0.46950092421441775
0.46950092421441775
0.46950092421441775
0.4612676056338028
0.4612676056338028
0.4612676056338028
0.43661971830985913
0.4228187919463087
0.43661971830985913
0.3847328244274809
0.3847328244274809
0.3673469387755102
0.3593314763231198
0.3593314763231198
0.3673469387755102
0.3786259541984733
0.3744
0.384
0.366412213740458
0.366412213740458
0.8210526315789474
0.8210526315789474
0.8210526315789474
0.8210526315789474
0.8210526315789474
0.8210526315789474
0.8210526315789474
0.8210526315789474
0.8210526315789474
0.8210526315789474
0.8210526315789474
0.8210526315789474
0.8210526315789474
0.8210526315789474
0.8210526315789474
0.8210526315789474
0.6736842105263158
0.67
0.67
0.6223277909738717
0.6223277909738717
0.5914221218961625
0.5914221218961625
0.5914221218961625
0.5415676959619953
0.5415676959619953
0.5415676959619953
0.5415676959619953
0.5415676959619953
0.5428571428571428
0.5536480686695279
0.5536480686695279
0.5536480686695279
0.5387755102040817
0.516504854368932
0.5087378640776699
0.46938775510204084
0.46938775510204084
0.46938775510204084
0.46938775510204084
0.46938775510204084
0.4816326530612245
0.4678111587982833
0.4678111587982833
0.4678111587982833
0.45598194130925507
0.4592274678111588
0.4592274678111588
0.4530612244897959
0.4448979591836735
0.42330097087378643
0.4
0.39926062846580407
0.3572815533980582
0.3572815533980582
0.35918367346938773
0.35918367346938773
0.37339055793991416
0.37020316027088035
0.38197424892703863
0.3605150214592275
0.3605150214592275
0.3605150214592275
0.3605150214592275
0.3611738148984199
0.38004750593824227
0.3972911963882618
0.3972911963882618
0.4018058690744921
0.39429928741092635
0.39429928741092635
0.39429928741092635
0.375
0.3894736842105263
0.4
0.4
0.3894736842105263
0.385
0.3990498812351544
0.3990498812351544
0.3792325056433409
0.33729216152019004
0.3476297968397291
0.32505643340857787
0.3261802575107296
0.3090128755364807
0.31053604436229204
0.32233009708737864
0.32233009708737864
0.32233009708737864
0.32233009708737864
0.32233009708737864
0.32233009708737864
0.31053604436229204
0.31053604436229204
0.32233009708737864
0.31053604436229204
0.31053604436229204
0.29577464788732394
0.33221476510067116
0.8210526315789474
0.8210526315789474
0.8210526315789474
0.8210526315789474
0.8210526315789474
0.8210526315789474
0.8210526315789474
0.8210526315789474
0.8210526315789474
0.8210526315789474
0.8210526315789474
0.8210526315789474
0.8210526315789474
0.7789473684210526
0.7789473684210526
0.7789473684210526
0.7789473684210526
0.7789473684210526
0.745
0.745
0.745
0.745
0.6888361045130641
0.6888361045130641
0.6888361045130641
0.6888361045130641
0.6888361045130641
0.6888361045130641
0.6888361045130641
0.6888361045130641
0.625
0.625
0.625
0.625
0.5700712589073634
0.5700712589073634
0.5372460496613995
0.5372460496613995
0.6230248306997742
0.5985748218527316
0.5985748218527316
0.64
0.64
0.665
0.61
0.61
0.5605700712589073
0.5605700712589073
0.5
0.5368421052631579
0.5368421052631579
0.5983379501385041
0.5983379501385041
0.5983379501385041
0.5983379501385041
0.5983379501385041
0.5631578947368421
0.5872576177285319
0.5872576177285319
0.5872576177285319
0.5872576177285319
0.5578947368421052
0.5578947368421052
0.5872576177285319
0.5872576177285319
0.5578947368421052
0.5578947368421052
0.5578947368421052
0.5872576177285319
0.5872576177285319
0.5872576177285319
0.5684210526315789
0.5684210526315789
0.5872576177285319
0.5872576177285319
0.5684210526315789
0.505
0.505
0.5421052631578948
0.54
0.54
0.5421052631578948
0.531578947368421
0.531578947368421
0.531578947368421
0.5152354570637119
0.5096952908587258
0.5096952908587258
0.4789473684210526
0.445
0.445
0.4291845493562232
0.4163265306122449
0.4163265306122449
0.4163265306122449
0.4116504854368932
0.39186691312384475
0.39186691312384475
0.36971830985915494
0.36971830985915494
0.8210526315789474
0.8210526315789474
0.8210526315789474
0.8210526315789474
0.8210526315789474
0.8210526315789474
0.8210526315789474
0.8210526315789474
0.8210526315789474
0.8210526315789474
0.8210526315789474
0.8210526315789474
0.8210526315789474
0.8210526315789474
0.8210526315789474
0.73
0.73
0.73
0.6460807600950119
0.6460807600950119
0.6460807600950119
0.6460807600950119
0.6230248306997742
0.6230248306997742
0.6230248306997742
0.6230248306997742
0.6230248306997742
0.6230248306997742
0.6230248306997742
0.575107296137339
0.5665236051502146
0.563265306122449
0.563265306122449
0.6051502145922747
0.6051502145922747
0.6051502145922747
0.6051502145922747
0.6051502145922747
0.6051502145922747
0.6051502145922747
0.6051502145922747
0.6051502145922747
0.6051502145922747
0.5959183673469388
0.5959183673469388
0.592274678111588
0.5708154506437768
0.5469387755102041
0.5203883495145631
0.5203883495145631
0.47689463955637706
0.47689463955637706
0.4448
0.42748091603053434
0.4448
0.4416
0.3968
0.3968
0.3968
0.3968
0.3968
0.40916030534351144
0.3872
0.36946564885496186
0.36946564885496186
0.3556851311953353
0.36946564885496186
0.36946564885496186
0.36946564885496186
0.3488681757656458
0.35685752330226367
0.35685752330226367
0.35685752330226367
0.34394904458598724
0.33414634146341465
0.3294392523364486
0.3202687569988802
0.3202687569988802
0.3045912653975364
0.3045912653975364
0.2663802363050483
0.2639175257731959
0.23505154639175257
0.22772277227722773
0.23917525773195877
0.22140896614821592
0.22007042253521128
0.22872827081427263
0.22454804947668885
0.21225983531564502
0.2302568981921979
0.22872827081427263
0.21830985915492956
0.2135593220338983
0.2057142857142857
0.18568056648308418
0.15781487101669195
0.1273792093704246
0.1471927162367223
0.14055636896046853
0.8210526315789474
0.8210526315789474
0.755
0.755
0.6460807600950119
0.615
0.615
0.615
0.5985748218527316
0.5985748218527316
0.5985748218527316
0.5985748218527316
0.5191873589164786
0.5191873589164786
0.5191873589164786
0.4721030042918455
0.4721030042918455
0.4721030042918455
0.4721030042918455
0.49209932279909707
0.49209932279909707
0.5087378640776699
0.5224489795918368
0.5224489795918368
0.5224489795918368
0.5224489795918368
0.5224489795918368
0.4970873786407767
0.4970873786407767
0.49387755102040815
0.49387755102040815
0.49387755102040815
0.4816326530612245
0.46122448979591835
0.46122448979591835
0.46122448979591835
0.4349514563106796
0.4214417744916821
0.4214417744916821
0.4192
0.4261744966442953
0.4261744966442953
0.4261744966442953
0.4261744966442953
0.4261744966442953
0.4128
0.4128
0.4128
0.4429530201342282
0.416
0.41946308724832215
0.41946308724832215
0.4032
0.4256
0.4213740458015267
0.4352
0.4352
0.3959731543624161
0.3959731543624161
0.3959731543624161
0.3712
0.3480916030534351
0.3712
0.3712
0.3480916030534351
0.3323615160349854
0.3323615160349854
0.33893129770992364
0.3294460641399417
0.3147632311977716
0.298050139275766
0.298050139275766
0.24634146341463414
0.23598130841121495
0.22897196261682243
0.22897196261682243
0.22897196261682243
0.22396416573348266
0.22396416573348266
0.22172452407614782
0.22172452407614782
0.21052631578947367
0.20618556701030927
0.20618556701030927
0.20618556701030927
0.20396039603960395
0.20396039603960395
0.23215984776403426
0.23215984776403426
0.23564356435643563
0.2316831683168317
0.22645099904852523
0.22645099904852523
0.22645099904852523
0.21225983531564502
0.21225983531564502
0.22074215033301617
0.2297029702970297
0.23917525773195877
0.2316831683168317
0.8210526315789474
0.8210526315789474
0.8210526315789474
0.8210526315789474
0.7257617728531855
0.7257617728531855
0.7257617728531855
0.6789473684210526
0.645
0.645
0.645
0.645
0.62
0.625
0.625
0.5631578947368421
0.5631578947368421
0.554016620498615
0.554016620498615
0.554016620498615
0.5207756232686981
0.5207756232686981
0.5014577259475219
0.5014577259475219
0.48753462603878117
0.5714285714285714
0.5872576177285319
0.5872576177285319
0.5872576177285319
0.5368421052631579
0.5872576177285319
0.6005830903790087
0.6005830903790087
0.5950920245398773
0.6
0.6
0.6012269938650306
0.6
0.6
0.5521472392638037
0.5364431486880467
0.5364431486880467
0.5364431486880467
0.5364431486880467
0.5152354570637119
0.5096952908587258
0.5096952908587258
0.4750593824228028
0.4750593824228028
0.4750593824228028
0.44243792325056436
0.44243792325056436
0.4034334763948498
0.4034334763948498
0.4204081632653061
0.4204081632653061
0.41941747572815535
0.41941747572815535
0.4122448979591837
0.4122448979591837
0.4122448979591837
0.4084507042253521
0.4214417744916821
0.4214417744916821
0.3591549295774648
0.348993288590604
0.348993288590604
0.352112676056338
0.352112676056338
0.4066543438077634
0.4066543438077634
0.3873239436619718
0.3873239436619718
0.3873239436619718
0.3873239436619718
0.3825503355704698
0.2944
0.28396946564885495
0.2816
0.2748091603053435
0.2748091603053435
0.2748091603053435
0.2536443148688047
0.23206106870229007
0.20408163265306123
0.2200557103064067
0.25072886297376096
0.24489795918367346
0.24489795918367346
0.24489795918367346
0.24198250728862974
0.24198250728862974
0.22562674094707522
0.233983286908078
0.23435419440745672
0.23435419440745672
0.1859872611464968
0.1859872611464968
0.17804878048780487
0.16305732484076432
0.8210526315789474
0.8210526315789474
0.8210526315789474
0.8210526315789474
0.76
0.7078384798099763
0.7078384798099763
0.7078384798099763
0.7078384798099763
0.6862302483069977
0.6862302483069977
0.6862302483069977
0.6862302483069977
0.6862302483069977
0.6862302483069977
0.6862302483069977
0.6862302483069977
0.6862302483069977
0.6862302483069977
0.6862302483069977
0.6862302483069977
0.7078384798099763
0.7078384798099763
0.7078384798099763
0.7125890736342043
0.7125890736342043
0.7125890736342043
0.7125890736342043
0.636568848758465
0.636568848758465
0.636568848758465
0.636568848758465
0.636568848758465
0.636568848758465
0.592274678111588
0.592274678111588
0.592274678111588
0.592274678111588
0.592274678111588
0.5450643776824035
0.5450643776824035
0.5450643776824035
0.5102040816326531
0.5087378640776699
0.5359223300970873
0.4893203883495146
0.4510166358595194
0.4510166358595194
0.426056338028169
0.426056338028169
0.43661971830985913
0.43661971830985913
0.43661971830985913
0.40939597315436244
0.40939597315436244
0.3584
0.3584
0.3584
0.3584
0.40939597315436244
0.3552
0.352
0.352
0.33893129770992364
0.33893129770992364
0.3323615160349854
0.3323615160349854
0.3323615160349854
0.3323615160349854
0.3323615160349854
0.30828025477707005
0.3169107856191744
0.310828025477707
0.310828025477707
0.32195121951219513
0.32195121951219513
0.32195121951219513
0.3037383177570093
0.3037383177570093
0.3037383177570093
0.3037383177570093
0.2597938144329897
0.2597938144329897
0.2597938144329897
0.2597938144329897
0.26852846401718583
0.26852846401718583
0.26597938144329897
0.25742574257425743
0.25742574257425743
0.25742574257425743
0.25742574257425743
0.25742574257425743
0.25742574257425743
0.25742574257425743
0.25742574257425743
0.23366336633663368
0.23917525773195877
0.24742268041237114
0.2597938144329897
0.8210526315789474
0.8210526315789474
0.725
0.715
0.715
0.715
0.715
0.715
0.6888361045130641
0.6888361045130641
0.725
0.725
0.725
0.631578947368421
0.631578947368421
0.631578947368421
0.631578947368421
0.5706371191135734
0.5842105263157895
0.5842105263157895
0.5842105263157895
0.5842105263157895
0.5842105263157895
0.5842105263157895
0.5842105263157895
0.5842105263157895
0.535
0.5558194774346793
0.5237020316027088
0.510158013544018
0.4655581947743468
0.4655581947743468
0.4530612244897959
0.4155339805825243
0.4326530612244898
0.45064377682403434
0.45064377682403434
0.45064377682403434
0.45064377682403434
0.45064377682403434
0.4326530612244898
0.4326530612244898
0.43776824034334766
0.4721030042918455
0.4775510204081633
0.49356223175965663
0.5011286681715575
0.48497854077253216
0.48497854077253216
0.5020408163265306
0.5020408163265306
0.5020408163265306
0.47378640776699027
0.4530612244897959
0.4530612244897959
0.4530612244897959
0.463519313304721
0.48497854077253216
0.45714285714285713
0.4
0.39186691312384475
0.3648
0.3616
0.30229007633587784
0.3083969465648855
0.3392
0.3523489932885906
0.3119533527696793
0.3119533527696793
0.3119533527696793
0.27261146496815286
0.2822902796271638
0.2822902796271638
0.2822902796271638
0.27261146496815286
0.28535031847133757
0.28535031847133757
0.28535031847133757
0.2982689747003995
0.2980891719745223
0.29554140127388534
0.29554140127388534
0.29554140127388534
0.3062583222370173
0.3062583222370173
0.2878980891719745
0.2804878048780488
0.29044585987261146
0.28535031847133757
0.2731707317073171
0.2707317073170732
0.24766355140186916
0.24766355140186916
0.2616822429906542
0.2523364485981308
0.2658536585365854
0.26401869158878505
0.25609756097560976
0.2546728971962617
0.2284434490481523
0.8210526315789474
0.8210526315789474
0.8210526315789474
0.8210526315789474
0.8210526315789474
0.8210526315789474
0.8210526315789474
0.8210526315789474
0.8210526315789474
0.8210526315789474
0.8210526315789474
0.8210526315789474
0.8210526315789474
0.8210526315789474
0.8210526315789474
0.8210526315789474
0.8210526315789474
0.8210526315789474
0.8210526315789474
0.8210526315789474
0.8210526315789474
0.8210526315789474
0.8210526315789474
0.8210526315789474
0.8210526315789474
0.8210526315789474
0.8210526315789474
0.76
0.76
0.6603325415676959
0.6603325415676959
0.76
0.76
0.76
0.76
0.6983372921615202
0.6983372921615202
0.6983372921615202
0.6983372921615202
0.6983372921615202
0.76
0.76
0.76
0.76
0.76
0.76
0.76
0.76
0.71
0.71
0.71
0.71
0.6368421052631579
0.6368421052631579
0.6368421052631579
0.6368421052631579
0.6481994459833795
0.6481994459833795
0.6481994459833795
0.6481994459833795
0.6481994459833795
0.6481994459833795
0.6526315789473685
0.6526315789473685
0.6526315789473685
0.635
0.635
0.5938242280285035
0.5938242280285035
0.5938242280285035
0.5938242280285035
0.5938242280285035
0.5938242280285035
0.5733634311512416
0.47766990291262135
0.49795918367346936
0.5064377682403434
0.4897959183673469
0.4897959183673469
0.4892703862660944
0.4892703862660944
0.4892703862660944
0.4892703862660944
0.4892703862660944
0.45714285714285713
0.4349514563106796
0.4214417744916821
0.45048543689320386
0.45048543689320386
0.45048543689320386
0.45048543689320386
0.45048543689320386
0.45436893203883494
0.45436893203883494
0.45436893203883494
0.4775510204081633
0.4775510204081633
0.4775510204081633
0.4621359223300971
0.4621359223300971
0.8210526315789474
0.8210526315789474
0.8210526315789474
0.8210526315789474
0.8210526315789474
0.8210526315789474
0.8210526315789474
0.8210526315789474
0.8210526315789474
0.8210526315789474
0.8210526315789474
0.8210526315789474
0.8210526315789474
0.8210526315789474
0.8210526315789474
0.8210526315789474
0.8210526315789474
0.8210526315789474
0.8210526315789474
0.7811634349030471
0.7811634349030471
0.7811634349030471
0.7811634349030471
0.7811634349030471
0.7811634349030471
0.7811634349030471
0.6789473684210526
0.6789473684210526
0.6947368421052632
0.6947368421052632
0.6947368421052632
0.6947368421052632
0.605
0.6223277909738717
0.6223277909738717
0.6223277909738717
0.6223277909738717
0.6223277909738717
0.6223277909738717
0.6223277909738717
0.6223277909738717
0.6223277909738717
0.6223277909738717
0.6223277909738717
0.6223277909738717
0.6223277909738717
0.6223277909738717
0.6223277909738717
0.6223277909738717
0.535
0.535
0.49406175771971494
0.4650112866817156
0.4650112866817156
0.4650112866817156
0.45493562231759654
0.45493562231759654
0.4326530612244898
0.4326530612244898
0.42857142857142855
0.44081632653061226
0.44081632653061226
0.4721030042918455
0.46122448979591835
0.46938775510204084
0.4388349514563107
0.4388349514563107
0.4388349514563107
0.4177449168207024
0.36971830985915494
0.36971830985915494
0.352112676056338
0.3364140480591497
0.38058252427184464
0.38058252427184464
0.38058252427184464
0.39591836734693875
0.40772532188841204
0.40772532188841204
0.41201716738197425
0.43340857787810383
0.4750593824228028
0.45598194130925507
0.5011286681715575
0.5011286681715575
0.5011286681715575
0.48497854077253216
0.4399260628465804
0.4436229205175601
0.4225352112676056
0.4014084507042254
0.4119718309859155
0.40268456375838924
0.3936
0.3936
0.3936
0.35419847328244275
0.33819241982507287
0.33819241982507287
0.31754874651810583
0.8210526315789474
0.8210526315789474
0.8210526315789474
0.8210526315789474
0.8210526315789474
0.8210526315789474
0.8210526315789474
0.8210526315789474
0.8210526315789474
0.8210526315789474
0.7811634349030471
0.7811634349030471
0.7811634349030471
0.7811634349030471
0.7811634349030471
0.7052631578947368
0.7052631578947368
0.7052631578947368
0.7052631578947368
0.7052631578947368
0.7052631578947368
0.7052631578947368
0.6263157894736842
0.625
0.625
0.625
0.625
0.625
0.625
0.625
0.625
0.625
0.6263157894736842
0.57
0.57
0.531578947368421
0.531578947368421
0.5983379501385041
0.5983379501385041
0.5983379501385041
0.5983379501385041
0.6
0.57
0.55
0.55
0.5157894736842106
0.5157894736842106
0.515
0.515
0.5263157894736842
0.5484764542936288
0.5484764542936288
0.5306122448979592
0.5872576177285319
0.5872576177285319
0.5872576177285319
0.6052631578947368
0.5595567867036011
0.5595567867036011
0.5306122448979592
0.5306122448979592
0.5422740524781341
0.5539358600583091
0.5539358600583091
0.5539358600583091
0.54
0.54
0.54
0.54
0.54
0.54
0.54
0.54
0.565
0.565
0.5631578947368421
0.5631578947368421
0.5631578947368421
0.5631578947368421
0.5631578947368421
0.565
0.565
0.517814726840855
0.5191873589164786
0.517814726840855
0.517814726840855
0.517814726840855
0.5130641330166271
0.5130641330166271
0.5130641330166271
0.52
0.4655581947743468
0.4469525959367946
0.44635193133047213
0.4469525959367946
0.43776824034334766
0.43776824034334766
0.4122448979591837
0.4122448979591837
0.41201716738197425
0.8210526315789474
0.8210526315789474
0.8210526315789474
0.7368421052631579
0.7368421052631579
0.7368421052631579
0.7368421052631579
0.7368421052631579
0.7368421052631579
0.7368421052631579
0.7368421052631579
0.7368421052631579
0.6631578947368421
0.6631578947368421
0.6631578947368421
0.615
0.615
0.615
0.6318289786223278
0.6318289786223278
0.6318289786223278
0.6318289786223278
0.6318289786223278
0.5843230403800475
0.625
0.6263157894736842
0.6263157894736842
0.6263157894736842
0.6263157894736842
0.6263157894736842
0.595
0.595
0.595
0.595
0.595
0.58
0.58
0.58
0.58
0.58
0.58
0.58
0.58
0.58
0.58
0.58
0.58
0.58
0.58
0.58
0.58
0.6263157894736842
0.6263157894736842
0.6263157894736842
0.6263157894736842
0.6263157894736842
0.6263157894736842
0.6263157894736842
0.631578947368421
0.595
0.595
0.595
0.6210526315789474
0.6210526315789474
0.6210526315789474
0.625
0.625
0.625
0.625
0.625
0.625
0.625
0.625
0.625
0.625
0.625
0.625
0.625
0.625
0.625
0.625
0.625
0.625
0.625
0.625
0.645
0.645
0.645
0.645
0.645
0.6421052631578947
0.6421052631578947
0.6473684210526316
0.6473684210526316
0.6473684210526316
0.6473684210526316
0.62
0.62
0.615
0.6526315789473685
0.8210526315789474
0.8210526315789474
0.8210526315789474
0.725
0.725
0.725
0.7030878859857482
0.7030878859857482
0.6591422121896162
0.592274678111588
0.592274678111588
0.592274678111588
0.592274678111588
0.592274678111588
0.592274678111588
0.592274678111588
0.563265306122449
0.563265306122449
0.563265306122449
0.563265306122449
0.563265306122449
0.563265306122449
0.5708154506437768
0.5469387755102041
0.5469387755102041
0.5469387755102041
0.6351931330472103
0.6351931330472103
0.6351931330472103
0.6351931330472103
0.6351931330472103
0.6163265306122448
0.6163265306122448
0.6163265306122448
0.6163265306122448
0.6437768240343348
0.6437768240343348
0.6437768240343348
0.6437768240343348
0.6122448979591837
0.6122448979591837
0.566990291262136
0.566990291262136
0.5545286506469501
0.5048543689320388
0.4395973154362416
0.4395973154362416
0.4224
0.4192
0.4192
0.4192
0.4192
0.4192
0.42953020134228187
0.39436619718309857
0.39436619718309857
0.3873239436619718
0.3873239436619718
0.3873239436619718
0.38380281690140844
0.38380281690140844
0.38380281690140844
0.33587786259541985
0.3584
0.3584
0.36577181208053694
0.36577181208053694
0.3648
0.36335877862595417
0.36335877862595417
0.36335877862595417
0.36335877862595417
0.36335877862595417
0.33587786259541985
0.33587786259541985
0.33587786259541985
0.33587786259541985
0.33587786259541985
0.2784
0.26259541984732826
0.24489795918367346
0.2565597667638484
0.24427480916030533
0.23323615160349853
0.2303206997084548
0.22284122562674094
0.23119777158774374
0.23435419440745672
0.23435419440745672
0.2267515923566879
0.22902796271637815
0.24233983286908078
0.24233983286908078
0.24234354194407456
0.2479108635097493
0.2536443148688047
0.2478134110787172
0.2478134110787172
0.23676880222841226
0.22636484687083888
0.8210526315789474
0.8210526315789474
0.8210526315789474
0.8210526315789474
0.8210526315789474
0.8210526315789474
0.8210526315789474
0.8210526315789474
0.8210526315789474
0.8210526315789474
0.8210526315789474
0.8210526315789474
0.8210526315789474
0.8210526315789474
0.8210526315789474
0.8210526315789474
0.8210526315789474
0.8210526315789474
0.8210526315789474
0.8210526315789474
0.8210526315789474
0.8210526315789474
0.8210526315789474
0.8210526315789474
0.8210526315789474
0.8210526315789474
0.8210526315789474
0.8210526315789474
0.725
0.725
0.725
0.725
0.725
0.725
0.7105263157894737
0.635
0.635
0.635
0.635
0.635
0.635
0.6947368421052632
0.6947368421052632
0.6947368421052632
0.6947368421052632
0.6947368421052632
0.64
0.64
0.64
0.64
0.6947368421052632
0.6947368421052632
0.6947368421052632
0.6947368421052632
0.6947368421052632
0.554016620498615
0.554016620498615
0.5207756232686981
0.5152354570637119
0.5152354570637119
0.5152354570637119
0.45605700712589076
0.45605700712589076
0.45605700712589076
0.44243792325056436
0.39914163090128757
0.4153498871331828
0.44243792325056436
0.44243792325056436
0.41201716738197425
0.4122448979591837
0.4122448979591837
0.36893203883495146
0.36893203883495146
0.36893203883495146
0.3733826247689464
0.3585951940850277
0.3585951940850277
0.3585951940850277
0.3585951940850277
0.3585951940850277
0.3585951940850277
0.34507042253521125
0.3873239436619718
0.38817005545286504
0.3345070422535211
0.3512014787430684
0.34750462107208874
0.34750462107208874
0.34750462107208874
0.34507042253521125
0.3438077634011091
0.3438077634011091
0.3438077634011091
0.3512014787430684
0.4155339805825243
0.4155339805825243
0.46530612244897956
0.46530612244897956
0.46530612244897956
0.8210526315789474
0.7257617728531855
0.6647230320699709
0.6647230320699709
0.6647230320699709
0.6647230320699709
0.6647230320699709
0.6980609418282548
0.6647230320699709
0.6647230320699709
0.6647230320699709
0.6647230320699709
0.6647230320699709
0.6647230320699709
0.6647230320699709
0.6647230320699709
0.6647230320699709
0.5706371191135734
0.5706371191135734
0.5706371191135734
0.5706371191135734
0.531578947368421
0.6204986149584487
0.5510688836104513
0.5510688836104513
0.5320665083135392
0.4966139954853273
0.5225653206650831
0.48758465011286684
0.48758465011286684
0.48758465011286684
0.5273159144893111
0.5273159144893111
0.5273159144893111
0.5273159144893111
0.4785553047404063
0.4785553047404063
0.5372460496613995
0.5748218527315915
0.61
0.61
0.61
0.61
0.61
0.5700712589073634
0.56
0.6210526315789474
0.6210526315789474
0.6
0.6
0.6
0.6
0.6
0.5510688836104513
0.6365795724465558
0.6365795724465558
0.6365795724465558
0.665
0.6983372921615202
0.6983372921615202
0.6983372921615202
0.7030878859857482
0.625
0.655
0.655
0.655
0.655
0.655
0.631578947368421
0.592797783933518
0.6005830903790087
0.5644171779141104
0.5644171779141104
0.5481049562682215
0.5481049562682215
0.5481049562682215
0.5481049562682215
0.5481049562682215
0.5306122448979592
0.5306122448979592
0.5306122448979592
0.5306122448979592
0.5276073619631901
0.5421052631578948
0.592797783933518
0.592797783933518
0.592797783933518
0.5761772853185596
0.5761772853185596
0.5597667638483965
0.5597667638483965
0.5597667638483965
0.5597667638483965
0.5597667638483965
0.5597667638483965
0.5597667638483965
0.554016620498615
0.554016620498615
0.554016620498615
0.554016620498615
0.8210526315789474
0.8210526315789474
0.8210526315789474
0.7091412742382271
0.7091412742382271
0.7091412742382271
0.7091412742382271
0.7091412742382271
0.7091412742382271
0.7091412742382271
0.7091412742382271
0.6263157894736842
0.6263157894736842
0.6263157894736842
0.6263157894736842
0.6263157894736842
0.6263157894736842
0.5595567867036011
0.5595567867036011
0.5595567867036011
0.5595567867036011
0.5595567867036011
0.5595567867036011
0.5263157894736842
0.5263157894736842
0.5263157894736842
0.5263157894736842
0.5263157894736842
0.5263157894736842
0.43
0.43
0.48931116389548696
0.48931116389548696
0.48931116389548696
0.48931116389548696
0.48931116389548696
0.48931116389548696
0.48931116389548696
0.48931116389548696
0.5417607223476298
0.5417607223476298
0.5225653206650831
0.45598194130925507
0.45598194130925507
0.3218884120171674
0.3142857142857143
0.26796116504854367
0.2698706099815157
0.2912621359223301
0.2912621359223301
0.2809611829944547
0.2809611829944547
0.2809611829944547
0.2809611829944547
0.2746478873239437
0.2746478873239437
0.2550335570469799
0.2528
0.2550335570469799
0.2464
0.20334261838440112
0.21837549933422104
0.20636942675159237
0.16097560975609757
0.16097560975609757
0.16097560975609757
0.15853658536585366
0.17523364485981308
0.17523364485981308
0.17245240761478164
0.14178302900107412
0.14178302900107412
0.20193340494092374
0.20193340494092374
0.19381443298969073
0.19381443298969073
0.18613861386138614
0.1782178217821782
0.18350515463917524
0.1801980198019802
0.18969072164948453
0.18811881188118812
0.1807802093244529
0.1694915254237288
0.1742957746478873
0.16779661016949152
0.16440677966101694
0.16440677966101694
0.16440677966101694
0.16440677966101694
0.16
0.16
0.16440677966101694
0.17781690140845072
0.17749313815187556
0.176056338028169
0.1742957746478873
0.16779661016949152
0.16779661016949152
0.16326530612244897
0.8210526315789474
0.745
0.745
0.725
0.725
0.6842105263157895
0.6842105263157895
0.6842105263157895
0.6842105263157895
0.6842105263157895
0.6842105263157895
0.6842105263157895
0.6842105263157895
0.6842105263157895
0.645
0.5843230403800475
0.5843230403800475
0.5225653206650831
0.5225653206650831
0.555
0.555
0.555
0.555
0.555
0.48931116389548696
0.48931116389548696
0.4108352144469526
0.43776824034334766
0.43776824034334766
0.43776824034334766
0.43776824034334766
0.35489833641404805
0.40492957746478875
0.40492957746478875
0.43253234750462105
0.43253234750462105
0.4116504854368932
0.363265306122449
0.363265306122449
0.3776824034334764
0.3927765237020316
0.38197424892703863
0.38197424892703863
0.4034334763948498
0.4034334763948498
0.4108352144469526
0.41201716738197425
0.41201716738197425
0.4248927038626609
0.40408163265306124
0.40408163265306124
0.40408163265306124
0.4248927038626609
0.4198645598194131
0.42437923250564336
0.42437923250564336
0.40772532188841204
0.3877551020408163
0.4
0.4
0.4
0.4
0.4
0.4
0.4
0.41201716738197425
0.363265306122449
0.3551020408163265
0.36909871244635195
0.3551020408163265
0.3551020408163265
0.3551020408163265
0.37281553398058254
0.37281553398058254
0.37281553398058254
0.37281553398058254
0.37281553398058254
0.37281553398058254
0.37281553398058254
0.37281553398058254
0.37281553398058254
0.35489833641404805
0.39926062846580407
0.4014084507042254
0.4029574861367837
0.3844660194174757
0.3844660194174757
0.3659889094269871
0.3659889094269871
0.3300970873786408
0.3142857142857143
0.3145631067961165
0.3145631067961165
0.3145631067961165
0.2513863216266174
0.2464
0.2464
0.2464
0.256
0.2483221476510067
0.8210526315789474
0.8210526315789474
0.8210526315789474
0.8210526315789474
0.8210526315789474
0.8210526315789474
0.8210526315789474
0.8210526315789474
0.8210526315789474
0.8210526315789474
0.7578947368421053
0.7578947368421053
0.7578947368421053
0.7578947368421053
0.7146814404432132
0.7146814404432132
0.6263157894736842
0.605
0.605
0.6175771971496437
0.6175771971496437
0.6175771971496437
0.6175771971496437
0.5778781038374717
0.5778781038374717
0.5778781038374717
0.5321888412017167
0.5321888412017167
0.5061224489795918
0.516504854368932
0.5203883495145631
0.5203883495145631
0.5102040816326531
0.4815533980582524
0.4775510204081633
0.4775510204081633
0.46530612244897956
0.46530612244897956
0.46530612244897956
0.46530612244897956
0.44271844660194176
0.44271844660194176
0.42513863216266173
0.4084507042253521
0.4154929577464789
0.4161073825503356
0.41946308724832215
0.4096
0.4096
0.4228187919463087
0.4225352112676056
0.4154929577464789
0.43253234750462105
0.39926062846580407
0.3873239436619718
0.3724832214765101
0.3584
0.3584
0.3624161073825503
0.3624161073825503
0.3424
0.348993288590604
0.3523489932885906
0.39932885906040266
0.3819241982507289
0.3969465648854962
0.3552
0.3552
0.3552
0.3552
0.36335877862595417
0.358600583090379
0.358600583090379
0.358600583090379
0.3398328690807799
0.3398328690807799
0.34620505992010653
0.33121019108280253
0.34620505992010653
0.34620505992010653
0.32756324900133155
0.32756324900133155
0.31337579617834393
0.32756324900133155
0.32756324900133155
0.3286624203821656
0.3286624203821656
0.3286624203821656
0.3023516237402016
0.3177570093457944
0.3202687569988802
0.3202687569988802
0.3071965628356606
0.3045912653975364
0.2956326987681971
0.24489795918367346
0.2288659793814433
0.21782178217821782
0.21386138613861386
0.21386138613861386
0.8210526315789474
0.8210526315789474
0.8210526315789474
0.73
0.73
0.73
0.73
0.73
0.73
0.7030878859857482
0.7030878859857482
0.7030878859857482
0.7030878859857482
0.7030878859857482
0.7030878859857482
0.7030878859857482
0.6230248306997742
0.6230248306997742
0.6230248306997742
0.6365795724465558
0.6365795724465558
0.6365795724465558
0.6460807600950119
0.6460807600950119
0.6460807600950119
0.6460807600950119
0.6460807600950119
0.6460807600950119
0.6460807600950119
0.618510158013544
0.6139954853273137
0.6137339055793991
0.6137339055793991
0.5346938775510204
0.512621359223301
0.4953789279112754
0.4953789279112754
0.5105633802816901
0.5105633802816901
0.4953789279112754
0.5048543689320388
0.5048543689320388
0.5048543689320388
0.5048543689320388
0.5048543689320388
0.5048543689320388
0.5048543689320388
0.5048543689320388
0.5048543689320388
0.516504854368932
0.5064695009242144
0.5027726432532348
0.5027726432532348
0.5027726432532348
0.5027726432532348
0.46990291262135925
0.45471349353049906
0.45471349353049906
0.46990291262135925
0.4510166358595194
0.3873239436619718
0.3873239436619718
0.39926062846580407
0.39926062846580407
0.3873239436619718
0.4029574861367837
0.4029574861367837
0.4029574861367837
0.4029574861367837
0.4029574861367837
0.4029574861367837
0.4029574861367837
0.3767605633802817
0.3767605633802817
0.35906040268456374
0.3424
0.3450381679389313
0.3450381679389313
0.36443148688046645
0.36443148688046645
0.3760932944606414
0.3760932944606414
0.3788300835654596
0.3621837549933422
0.34540389972144847
0.34540389972144847
0.32756324900133155
0.32611464968152865
0.340878828229028
0.35376044568245124
0.30892143808255657
0.31197771587743733
0.31197771587743733
0.31197771587743733
0.31197771587743733
0.31197771587743733
0.31197771587743733
0.31197771587743733
0.30612244897959184
0.3114503816793893
0.8210526315789474
0.8210526315789474
0.8210526315789474
0.8210526315789474
0.8210526315789474
0.8210526315789474
0.8210526315789474
0.7631578947368421
0.7631578947368421
0.7631578947368421
0.7631578947368421
0.7
0.7
0.7
0.6592797783933518
0.6592797783933518
0.6592797783933518
0.6592797783933518
0.6592797783933518
0.6592797783933518
0.5947521865889213
0.5947521865889213
0.5947521865889213
0.5947521865889213
0.5947521865889213
0.5650969529085873
0.5650969529085873
0.5650969529085873
0.5189504373177842
0.5276073619631901
0.5276073619631901
0.5276073619631901
0.5276073619631901
0.5105263157894737
0.5105263157894737
0.5105263157894737
0.5105263157894737
0.5105263157894737
0.5105263157894737
0.52
0.52
0.5526315789473685
0.5526315789473685
0.5526315789473685
0.5526315789473685
0.5526315789473685
0.5526315789473685
0.5526315789473685
0.5526315789473685
0.5526315789473685
0.6
0.5650969529085873
0.5650969529085873
0.5650969529085873
0.5650969529085873
0.5650969529085873
0.5597667638483965
0.5597667638483965
0.5597667638483965
0.5597667638483965
0.5539358600583091
0.5539358600583091
0.495
0.495
0.495
0.3990498812351544
0.3990498812351544
0.3990498812351544
0.3990498812351544
0.3990498812351544
0.3990498812351544
0.3990498812351544
0.385
0.385
0.38954869358669836
0.39429928741092635
0.39429928741092635
0.39
0.39
0.39473684210526316
0.395
0.4105263157894737
0.4099722991689751
0.4198250728862974
0.4606413994169096
0.4601226993865031
0.4198250728862974
0.485
0.485
0.485
0.41330166270783847
0.43
0.43
0.4085510688836104
0.3837471783295711
0.3837471783295711
0.3990498812351544
0.44
0.445
0.4368421052631579
0.8210526315789474
0.8210526315789474
0.775623268698061
0.775623268698061
0.775623268698061
0.775623268698061
0.775623268698061
0.775623268698061
0.775623268698061
0.7526315789473684
0.7526315789473684
0.7811634349030471
0.7811634349030471
0.7811634349030471
0.7368421052631579
0.7368421052631579
0.7368421052631579
0.7368421052631579
0.6239067055393586
0.6239067055393586
0.5595567867036011
0.6239067055393586
0.6239067055393586
0.45481049562682213
0.45481049562682213
0.43213296398891965
0.43213296398891965
0.43213296398891965
0.3684210526315789
0.375
0.375
0.35789473684210527
0.35789473684210527
0.35789473684210527
0.35789473684210527
0.30526315789473685
0.34
0.34
0.34
0.3368421052631579
0.30526315789473685
0.3047091412742382
0.3
0.3
0.355
0.355
0.355
0.3526315789473684
0.3526315789473684
0.3526315789473684
0.3105263157894737
0.29
0.29
0.29
0.28028503562945367
0.28028503562945367
0.2850356294536817
0.2799097065462754
0.24034334763948498
0.24034334763948498
0.23265306122448978
0.22524271844660193
0.22524271844660193
0.22448979591836735
0.22448979591836735
0.26180257510729615
0.28442437923250563
0.2755344418052256
0.29
0.25653206650831356
0.25653206650831356
0.27078384798099764
0.275
0.27078384798099764
0.27078384798099764
0.27
0.27
0.2894736842105263
0.2894736842105263
0.305
0.30403800475059384
0.3182897862232779
0.3182897862232779
0.3160270880361174
0.3160270880361174
0.3160270880361174
0.3160270880361174
0.3160270880361174
0.332541567695962
0.332541567695962
0.332541567695962
0.33860045146726864
0.33860045146726864
0.35665914221218964
0.3562231759656652
0.3562231759656652
0.3306122448979592
0.3145631067961165
0.30612244897959184
0.27184466019417475
0.8210526315789474
0.8210526315789474
0.8210526315789474
0.8210526315789474
0.8210526315789474
0.8210526315789474
0.8210526315789474
0.8210526315789474
0.755
0.755
0.755
0.755
0.755
0.7410926365795725
0.7410926365795725
0.6501128668171557
0.6501128668171557
0.6033254156769596
0.6033254156769596
0.5653206650831354
0.5653206650831354
0.5142857142857142
0.5142857142857142
0.5142857142857142
0.5142857142857142
0.5142857142857142
0.5142857142857142
0.5364806866952789
0.5364806866952789
0.5364806866952789
0.5102040816326531
0.5102040816326531
0.5102040816326531
0.4893203883495146
0.4893203883495146
0.4731977818853974
0.4731977818853974
0.4731977818853974
0.4731977818853974
0.4288354898336414
0.4214417744916821
0.4177449168207024
0.4177449168207024
0.40492957746478875
0.42513863216266173
0.42513863216266173
0.44731977818853974
0.4295774647887324
0.40939597315436244
0.41946308724832215
0.41946308724832215
0.41946308724832215
0.41946308724832215
0.3872
0.3872
0.3872
0.3786259541984733
0.3936
0.4064
0.4064
0.4064
0.40939597315436244
0.4064
0.4122137404580153
0.4
0.3969465648854962
0.38778625954198476
0.38778625954198476
0.38778625954198476
0.39083969465648855
0.3595206391478029
0.362116991643454
0.362116991643454
0.362116991643454
0.362116991643454
0.362116991643454
0.362116991643454
0.3819241982507289
0.36443148688046645
0.35097493036211697
0.3286908077994429
0.3286908077994429
0.3286908077994429
0.34110787172011664
0.3370473537604457
0.32756324900133155
0.3057324840764331
0.3057324840764331
0.3169107856191744
0.3249001331557923
0.3235668789808917
0.3159235668789809
0.3009320905459387
0.3009320905459387
0.3009320905459387
0.3009320905459387
0.3009320905459387
0.31197771587743733
0.2982689747003995
0.30892143808255657
0.8210526315789474
0.8210526315789474
0.8210526315789474
0.8210526315789474
0.8210526315789474
0.8210526315789474
0.8210526315789474
0.8210526315789474
0.8210526315789474
0.8210526315789474
0.8210526315789474
0.7257617728531855
0.7257617728531855
0.7257617728531855
0.7091412742382271
0.6052631578947368
0.6052631578947368
0.585
0.6157894736842106
0.6157894736842106
0.6105263157894737
0.595
0.5842105263157895
0.5842105263157895
0.5842105263157895
0.57
0.57
0.5463182897862233
0.565
0.5684210526315789
0.5684210526315789
0.5684210526315789
0.554016620498615
0.5684210526315789
0.5429362880886427
0.5429362880886427
0.5789473684210527
0.57
0.57
0.57
0.57
0.57
0.57
0.57
0.45789473684210524
0.45789473684210524
0.49473684210526314
0.46537396121883656
0.46537396121883656
0.46537396121883656
0.46537396121883656
0.46537396121883656
0.48947368421052634
0.46
0.42280285035629456
0.42280285035629456
0.4418052256532066
0.4418052256532066
0.38826185101580135
0.38826185101580135
0.4018058690744921
0.4018058690744921
0.4018058690744921
0.39914163090128757
0.4198645598194131
0.4198645598194131
0.4198645598194131
0.4198645598194131
0.42755344418052255
0.465
0.47368421052631576
0.38
0.4052631578947368
0.4052631578947368
0.3736842105263158
0.3767313019390582
0.4052631578947368
0.4052631578947368
0.4052631578947368
0.3837471783295711
0.40380047505938244
0.40380047505938244
0.38
0.38
0.38
0.41578947368421054
0.44321329639889195
0.44321329639889195
0.4099722991689751
0.4489795918367347
0.44321329639889195
0.45789473684210524
0.4263157894736842
0.42
0.40380047505938244
0.38826185101580135
0.38826185101580135
0.38826185101580135
0.39429928741092635
0.38
0.8210526315789474
0.8210526315789474
0.8210526315789474
0.8210526315789474
0.8210526315789474
0.8210526315789474
0.73
0.73
0.73
0.73
0.6947368421052632
0.6947368421052632
0.67
0.67
0.67
0.67
0.67
0.67
0.595
0.595
0.595
0.5510688836104513
0.5510688836104513
0.5510688836104513
0.5372460496613995
0.5372460496613995
0.5372460496613995
0.5364806866952789
0.46952595936794583
0.46952595936794583
0.463519313304721
0.5142857142857142
0.44635193133047213
0.3807763401109057
0.3732394366197183
0.3732394366197183
0.3732394366197183
0.35906040268456374
0.3626760563380282
0.34750462107208874
0.3345070422535211
0.37583892617449666
0.38028169014084506
0.3844731977818854
0.4
0.4
0.4
0.4122448979591837
0.4
0.3844731977818854
0.3844731977818854
0.3844731977818854
0.3844731977818854
0.39611650485436894
0.40816326530612246
0.39914163090128757
0.43776824034334766
0.44635193133047213
0.42437923250564336
0.42437923250564336
0.42437923250564336
0.42437923250564336
0.37054631828978624
0.37054631828978624
0.42755344418052255
0.42755344418052255
0.42755344418052255
0.445
0.445
0.445
0.445
0.445
0.42755344418052255
0.42755344418052255
0.42755344418052255
0.4108352144469526
0.4248927038626609
0.37551020408163266
0.36909871244635195
0.4018058690744921
0.39914163090128757
0.40632054176072235
0.40632054176072235
0.40632054176072235
0.38626609442060084
0.3306122448979592
0.33905579399141633
0.33905579399141633
0.32653061224489793
0.32653061224489793
0.33047210300429186
0.33047210300429186
0.27755102040816326
0.27755102040816326
0.27755102040816326
0.26407766990291265
0.2796116504854369
0.2796116504854369
0.2796116504854369
0.31844660194174756
0.8210526315789474
0.8210526315789474
0.8210526315789474
0.735
0.735
0.735
0.735
0.735
0.735
0.735
0.685
0.685
0.685
0.695
0.6368421052631579
0.5146726862302483
0.5146726862302483
0.5415676959619953
0.510158013544018
0.510158013544018
0.5869074492099323
0.5869074492099323
0.5869074492099323
0.5869074492099323
0.5869074492099323
0.5869074492099323
0.5869074492099323
0.5869074492099323
0.5869074492099323
0.5869074492099323
0.5869074492099323
0.51931330472103
0.51931330472103
0.5536480686695279
0.5778781038374717
0.5778781038374717
0.5778781038374717
0.5778781038374717
0.5320665083135392
0.5463182897862233
0.5463182897862233
0.5463182897862233
0.495
0.495
0.49
0.49
0.5
0.5
0.4930747922437673
0.47368421052631576
0.47368421052631576
0.47368421052631576
0.43
0.41330166270783847
0.41330166270783847
0.4018058690744921
0.2875536480686695
0.2897959183673469
0.287378640776699
0.27346938775510204
0.27346938775510204
0.27346938775510204
0.2918454935622318
0.2816326530612245
0.26019417475728157
0.26019417475728157
0.26019417475728157
0.26019417475728157
0.2809611829944547
0.2809611829944547
0.27816901408450706
0.27181208053691275
0.27181208053691275
0.27181208053691275
0.27181208053691275
0.256
0.256
0.256
0.2534351145038168
0.2565597667638484
0.2395543175487465
0.2396804260985353
0.2396804260985353
0.22929936305732485
0.2121951219512195
0.2121951219512195
0.1985981308411215
0.1985981308411215
0.1985981308411215
0.19708846584546472
0.19708846584546472
0.19708846584546472
0.19763694951664876
0.18904403866809882
0.1731684110371075
0.1731684110371075
0.16102470265324795
0.15492957746478872
0.1537053979871912
0.1555352241537054
0.8210526315789474
0.8210526315789474
0.8210526315789474
0.8210526315789474
0.7
0.7
0.7146814404432132
0.7146814404432132
0.6473684210526316
0.6371191135734072
0.6371191135734072
0.6371191135734072
0.6371191135734072
0.6371191135734072
0.5263157894736842
0.5052631578947369
0.49
0.49
0.49
0.45605700712589076
0.45146726862302483
0.45146726862302483
0.45146726862302483
0.45146726862302483
0.45146726862302483
0.45146726862302483
0.45146726862302483
0.45146726862302483
0.44243792325056436
0.45146726862302483
0.45146726862302483
0.3905579399141631
0.39591836734693875
0.4326530612244898
0.39914163090128757
0.3836734693877551
0.3510204081632653
0.3510204081632653
0.3648068669527897
0.3648068669527897
0.38826185101580135
0.38826185101580135
0.38826185101580135
0.38197424892703863
0.3836734693877551
0.40388349514563104
0.41035120147874304
0.41035120147874304
0.41035120147874304
0.41035120147874304
0.39436619718309857
0.40492957746478875
0.40492957746478875
0.40492957746478875
0.4288354898336414
0.40492957746478875
0.35725190839694654
0.35725190839694654
0.35725190839694654
0.35725190839694654
0.33527696793002915
0.36443148688046645
0.37251908396946565
0.37251908396946565
0.35725190839694654
0.35725190839694654
0.368
0.368
0.31755725190839695
0.32
0.32
0.3083969465648855
0.3177842565597668
0.3177842565597668
0.3083969465648855
0.3136
0.3136
0.2748091603053435
0.2748091603053435
0.3168
0.3083969465648855
0.3053435114503817
0.3053435114503817
0.3053435114503817
0.3053435114503817
0.2915451895043732
0.2870229007633588
0.24198250728862974
0.24198250728862974
0.233983286908078
0.22636484687083888
0.20127388535031848
0.20127388535031848
0.23414634146341465
0.23414634146341465
0.23130841121495327
0.23130841121495327
0.21724524076147816
0.21724524076147816
0.22986036519871106
0.8210526315789474
0.8210526315789474
0.8210526315789474
0.8210526315789474
0.8210526315789474
0.8210526315789474
0.8210526315789474
0.8210526315789474
0.8210526315789474
0.7091412742382271
0.7091412742382271
0.7091412742382271
0.7091412742382271
0.7091412742382271
0.7091412742382271
0.7091412742382271
0.7091412742382271
0.7091412742382271
0.7091412742382271
0.7091412742382271
0.7091412742382271
0.7091412742382271
0.7091412742382271
0.7091412742382271
0.7091412742382271
0.6684210526315789
0.6684210526315789
0.6684210526315789
0.6684210526315789
0.7091412742382271
0.7091412742382271
0.7091412742382271
0.7091412742382271
0.7091412742382271
0.6842105263157895
0.625
0.6842105263157895
0.5595567867036011
0.5595567867036011
0.5842105263157895
0.595
0.595
0.5368171021377672
0.5368171021377672
0.5191873589164786
0.5056433408577878
0.4418052256532066
0.4418052256532066
0.42280285035629456
0.42280285035629456
0.4469525959367946
0.4469525959367946
0.45598194130925507
0.45598194130925507
0.45598194130925507
0.45598194130925507
0.45598194130925507
0.45598194130925507
0.45598194130925507
0.35214446952595935
0.3837471783295711
0.3837471783295711
0.3837471783295711
0.3837471783295711
0.37339055793991416
0.34763948497854075
0.34763948497854075
0.34763948497854075
0.351931330472103
0.351931330472103
0.34334763948497854
0.3656884875846501
0.33476394849785407
0.33476394849785407
0.33476394849785407
0.3306122448979592
0.3306122448979592
0.37142857142857144
0.37142857142857144
0.37142857142857144
0.34563106796116505
0.34285714285714286
0.34285714285714286
0.3218884120171674
0.3218884120171674
0.3218884120171674
0.3031423290203327
0.3031423290203327
0.3031423290203327
0.3031423290203327
0.3031423290203327
0.3031423290203327
0.3300970873786408
0.2920517560073937
0.2920517560073937
0.2852112676056338
0.2751677852348993
0.2751677852348993
0.2751677852348993
0.28169014084507044
0.8210526315789474
0.8210526315789474
0.8210526315789474
0.8210526315789474
0.8210526315789474
0.7631578947368421
0.7631578947368421
0.7736842105263158
0.7736842105263158
0.7736842105263158
0.665
0.665
0.6033254156769596
0.6033254156769596
0.6033254156769596
0.6033254156769596
0.5733634311512416
0.5733634311512416
0.5793991416309013
0.5793991416309013
0.5673469387755102
0.5364806866952789
0.5282167042889391
0.5282167042889391
0.5793991416309013
0.5536480686695279
0.510158013544018
0.510158013544018
0.503562945368171
0.42437923250564336
0.43792325056433407
0.43792325056433407
0.5225653206650831
0.5225653206650831
0.49209932279909707
0.49209932279909707
0.49209932279909707
0.46080760095011875
0.40380047505938244
0.40380047505938244
0.38
0.3776824034334764
0.3776824034334764
0.44243792325056436
0.44243792325056436
0.3927765237020316
0.3927765237020316
0.3650485436893204
0.3572815533980582
0.3673469387755102
0.34563106796116505
0.3624161073825503
0.3732394366197183
0.3732394366197183
0.3732394366197183
0.3732394366197183
0.3732394366197183
0.36577181208053694
0.36577181208053694
0.36577181208053694
0.34507042253521125
0.34507042253521125
0.3288590604026846
0.3072
0.31755725190839695
0.3296
0.3232
0.32
0.3221476510067114
0.30633802816901406
0.30633802816901406
0.30633802816901406
0.30633802816901406
0.3290203327171904
0.3290203327171904
0.3204225352112676
0.3204225352112676
0.2846580406654344
0.2735674676524954
0.2711267605633803
0.2711267605633803
0.25838926174496646
0.25838926174496646
0.2624
0.0768
0.06717557251908397
0.06705539358600583
0.06705539358600583
0.06705539358600583
0.0732824427480916
0.0732824427480916
0.0732824427480916
0.13119533527696792
0.13119533527696792
0.13411078717201166
0.13411078717201166
0.14045801526717558
0.1465648854961832
0.14961832061068703
0.1435114503816794
0.8210526315789474
0.8210526315789474
0.8210526315789474
0.8210526315789474
0.8210526315789474
0.8210526315789474
0.8210526315789474
0.8210526315789474
0.8210526315789474
0.8210526315789474
0.7091412742382271
0.7091412742382271
0.7091412742382271
0.7091412742382271
0.7091412742382271
0.7091412742382271
0.7091412742382271
0.7146814404432132
0.7146814404432132
0.669833729216152
0.6080760095011877
0.6080760095011877
0.6223277909738717
0.6223277909738717
0.6223277909738717
0.6223277909738717
0.6223277909738717
0.6049661399548533
0.6049661399548533
0.6049661399548533
0.6049661399548533
0.6223277909738717
0.6223277909738717
0.6223277909738717
0.6223277909738717
0.582392776523702
0.5415676959619953
0.5415676959619953
0.545
0.545
0.5684210526315789
0.4986149584487535
0.45789473684210524
0.435
0.47368421052631576
0.46
0.4513064133016627
0.4323040380047506
0.4323040380047506
0.4323040380047506
0.4323040380047506
0.43340857787810383
0.43340857787810383
0.43340857787810383
0.4323040380047506
0.37054631828978624
0.375
0.375
0.375
0.375
0.4418052256532066
0.4288939051918736
0.40380047505938244
0.3752969121140142
0.3752969121140142
0.3752969121140142
0.3476297968397291
0.3476297968397291
0.3476297968397291
0.3476297968397291
0.3476297968397291
0.2446351931330472
0.33476394849785407
0.3183673469387755
0.283495145631068
0.2957486136783734
0.2957486136783734
0.22920517560073936
0.2176
0.2176
0.2348993288590604
0.23591549295774647
0.3345070422535211
0.3345070422535211
0.34507042253521125
0.32162661737523107
0.3378640776699029
0.3300970873786408
0.3300970873786408
0.34011090573012936
0.31690140845070425
0.3053691275167785
0.3053691275167785
0.2816
0.2816
0.2816
0.28859060402684567
0.30985915492957744
0.30201342281879195
0.30201342281879195
0.725
0.725
0.725
0.725
0.725
0.725
0.725
0.725
0.655
0.7368421052631579
0.7368421052631579
0.665
0.665
0.665
0.665
0.665
0.665
0.65
0.65
0.65
0.65
0.6
0.6
0.6592797783933518
0.554016620498615
0.554016620498615
0.554016620498615
0.6105263157894737
0.595
0.6105263157894737
0.6105263157894737
0.6105263157894737
0.6105263157894737
0.6105263157894737
0.5191873589164786
0.5236051502145923
0.46938775510204084
0.45048543689320386
0.45471349353049906
0.4084507042253521
0.3959731543624161
0.4225352112676056
0.4225352112676056
0.43622920517560076
0.3380281690140845
0.3380281690140845
0.3380281690140845
0.352112676056338
0.352112676056338
0.352112676056338
0.3290203327171904
0.323943661971831
0.34750462107208874
0.3611650485436893
0.3611650485436893
0.3611650485436893
0.3611650485436893
0.35918367346938773
0.3346938775510204
0.3346938775510204
0.341747572815534
0.341747572815534
0.341747572815534
0.341747572815534
0.31053604436229204
0.31053604436229204
0.30985915492957744
0.30985915492957744
0.3083969465648855
0.30229007633587784
0.2915451895043732
0.2841225626740947
0.3064066852367688
0.30362116991643456
0.31486880466472306
0.2924791086350975
0.298050139275766
0.30029154518950435
0.30029154518950435
0.26740947075208915
0.27019498607242337
0.2636484687083888
0.24766355140186916
0.24188129899216126
0.24188129899216126
0.24188129899216126
0.23200859291084855
0.22061855670103092
0.21911922663802363
0.21911922663802363
0.19381443298969073
0.19175257731958764
0.21188118811881188
0.16237623762376238
0.15643564356435644
0.1636536631779258
0.18811881188118812
0.1807802093244529
0.1807802093244529
0.1845861084681256
0.735
0.735
0.735
0.735
0.735
0.735
0.735
0.735
0.735
0.735
0.735
0.735
0.735
0.735
0.735
0.735
0.735
0.735
0.7078384798099763
0.7078384798099763
0.6455981941309256
0.6080760095011877
0.6080760095011877
0.6080760095011877
0.6080760095011877
0.6080760095011877
0.6080760095011877
0.6080760095011877
0.6080760095011877
0.6080760095011877
0.6080760095011877
0.5372460496613995
0.5372460496613995
0.45493562231759654
0.45493562231759654
0.4489795918367347
0.4489795918367347
0.4489795918367347
0.4678111587982833
0.4489795918367347
0.4489795918367347
0.4489795918367347
0.4489795918367347
0.4489795918367347
0.4489795918367347
0.4489795918367347
0.4678111587982833
0.4678111587982833
0.4678111587982833
0.4678111587982833
0.4678111587982833
0.4604966139954853
0.4604966139954853
0.49356223175965663
0.49356223175965663
0.46938775510204084
0.46938775510204084
0.46938775510204084
0.46938775510204084
0.46938775510204084
0.49356223175965663
0.54627539503386
0.54627539503386
0.54627539503386
0.54627539503386
0.54627539503386
0.54627539503386
0.54627539503386
0.54627539503386
0.54627539503386
0.49356223175965663
0.49356223175965663
0.49356223175965663
0.43792325056433407
0.43792325056433407
0.4469525959367946
0.41630901287553645
0.41630901287553645
0.41630901287553645
0.41630901287553645
0.4
0.38058252427184464
0.38058252427184464
0.3766990291262136
0.3807763401109057
0.3807763401109057
0.29577464788732394
0.28523489932885904
0.28523489932885904
0.2688
0.2688
0.2688
0.2564885496183206
0.2592
0.20134228187919462
0.18309859154929578
0.17785234899328858
0.17785234899328858
0.1536
0.1536
0.8210526315789474
0.8210526315789474
0.8210526315789474
0.8210526315789474
0.8210526315789474
0.8210526315789474
0.8210526315789474
0.8210526315789474
0.8210526315789474
0.8210526315789474
0.8210526315789474
0.8210526315789474
0.8210526315789474
0.715
0.715
0.715
0.6318289786223278
0.6320541760722348
0.6320541760722348
0.6320541760722348
0.6094420600858369
0.5643340857787811
0.5643340857787811
0.5938242280285035
0.5510688836104513
0.5368171021377672
0.565
0.565
0.565
0.5368171021377672
0.5368171021377672
0.5368171021377672
0.5368171021377672
0.5368171021377672
0.5368171021377672
0.5510688836104513
0.5510688836104513
0.5510688836104513
0.56
0.5415676959619953
0.5146726862302483
0.5146726862302483
0.5415676959619953
0.5327313769751693
0.5327313769751693
0.5327313769751693
0.5282167042889391
0.5282167042889391
0.5282167042889391
0.48068669527896996
0.48068669527896996
0.5102040816326531
0.48068669527896996
0.48068669527896996
0.48068669527896996
0.48497854077253216
0.48497854077253216
0.45064377682403434
0.4448979591836735
0.4448979591836735
0.46938775510204084
0.4116504854368932
0.35489833641404805
0.3380281690140845
0.3380281690140845
0.3364140480591497
0.3572815533980582
0.3469387755102041
0.3533980582524272
0.4
0.4
0.3766990291262136
0.3766990291262136
0.3766990291262136
0.3585951940850277
0.3766990291262136
0.3364140480591497
0.3364140480591497
0.368
0.3419847328244275
0.3469387755102041
0.3755725190839695
0.3498542274052478
0.30919220055710306
0.3426183844011142
0.3426183844011142
0.3426183844011142
0.3426183844011142
0.32756324900133155
0.32756324900133155
0.3159235668789809
0.31337579617834393
0.2933930571108623
0.2933930571108623
0.2933930571108623
0.27926960257787325
0.27926960257787325
0.27926960257787325
0.27010309278350514
0.27010309278350514
0.8210526315789474
0.8210526315789474
0.8210526315789474
0.8210526315789474
0.8210526315789474
0.73
0.725
0.8210526315789474
0.8210526315789474
0.8210526315789474
0.6636568848758465
0.6636568848758465
0.5836909871244635
0.5836909871244635
0.5836909871244635
0.5836909871244635
0.5836909871244635
0.5836909871244635
0.5836909871244635
0.6139954853273137
0.6139954853273137
0.6139954853273137
0.6008583690987125
0.6008583690987125
0.6139954853273137
0.6139954853273137
0.5836909871244635
0.5346938775510204
0.5346938775510204
0.49320388349514566
0.5183673469387755
0.5183673469387755
0.4854368932038835
0.4854368932038835
0.4584103512014787
0.4584103512014787
0.43661971830985913
0.4161073825503356
0.43309859154929575
0.43288590604026844
0.43288590604026844
0.4014084507042254
0.35906040268456374
0.3926174496644295
0.3926174496644295
0.3926174496644295
0.3926174496644295
0.3926174496644295
0.3926174496644295
0.41901408450704225
0.41901408450704225
0.41901408450704225
0.41901408450704225
0.3908450704225352
0.3908450704225352
0.3724832214765101
0.40939597315436244
0.3744
0.39932885906040266
0.39932885906040266
0.3959731543624161
0.4084507042253521
0.4084507042253521
0.3511450381679389
0.3511450381679389
0.3511450381679389
0.3511450381679389
0.34402332361516036
0.30903790087463556
0.30903790087463556
0.30903790087463556
0.27988338192419826
0.2900763358778626
0.2857142857142857
0.2900763358778626
0.2778625954198473
0.26822157434402333
0.27113702623906705
0.25348189415041783
0.25348189415041783
0.24234354194407456
0.24234354194407456
0.2479108635097493
0.2479108635097493
0.24234354194407456
0.24234354194407456
0.2318471337579618
0.2318471337579618
0.22682926829268293
0.22682926829268293
0.23694267515923567
0.22682926829268293
0.21728971962616822
0.2127659574468085
0.19548872180451127
0.19548872180451127
0.2038073908174692
0.19978517722878625
0.19381443298969073
0.19381443298969073
0.8210526315789474
0.8210526315789474
0.78
0.78
0.78
0.78
0.78
0.78
0.78
0.78
0.78
0.765
0.765
0.6983372921615202
0.6983372921615202
0.6888361045130641
0.6888361045130641
0.695
0.695
0.695
0.695
0.695
0.695
0.695
0.669833729216152
0.669833729216152
0.669833729216152
0.669833729216152
0.669833729216152
0.669833729216152
0.669833729216152
0.6230248306997742
0.5688487584650113
0.5688487584650113
0.5688487584650113
0.5688487584650113
0.5688487584650113
0.5688487584650113
0.5688487584650113
0.5688487584650113
0.5688487584650113
0.5407725321888412
0.5407725321888412
0.5327313769751693
0.5327313769751693
0.4892703862660944
0.4892703862660944
0.4892703862660944
0.4892703862660944
0.4326530612244898
0.4326530612244898
0.4326530612244898
0.4592274678111588
0.4592274678111588
0.4122448979591837
0.4122448979591837
0.4122448979591837
0.4122448979591837
0.36971830985915494
0.36971830985915494
0.36971830985915494
0.36971830985915494
0.35570469798657717
0.37919463087248323
0.3859060402684564
0.3825503355704698
0.36619718309859156
0.36619718309859156
0.36619718309859156
0.4066543438077634
0.4066543438077634
0.4066543438077634
0.4066543438077634
0.4066543438077634
0.4066543438077634
0.4066543438077634
0.37707948243992606
0.37707948243992606
0.37707948243992606
0.36619718309859156
0.35570469798657717
0.35570469798657717
0.31338028169014087
0.2986577181208054
0.2986577181208054
0.2986577181208054
0.2048
0.18625954198473282
0.18625954198473282
0.2048
0.192
0.192
0.1856
0.19798657718120805
0.19798657718120805
0.19798657718120805
0.1952
0.19541984732824427
0.1924198250728863
0.1924198250728863
0.77
0.77
0.77
0.77
0.77
0.77
0.77
0.77
0.77
0.77
0.77
0.695
0.6413301662707839
0.6049661399548533
0.6049661399548533
0.5748218527315915
0.5748218527315915
0.510158013544018
0.510158013544018
0.510158013544018
0.510158013544018
0.510158013544018
0.510158013544018
0.510158013544018
0.5748218527315915
0.5748218527315915
0.5748218527315915
0.5558194774346793
0.5558194774346793
0.5558194774346793
0.5700712589073634
0.6
0.5510688836104513
0.57
0.5320665083135392
0.5320665083135392
0.5320665083135392
0.5320665083135392
0.5320665083135392
0.510158013544018
0.49356223175965663
0.5191873589164786
0.5191873589164786
0.5236051502145923
0.5191873589164786
0.5064377682403434
0.5064377682403434
0.5064377682403434
0.5064377682403434
0.5598194130925508
0.5598194130925508
0.5598194130925508
0.5598194130925508
0.5843230403800475
0.5843230403800475
0.5843230403800475
0.5843230403800475
0.5843230403800475
0.5843230403800475
0.525
0.525
0.565
0.565
0.565
0.5463182897862233
0.503562945368171
0.52
0.495
0.5052631578947369
0.5052631578947369
0.5052631578947369
0.455
0.46080760095011875
0.48931116389548696
0.48931116389548696
0.48931116389548696
0.48931116389548696
0.48931116389548696
0.48931116389548696
0.48931116389548696
0.48931116389548696
0.4966139954853273
0.4966139954853273
0.4966139954853273
0.5191873589164786
0.49356223175965663
0.49356223175965663
0.49356223175965663
0.45714285714285713
0.43106796116504853
0.43106796116504853
0.41035120147874304
0.4349514563106796
0.42513863216266173
0.42513863216266173
0.42513863216266173
0.4128
0.4192
0.4192
0.4192
0.8210526315789474
0.8210526315789474
0.8210526315789474
0.8210526315789474
0.8210526315789474
0.8210526315789474
0.8210526315789474
0.8210526315789474
0.8210526315789474
0.8210526315789474
0.8210526315789474
0.78
0.78
0.78
0.78
0.78
0.78
0.7078384798099763
0.7078384798099763
0.7078384798099763
0.7078384798099763
0.7078384798099763
0.7078384798099763
0.7078384798099763
0.6591422121896162
0.6591422121896162
0.6591422121896162
0.6591422121896162
0.6501128668171557
0.6501128668171557
0.6501128668171557
0.6501128668171557
0.6501128668171557
0.6501128668171557
0.600451467268623
0.5021459227467812
0.5021459227467812
0.44081632653061226
0.42857142857142855
0.42857142857142855
0.42857142857142855
0.42857142857142855
0.44206008583690987
0.42448979591836733
0.42448979591836733
0.41201716738197425
0.49795918367346936
0.49795918367346936
0.49795918367346936
0.4815533980582524
0.4815533980582524
0.4815533980582524
0.4815533980582524
0.4815533980582524
0.4815533980582524
0.4815533980582524
0.4815533980582524
0.4815533980582524
0.4815533980582524
0.4815533980582524
0.4815533980582524
0.41404805914972276
0.39436619718309857
0.3859060402684564
0.3328
0.3328
0.34563758389261745
0.34563758389261745
0.34563758389261745
0.3584
0.3584
0.37919463087248323
0.37919463087248323
0.37919463087248323
0.37919463087248323
0.40604026845637586
0.39436619718309857
0.35563380281690143
0.3480916030534351
0.3450381679389313
0.3323615160349854
0.3323615160349854
0.34110787172011664
0.34110787172011664
0.34110787172011664
0.38778625954198476
0.36443148688046645
0.36443148688046645
0.35376044568245124
0.33288948069241014
0.3006369426751592
0.3363057324840764
0.32195121951219513
0.32195121951219513
0.32195121951219513
0.32195121951219513
0.32195121951219513
0.3195121951219512
0.29205607476635514
0.2618556701030928
0.8210526315789474
0.755
0.735
0.735
0.735
0.735
0.735
0.735
0.735
0.735
0.735
0.735
0.7263157894736842
0.7263157894736842
0.7263157894736842
0.7263157894736842
0.7263157894736842
0.7263157894736842
0.7263157894736842
0.7263157894736842
0.7263157894736842
0.7263157894736842
0.7263157894736842
0.7263157894736842
0.7263157894736842
0.7263157894736842
0.7263157894736842
0.7263157894736842
0.685
0.685
0.6033254156769596
0.6033254156769596
0.6033254156769596
0.6033254156769596
0.6033254156769596
0.5463182897862233
0.5463182897862233
0.5463182897862233
0.5463182897862233
0.4897959183673469
0.4897959183673469
0.4621359223300971
0.38926174496644295
0.3732394366197183
0.43253234750462105
0.39611650485436894
0.4204081632653061
0.43776824034334766
0.4334763948497854
0.42857142857142855
0.4326530612244898
0.4326530612244898
0.4
0.4
0.4
0.4
0.4
0.3844660194174757
0.3844660194174757
0.3836734693877551
0.3836734693877551
0.3836734693877551
0.41941747572815535
0.42513863216266173
0.42513863216266173
0.42513863216266173
0.42513863216266173
0.3955637707948244
0.38028169014084506
0.38028169014084506
0.38028169014084506
0.39186691312384475
0.3744
0.37919463087248323
0.41901408450704225
0.4261744966442953
0.4084507042253521
0.3724832214765101
0.352
0.352
0.3203342618384401
0.31158455392809586
0.2980891719745223
0.2980891719745223
0.2980891719745223
0.28536585365853656
0.2780373831775701
0.2687569988801792
0.2850467289719626
0.2850467289719626
0.2850467289719626
0.2687569988801792
0.24860022396416573
0.22771213748657357
0.22126745435016112
0.22074215033301617
0.2033898305084746
0.19755102040816327
0.19755102040816327
0.19755102040816327
0.8210526315789474
0.8210526315789474
0.8210526315789474
0.8210526315789474
0.8210526315789474
0.8210526315789474
0.725
0.725
0.6935866983372921
0.7030878859857482
0.7030878859857482
0.7030878859857482
0.6094808126410836
0.6094808126410836
0.6094808126410836
0.6094808126410836
0.6094808126410836
0.6094808126410836
0.6275395033860045
0.6275395033860045
0.6275395033860045
0.6275395033860045
0.6275395033860045
0.6275395033860045
0.6275395033860045
0.6275395033860045
0.6275395033860045
0.6275395033860045
0.6275395033860045
0.6275395033860045
0.6275395033860045
0.600451467268623
0.600451467268623
0.600451467268623
0.600451467268623
0.6270783847980997
0.6040816326530613
0.5631067961165048
0.5631067961165048
0.5631067961165048
0.5631067961165048
0.5673469387755102
0.5673469387755102
0.5673469387755102
0.5673469387755102
0.3224489795918367
0.3224489795918367
0.283495145631068
0.283495145631068
0.28859060402684567
0.3028169014084507
0.3028169014084507
0.3028169014084507
0.3028169014084507
0.3028169014084507
0.2953020134228188
0.2953020134228188
0.2953020134228188
0.2953020134228188
0.13758389261744966
0.1342281879194631
0.13028169014084506
0.133086876155268
0.15140845070422534
0.13028169014084506
0.13028169014084506
0.13758389261744966
0.1312
0.13758389261744966
0.1536
0.1408
0.13435114503816795
0.1457725947521866
0.14961832061068703
0.14961832061068703
0.14868804664723032
0.15877437325905291
0.15446071904127828
0.13370473537604458
0.13411078717201166
0.13129770992366413
0.119533527696793
0.1282798833819242
0.1282798833819242
0.1282798833819242
0.12256267409470752
0.12516644474034622
0.13581890812250333
0.13581890812250333
0.1425233644859813
0.15677491601343785
0.1590145576707727
0.13465346534653466
0.13465346534653466
0.13663366336633664
0.12871287128712872
0.13861386138613863
0.1463917525773196
0.1463917525773196
0.1463917525773196
0.8210526315789474
0.8210526315789474
0.8210526315789474
0.8210526315789474
0.8210526315789474
0.8210526315789474
0.8210526315789474
0.8210526315789474
0.8210526315789474
0.72
0.6603325415676959
0.7
0.7
0.7
0.7
0.7
0.7
0.7
0.6603325415676959
0.6603325415676959
0.61
0.6421052631578947
0.6421052631578947
0.6421052631578947
0.6421052631578947
0.6421052631578947
0.6578947368421053
0.64
0.64
0.6080760095011877
0.6080760095011877
0.64
0.64
0.64
0.64
0.64
0.64
0.64
0.5843230403800475
0.5843230403800475
0.5843230403800475
0.5843230403800475
0.5843230403800475
0.5843230403800475
0.5843230403800475
0.5417607223476298
0.5417607223476298
0.5417607223476298
0.5417607223476298
0.48497854077253216
0.5236051502145923
0.5191873589164786
0.5191873589164786
0.5191873589164786
0.5011286681715575
0.5011286681715575
0.45493562231759654
0.45493562231759654
0.42857142857142855
0.42857142857142855
0.41630901287553645
0.41630901287553645
0.41630901287553645
0.41630901287553645
0.41630901287553645
0.42437923250564336
0.4
0.3883495145631068
0.3883495145631068
0.3364140480591497
0.3364140480591497
0.3104
0.3104
0.3104
0.3221476510067114
0.32
0.3053435114503817
0.3053435114503817
0.3232
0.3232
0.3232
0.3232
0.32
0.3145038167938931
0.30029154518950435
0.28133704735376047
0.28133704735376047
0.27696793002915454
0.27298050139275765
0.2857142857142857
0.2785515320334262
0.2857142857142857
0.2857142857142857
0.2931297709923664
0.2931297709923664
0.282798833819242
0.2841225626740947
0.29737609329446063
0.3053435114503817
0.2857142857142857
0.8210526315789474
0.8210526315789474
0.8210526315789474
0.8210526315789474
0.8210526315789474
0.8210526315789474
0.8210526315789474
0.8210526315789474
0.8210526315789474
0.8210526315789474
0.8210526315789474
0.8210526315789474
0.8210526315789474
0.8210526315789474
0.8210526315789474
0.8210526315789474
0.8210526315789474
0.8210526315789474
0.8210526315789474
0.8210526315789474
0.8210526315789474
0.8210526315789474
0.8210526315789474
0.7811634349030471
0.7811634349030471
0.7368421052631579
0.7368421052631579
0.6526315789473685
0.6526315789473685
0.6526315789473685
0.6526315789473685
0.6526315789473685
0.6526315789473685
0.6526315789473685
0.6526315789473685
0.6526315789473685
0.6526315789473685
0.6526315789473685
0.6526315789473685
0.6526315789473685
0.6526315789473685
0.6526315789473685
0.6526315789473685
0.6526315789473685
0.6526315789473685
0.6526315789473685
0.6526315789473685
0.6526315789473685
0.6925207756232687
0.6925207756232687
0.6925207756232687
0.6925207756232687
0.6925207756232687
0.6925207756232687
0.6925207756232687
0.6925207756232687
0.631578947368421
0.631578947368421
0.631578947368421
0.631578947368421
0.631578947368421
0.6426592797783933
0.6426592797783933
0.5894736842105263
0.5894736842105263
0.5894736842105263
0.56
0.6
0.585
0.5415676959619953
0.5415676959619953
0.5415676959619953
0.49406175771971494
0.52
0.52
0.52
0.52
0.52
0.5130641330166271
0.5225653206650831
0.4785553047404063
0.4785553047404063
0.4785553047404063
0.4785553047404063
0.45436893203883494
0.45436893203883494
0.45436893203883494
0.5183673469387755
0.4970873786407767
0.4879852125693161
0.5048543689320388
0.5048543689320388
0.5048543689320388
0.5048543689320388
0.4953789279112754
0.4953789279112754
0.45774647887323944
0.45774647887323944
0.45774647887323944
0.4507042253521127
0.8210526315789474
0.8210526315789474
0.8210526315789474
0.8210526315789474
0.8210526315789474
0.8210526315789474
0.8210526315789474
0.8210526315789474
0.8210526315789474
0.8210526315789474
0.8210526315789474
0.775623268698061
0.775623268698061
0.775623268698061
0.775623268698061
0.775623268698061
0.775623268698061
0.775623268698061
0.775623268698061
0.775623268698061
0.775623268698061
0.775623268698061
0.775623268698061
0.775623268698061
0.775623268698061
0.775623268698061
0.775623268698061
0.7526315789473684
0.7526315789473684
0.7526315789473684
0.7526315789473684
0.7526315789473684
0.7526315789473684
0.7526315789473684
0.7526315789473684
0.7526315789473684
0.7526315789473684
0.715
0.715
0.684085510688836
0.684085510688836
0.61
0.61
0.59
0.59
0.5450643776824035
0.51931330472103
0.51931330472103
0.51931330472103
0.51931330472103
0.5327313769751693
0.5327313769751693
0.5327313769751693
0.5327313769751693
0.5327313769751693
0.5364806866952789
0.5364806866952789
0.5364806866952789
0.5364806866952789
0.5364806866952789
0.5265306122448979
0.5265306122448979
0.5265306122448979
0.5265306122448979
0.4788732394366197
0.4429530201342282
0.4416
0.4416
0.4416
0.4416
0.4416
0.4416
0.40916030534351144
0.40916030534351144
0.4
0.4256
0.4256
0.42953020134228187
0.4507042253521127
0.4507042253521127
0.4507042253521127
0.4261744966442953
0.384
0.384
0.39083969465648855
0.39083969465648855
0.39083969465648855
0.39083969465648855
0.39083969465648855
0.39083969465648855
0.39083969465648855
0.35276967930029157
0.3370473537604457
0.3064066852367688
0.3064066852367688
0.25348189415041783
0.26822157434402333
0.24427480916030533
0.24427480916030533
0.2176
0.8210526315789474
0.8210526315789474
0.8210526315789474
0.8210526315789474
0.8210526315789474
0.7789473684210526
0.7789473684210526
0.7789473684210526
0.7789473684210526
0.7789473684210526
0.7368421052631579
0.7368421052631579
0.7368421052631579
0.7368421052631579
0.7368421052631579
0.7368421052631579
0.7368421052631579
0.7368421052631579
0.7479224376731302
0.7479224376731302
0.7479224376731302
0.7479224376731302
0.7479224376731302
0.7479224376731302
0.7479224376731302
0.7479224376731302
0.7479224376731302
0.7479224376731302
0.7479224376731302
0.7479224376731302
0.7479224376731302
0.7479224376731302
0.7479224376731302
0.7479224376731302
0.7479224376731302
0.7479224376731302
0.7479224376731302
0.7463556851311953
0.7368421052631579
0.7368421052631579
0.7368421052631579
0.7368421052631579
0.7368421052631579
0.7368421052631579
0.7368421052631579
0.7368421052631579
0.7368421052631579
0.7368421052631579
0.7368421052631579
0.6578947368421053
0.6578947368421053
0.6578947368421053
0.6578947368421053
0.5643340857787811
0.5643340857787811
0.5643340857787811
0.5643340857787811
0.5372460496613995
0.5372460496613995
0.5372460496613995
0.5372460496613995
0.5278969957081545
0.5278969957081545
0.5278969957081545
0.5278969957081545
0.5278969957081545
0.49387755102040815
0.49387755102040815
0.49387755102040815
0.49387755102040815
0.47378640776699027
0.4658040665434381
0.4658040665434381
0.4448
0.4448
0.4448
0.42953020134228187
0.43661971830985913
0.43661971830985913
0.43661971830985913
0.43661971830985913
0.43661971830985913
0.43661971830985913
0.44014084507042256
0.44014084507042256
0.44014084507042256
0.44014084507042256
0.44014084507042256
0.44014084507042256
0.46210720887245843
0.47378640776699027
0.47378640776699027
0.47378640776699027
0.47378640776699027
0.47378640776699027
0.47378640776699027
0.5020408163265306
0.5107296137339056
0.5107296137339056
0.5107296137339056
0.8210526315789474
0.8210526315789474
0.8210526315789474
0.8210526315789474
0.8210526315789474
0.74
0.74
0.74
0.74
0.74
0.74
0.74
0.74
0.74
0.648068669527897
0.6275395033860045
0.6275395033860045
0.6275395033860045
0.6275395033860045
0.6275395033860045
0.618510158013544
0.6460807600950119
0.6460807600950119
0.6049661399548533
0.6049661399548533
0.6049661399548533
0.5622317596566524
0.5622317596566524
0.5142857142857142
0.5622317596566524
0.5622317596566524
0.5622317596566524
0.5622317596566524
0.5622317596566524
0.5622317596566524
0.5622317596566524
0.5622317596566524
0.5622317596566524
0.5869074492099323
0.5869074492099323
0.5869074492099323
0.5869074492099323
0.5869074492099323
0.5869074492099323
0.5869074492099323
0.5869074492099323
0.5869074492099323
0.5579399141630901
0.5665236051502146
0.5665236051502146
0.5665236051502146
0.5665236051502146
0.5665236051502146
0.5142857142857142
0.4893203883495146
0.4893203883495146
0.46950092421441775
0.46950092421441775
0.48428835489833644
0.4658040665434381
0.4658040665434381
0.4658040665434381
0.4658040665434381
0.4658040665434381
0.4658040665434381
0.4658040665434381
0.45774647887323944
0.45774647887323944
0.42953020134228187
0.4096
0.4096
0.4096
0.4096
0.4096
0.4096
0.42953020134228187
0.42953020134228187
0.42953020134228187
0.42953020134228187
0.42953020134228187
0.42953020134228187
0.3936
0.3936
0.3847328244274809
0.3847328244274809
0.3847328244274809
0.36443148688046645
0.36443148688046645
0.3556851311953353
0.3556851311953353
0.3556851311953353
0.3556851311953353
0.35276967930029157
0.35276967930029157
0.3231197771587744
0.3231197771587744
0.31158455392809586
0.3382157123834887
0.3382157123834887
0.33022636484687085
0.8210526315789474
0.8210526315789474
0.56
0.5273159144893111
0.46080760095011875
0.46530612244897956
0.46530612244897956
0.4116504854368932
0.4116504854368932
0.48428835489833644
0.45436893203883494
0.45436893203883494
0.45436893203883494
0.45436893203883494
0.46530612244897956
0.46530612244897956
0.4897959183673469
0.4897959183673469
0.51931330472103
0.51931330472103
0.4897959183673469
0.4897959183673469
0.40388349514563104
0.40388349514563104
0.4204081632653061
0.40408163265306124
0.4
0.38817005545286504
0.38817005545286504
0.3807763401109057
0.3844660194174757
0.3844660194174757
0.4204081632653061
0.4
0.39186691312384475
0.3533980582524272
0.36893203883495146
0.36893203883495146
0.3512014787430684
0.35563380281690143
0.35563380281690143
0.35563380281690143
0.36968576709796674
0.36968576709796674
0.3585951940850277
0.3585951940850277
0.3415492957746479
0.33221476510067116
0.33221476510067116
0.3380281690140845
0.3380281690140845
0.3221476510067114
0.3104
0.3104
0.2870229007633588
0.2929427430093209
0.2929427430093209
0.2929427430093209
0.2929427430093209
0.2929427430093209
0.2394904458598726
0.2394904458598726
0.24203821656050956
0.25033288948069243
0.25033288948069243
0.22429906542056074
0.21500559910414332
0.21267454350161116
0.21697099892588614
0.21697099892588614
0.20824742268041238
0.20824742268041238
0.17932296431838976
0.18648905803996194
0.18268315889628925
0.18268315889628925
0.18811881188118812
0.18811881188118812
0.17887725975261656
0.17383348581884722
0.17507136060894388
0.16651418115279049
0.15845070422535212
0.1423728813559322
0.1423728813559322
0.13877551020408163
0.13847364280094415
0.13353566009104703
0.13353566009104703
0.13657056145675264
0.13690007867820614
0.1274658573596358
0.1273792093704246
0.1273792093704246
0.1273792093704246
0.1273792093704246
0.1273792093704246
0.1273792093704246
0.1259150805270864
0.13201820940819423
0.8210526315789474
0.8210526315789474
0.8210526315789474
0.7811634349030471
0.7811634349030471
0.7811634349030471
0.7811634349030471
0.7811634349030471
0.7811634349030471
0.6530612244897959
0.6530612244897959
0.6530612244897959
0.6530612244897959
0.656441717791411
0.5741935483870968
0.5828220858895705
0.5460122699386503
0.5481049562682215
0.5460122699386503
0.5306122448979592
0.5306122448979592
0.5131195335276968
0.4839650145772595
0.4839650145772595
0.4839650145772595
0.4839650145772595
0.4839650145772595
0.4839650145772595
0.4839650145772595
0.4839650145772595
0.4839650145772595
0.5041551246537396
0.5041551246537396
0.5041551246537396
0.5041551246537396
0.5041551246537396
0.4421052631578947
0.4421052631578947
0.415
0.415
0.4368421052631579
0.42105263157894735
0.42105263157894735
0.48
0.4513064133016627
0.4513064133016627
0.4153498871331828
0.4153498871331828
0.4198645598194131
0.3883495145631068
0.3883495145631068
0.3883495145631068
0.4163265306122449
0.4163265306122449
0.39223300970873787
0.3585951940850277
0.3585951940850277
0.33098591549295775
0.3274647887323944
0.3274647887323944
0.3187919463087248
0.3187919463087248
0.3187919463087248
0.3008
0.3221476510067114
0.3221476510067114
0.3380281690140845
0.3380281690140845
0.3380281690140845
0.33221476510067116
0.3168
0.30229007633587784
0.30229007633587784
0.32
0.3297709923664122
0.3456
0.3456
0.3456
0.3424
0.3147632311977716
0.3064066852367688
0.28761651131824234
0.28761651131824234
0.28761651131824234
0.28761651131824234
0.2802547770700637
0.2804878048780488
0.2780487804878049
0.2780487804878049
0.2780487804878049
0.29044585987261146
0.28535031847133757
0.2929427430093209
0.2929427430093209
0.2929427430093209
0.31754874651810583
0.3236151603498542
0.31197771587743733
0.31197771587743733
0.3009320905459387
0.8210526315789474
0.8210526315789474
0.8210526315789474
0.8210526315789474
0.8210526315789474
0.8210526315789474
0.8210526315789474
0.8210526315789474
0.8210526315789474
0.8210526315789474
0.715
0.73
0.73
0.73
0.73
0.73
0.73
0.684085510688836
0.64
0.64
0.64
0.6033254156769596
0.5985748218527316
0.582392776523702
0.5708154506437768
0.5708154506437768
0.6139954853273137
0.6139954853273137
0.6139954853273137
0.6139954853273137
0.6139954853273137
0.6139954853273137
0.5836909871244635
0.5306122448979592
0.5450643776824035
0.5450643776824035
0.4650112866817156
0.4650112866817156
0.44635193133047213
0.44635193133047213
0.44635193133047213
0.4326530612244898
0.4077669902912621
0.4077669902912621
0.4163265306122449
0.4163265306122449
0.4163265306122449
0.4163265306122449
0.4204081632653061
0.4204081632653061
0.4204081632653061
0.4204081632653061
0.4
0.4
0.4
0.4
0.42718446601941745
0.4155339805825243
0.4155339805825243
0.3883495145631068
0.3883495145631068
0.3883495145631068
0.36968576709796674
0.3392
0.30919220055710306
0.3064066852367688
0.3286908077994429
0.36151603498542273
0.37251908396946565
0.358600583090379
0.358600583090379
0.3159235668789809
0.3159235668789809
0.29024390243902437
0.29024390243902437
0.17317073170731706
0.17289719626168223
0.15051546391752577
0.19175257731958764
0.18811881188118812
0.16555661274976213
0.16555661274976213
0.1801980198019802
0.1801980198019802
0.18556701030927836
0.19548872180451127
0.18904403866809882
0.19708846584546472
0.19708846584546472
0.1985981308411215
0.1881298992161254
0.1881298992161254
0.1881298992161254
0.18045112781954886
0.16175071360608945
0.15919487648673375
0.14964788732394366
0.14612676056338028
0.15004574565416284
0.1598477640342531
