0.0975609756097561
0.0975609756097561
0.0975609756097561
0.0975609756097561
0.08
0.08780487804878048
0.14218009478672985
0.14218009478672985
0.2127659574468085
0.2127659574468085
0.2127659574468085
0.2127659574468085
0.2127659574468085
0.2723404255319149
0.2723404255319149
0.2723404255319149
0.2612244897959184
0.2612244897959184
0.2612244897959184
0.2612244897959184
0.2612244897959184
0.2612244897959184
0.2775800711743772
0.2775800711743772
0.2775800711743772
0.30597014925373134
0.30597014925373134
0.30597014925373134
0.30597014925373134
0.30597014925373134
0.30597014925373134
0.30597014925373134
0.30597014925373134
0.30597014925373134
0.30597014925373134
0.30597014925373134
0.26334519572953735
0.26334519572953735
0.26334519572953735
0.2576271186440678
0.2576271186440678
0.2709677419354839
0.2709677419354839
0.26993865030674846
0.26993865030674846
0.29737609329446063
0.29362880886426596
0.29362880886426596
0.29362880886426596
0.2880886426592798
0.2880886426592798
0.2880886426592798
0.2880886426592798
0.29473684210526313
0.29473684210526313
0.29473684210526313
0.28
0.275
0.275
0.275
0.2789473684210526
0.2789473684210526
0.29473684210526313
0.29473684210526313
0.29473684210526313
0.30526315789473685
0.30526315789473685
0.30526315789473685
0.30526315789473685
0.30526315789473685
0.295
0.29473684210526313
0.29473684210526313
0.29473684210526313
0.31024930747922436
0.31024930747922436
0.33240997229916897
0.33240997229916897
0.3263157894736842
0.3263157894736842
0.3263157894736842
0.32505643340857787
0.30472103004291845
0.31020408163265306
0.3142857142857143
0.2875536480686695
0.2875536480686695
0.27755102040816326
0.2875536480686695
0.2875536480686695
0.3133047210300429
0.3648068669527897
0.3648068669527897
0.39591836734693875
0.40772532188841204
0.40772532188841204
0.48068669527896996
0.48068669527896996
0.48068669527896996
0.48068669527896996
0.4650112866817156
0.48068669527896996
0.47404063205417607
0.47404063205417607
0.47404063205417607
0.47404063205417607
0.47404063205417607
0.47404063205417607
0.4592274678111588
0.49209932279909707
0.49209932279909707
0.49209932279909707
0.5146726862302483
0.5146726862302483
0.5146726862302483
0.5146726862302483
0.5146726862302483
0.47639484978540775
0.47639484978540775
0.44081632653061226
0.4530612244897959
0.49356223175965663
0.5282167042889391
0.5463182897862233
0.5463182897862233
0.5463182897862233
0.5463182897862233
0.5463182897862233
0.5463182897862233
0.5463182897862233
0.5146726862302483
0.5146726862302483
0.5146726862302483
0.5146726862302483
0.5146726862302483
0.5056433408577878
0.5056433408577878
0.5056433408577878
0.5056433408577878
0.5056433408577878
0.503562945368171
0.503562945368171
0.503562945368171
0.503562945368171
0.503562945368171
0.503562945368171
0.4604966139954853
0.4604966139954853
0.4604966139954853
0.4604966139954853
0.4655581947743468
0.505
0.498812351543943
0.5
0.5
0.5
0.5083135391923991
0.5083135391923991
0.5083135391923991
0.503562945368171
0.503562945368171
0.515
0.515
0.515
0.515
0.515
0.515
0.515
0.515
0.515
0.515
0.48931116389548696
0.48931116389548696
0.48931116389548696
0.48931116389548696
0.47404063205417607
0.47404063205417607
0.47404063205417607
0.47404063205417607
0.47404063205417607
0.47404063205417607
0.4604966139954853
0.4604966139954853
0.45493562231759654
0.45493562231759654
0.45493562231759654
0.45493562231759654
0.4584103512014787
0.4584103512014787
0.4584103512014787
0.46950092421441775
0.4349514563106796
0.4448979591836735
0.4334763948497854
0.4334763948497854
0.4334763948497854
0.4334763948497854
0.4334763948497854
0.4334763948497854
0.43673469387755104
0.43673469387755104
0.555
0.555
0.555
0.555
0.555
0.5653206650831354
0.5653206650831354
0.5653206650831354
0.5653206650831354
0.5653206650831354
0.5653206650831354
0.5653206650831354
0.5653206650831354
0.5653206650831354
0.5653206650831354
0.5653206650831354
0.5653206650831354
0.5653206650831354
0.5653206650831354
0.5653206650831354
0.5653206650831354
0.5653206650831354
0.5653206650831354
0.5653206650831354
0.5653206650831354
0.5653206650831354
0.5653206650831354
0.5653206650831354
0.5653206650831354
0.5653206650831354
0.5653206650831354
0.5653206650831354
0.5653206650831354
0.5653206650831354
0.5653206650831354
0.5653206650831354
0.5653206650831354
0.5372460496613995
0.5372460496613995
0.5282167042889391
0.5282167042889391
0.5282167042889391
0.5282167042889391
0.5130641330166271
0.5237020316027088
0.5130641330166271
0.5130641330166271
0.5130641330166271
0.5130641330166271
0.485
0.485
0.515
0.515
0.5210526315789473
0.5210526315789473
0.5210526315789473
0.535
0.535
0.48931116389548696
0.48306997742663654
0.48068669527896996
0.4816326530612245
0.4816326530612245
0.458252427184466
0.458252427184466
0.458252427184466
0.458252427184466
0.458252427184466
0.458252427184466
0.458252427184466
0.458252427184466
0.4621359223300971
0.43253234750462105
0.41035120147874304
0.41035120147874304
0.41035120147874304
0.40492957746478875
0.40492957746478875
0.40492957746478875
0.40492957746478875
0.40492957746478875
0.40492957746478875
0.40492957746478875
0.40492957746478875
0.40492957746478875
0.40268456375838924
0.40268456375838924
0.40268456375838924
0.40268456375838924
0.3872
0.40268456375838924
0.39436619718309857
0.39926062846580407
0.4116504854368932
0.39926062846580407
0.39926062846580407
0.39926062846580407
0.3908450704225352
0.3908450704225352
0.3908450704225352
0.5282167042889391
0.5320665083135392
0.5320665083135392
0.5372460496613995
0.5372460496613995
0.5372460496613995
0.4845605700712589
0.45146726862302483
0.45146726862302483
0.45146726862302483
0.45146726862302483
0.45146726862302483
0.4248927038626609
0.4248927038626609
0.4248927038626609
0.4248927038626609
0.4291845493562232
0.4291845493562232
0.4291845493562232
0.40816326530612246
0.43673469387755104
0.4592274678111588
0.4650112866817156
0.46952595936794583
0.46952595936794583
0.46952595936794583
0.48758465011286684
0.47980997624703087
0.47980997624703087
0.47980997624703087
0.47980997624703087
0.47980997624703087
0.4897959183673469
0.4897959183673469
0.4897959183673469
0.4897959183673469
0.4897959183673469
0.4897959183673469
0.4897959183673469
0.46990291262135925
0.46990291262135925
0.4897959183673469
0.4897959183673469
0.4897959183673469
0.47378640776699027
0.47378640776699027
0.47378640776699027
0.47378640776699027
0.47378640776699027
0.47378640776699027
0.46122448979591835
0.46122448979591835
0.4334763948497854
0.4334763948497854
0.41630901287553645
0.41201716738197425
0.41201716738197425
0.38626609442060084
0.38626609442060084
0.3877551020408163
0.3877551020408163
0.38058252427184464
0.3438077634011091
0.3438077634011091
0.3572815533980582
0.3533980582524272
0.3533980582524272
0.3533980582524272
0.3512014787430684
0.3512014787430684
0.36893203883495146
0.3510204081632653
0.3510204081632653
0.3378640776699029
0.3068391866913124
0.3068391866913124
0.3068391866913124
0.3068391866913124
0.3179297597042514
0.3142329020332717
0.3142329020332717
0.3142329020332717
0.3142329020332717
0.3142329020332717
0.30633802816901406
0.30633802816901406
0.30633802816901406
0.2986577181208054
0.3206997084548105
0.3206997084548105
0.3206997084548105
0.33819241982507287
0.3342618384401114
0.3342618384401114
0.3195739014647137
0.3195739014647137
0.3286908077994429
0.3286908077994429
0.3286908077994429
0.3286908077994429
0.5653206650831354
0.5191873589164786
0.5273159144893111
0.5273159144893111
0.5273159144893111
0.5273159144893111
0.5273159144893111
0.5273159144893111
0.5273159144893111
0.5273159144893111
0.5507900677200903
0.5372460496613995
0.5372460496613995
0.5372460496613995
0.5372460496613995
0.5510688836104513
0.5510688836104513
0.5510688836104513
0.5510688836104513
0.5510688836104513
0.5510688836104513
0.5510688836104513
0.5510688836104513
0.6128266033254157
0.6128266033254157
0.6128266033254157
0.65
0.65
0.65
0.65
0.65
0.65
0.6460807600950119
0.6460807600950119
0.6460807600950119
0.6460807600950119
0.6460807600950119
0.6460807600950119
0.6460807600950119
0.6460807600950119
0.6460807600950119
0.6094808126410836
0.6455981941309256
0.6455981941309256
0.6455981941309256
0.6455981941309256
0.6455981941309256
0.6455981941309256
0.592274678111588
0.592274678111588
0.582392776523702
0.582392776523702
0.582392776523702
0.582392776523702
0.582392776523702
0.582392776523702
0.582392776523702
0.582392776523702
0.582392776523702
0.582392776523702
0.582392776523702
0.582392776523702
0.582392776523702
0.5985748218527316
0.5778781038374717
0.5778781038374717
0.5778781038374717
0.5778781038374717
0.5778781038374717
0.5778781038374717
0.5778781038374717
0.5778781038374717
0.5778781038374717
0.5778781038374717
0.5985748218527316
0.5985748218527316
0.5985748218527316
0.6033254156769596
0.65
0.65
0.65
0.65
0.665
0.665
0.6526315789473685
0.6526315789473685
0.6526315789473685
0.6537396121883656
0.6537396121883656
0.6537396121883656
0.6537396121883656
0.6789473684210526
0.6789473684210526
0.64
0.64
0.64
0.64
0.64
0.64
0.64
0.6789473684210526
0.6789473684210526
0.6789473684210526
0.6789473684210526
0.6789473684210526
0.6789473684210526
0.6789473684210526
0.6789473684210526
0.6789473684210526
0.6789473684210526
0.6789473684210526
0.6789473684210526
0.6789473684210526
0.6789473684210526
0.6789473684210526
0.665
0.665
0.6789473684210526
0.6789473684210526
0.6789473684210526
0.6789473684210526
0.6789473684210526
0.6789473684210526
0.6789473684210526
0.6789473684210526
0.6789473684210526
0.6789473684210526
0.6789473684210526
0.6789473684210526
0.6789473684210526
0.6789473684210526
0.6789473684210526
0.6789473684210526
0.6789473684210526
0.6789473684210526
0.6789473684210526
0.6789473684210526
0.6789473684210526
0.6789473684210526
0.6789473684210526
0.6789473684210526
0.6789473684210526
0.6789473684210526
0.6789473684210526
0.6789473684210526
0.6789473684210526
0.6789473684210526
0.665
0.6270783847980997
0.6270783847980997
0.6270783847980997
0.6270783847980997
0.6270783847980997
0.6270783847980997
0.5869074492099323
0.5869074492099323
0.5869074492099323
0.5368171021377672
0.5368171021377672
0.5368171021377672
0.5368171021377672
0.5368171021377672
0.5368171021377672
0.5273159144893111
0.57
0.57
0.57
0.57
0.57
0.57
0.57
0.5653206650831354
0.5653206650831354
0.5653206650831354
0.5653206650831354
0.5653206650831354
0.5653206650831354
0.5653206650831354
0.5653206650831354
0.5653206650831354
0.5653206650831354
0.5653206650831354
0.5653206650831354
0.5653206650831354
0.5653206650831354
0.57
0.5493562231759657
0.5493562231759657
0.5598194130925508
0.5598194130925508
0.5598194130925508
0.5598194130925508
0.5598194130925508
0.5598194130925508
0.5598194130925508
0.5598194130925508
0.5598194130925508
0.5598194130925508
0.5598194130925508
0.5598194130925508
0.5598194130925508
0.6789473684210526
0.6789473684210526
0.6789473684210526
0.6789473684210526
0.6789473684210526
0.6789473684210526
0.6789473684210526
0.6789473684210526
0.6789473684210526
0.6789473684210526
0.6789473684210526
0.64
0.64
0.64
0.64
0.64
0.64
0.64
0.64
0.64
0.64
0.64
0.64
0.64
0.64
0.64
0.6223277909738717
0.6223277909738717
0.6223277909738717
0.6223277909738717
0.6223277909738717
0.5643340857787811
0.5450643776824035
0.5450643776824035
0.5450643776824035
0.582392776523702
0.5733634311512416
0.5733634311512416
0.5733634311512416
0.5733634311512416
0.5733634311512416
0.5733634311512416
0.5733634311512416
0.5733634311512416
0.5733634311512416
0.5733634311512416
0.5733634311512416
0.5733634311512416
0.5598194130925508
0.5598194130925508
0.5598194130925508
0.5598194130925508
0.5598194130925508
0.5598194130925508
0.6223277909738717
0.6223277909738717
0.595
0.595
0.5653206650831354
0.5653206650831354
0.5653206650831354
0.5327313769751693
0.5327313769751693
0.5653206650831354
0.595
0.595
0.595
0.595
0.595
0.595
0.595
0.5842105263157895
0.535
0.535
0.535
0.535
0.535
0.49406175771971494
0.49406175771971494
0.5130641330166271
0.5130641330166271
0.5130641330166271
0.5130641330166271
0.5130641330166271
0.5056433408577878
0.5056433408577878
0.5225653206650831
0.5225653206650831
0.53
0.53
0.53
0.53
0.53
0.53
0.5130641330166271
0.48306997742663654
0.48306997742663654
0.48306997742663654
0.48306997742663654
0.48306997742663654
0.6789473684210526
0.6789473684210526
0.6789473684210526
0.6789473684210526
0.6789473684210526
0.6789473684210526
0.6789473684210526
0.6789473684210526
0.6789473684210526
0.6789473684210526
0.6789473684210526
0.6789473684210526
0.6789473684210526
0.6789473684210526
0.6789473684210526
0.6789473684210526
0.6789473684210526
0.6789473684210526
0.6789473684210526
0.6789473684210526
0.6789473684210526
0.6789473684210526
0.6789473684210526
0.6789473684210526
0.6789473684210526
0.67
0.67
0.67
0.67
0.67
0.67
0.67
0.67
0.67
0.67
0.67
0.67
0.6789473684210526
0.6789473684210526
0.6789473684210526
0.6789473684210526
0.6789473684210526
0.6789473684210526
0.6789473684210526
0.6789473684210526
0.68
0.68
0.68
0.68
0.68
0.68
0.68
0.68
0.68
0.68
0.68
0.68
0.68
0.68
0.68
0.68
0.68
0.68
0.68
0.6684210526315789
0.6684210526315789
0.6684210526315789
0.6684210526315789
0.6684210526315789
0.6684210526315789
0.6684210526315789
0.6684210526315789
0.6684210526315789
0.6684210526315789
0.6263157894736842
0.665
0.7
0.7
0.7
0.7
0.7
0.7
0.7
0.7
0.7
0.7
0.7
0.7
0.7
0.7
0.7
0.7
0.7
0.7
0.7
0.7
0.7
0.7105263157894737
0.7105263157894737
0.7105263157894737
0.7105263157894737
0.7105263157894737
0.7105263157894737
0.7105263157894737
0.7105263157894737
0.7105263157894737
0.7105263157894737
0.7105263157894737
0.7105263157894737
0.7105263157894737
0.7105263157894737
0.7105263157894737
0.7105263157894737
0.7105263157894737
0.7105263157894737
0.7105263157894737
0.7105263157894737
0.7105263157894737
0.7105263157894737
0.7105263157894737
0.7105263157894737
0.7105263157894737
0.7105263157894737
0.7105263157894737
0.7105263157894737
0.7105263157894737
0.7105263157894737
0.7105263157894737
0.7105263157894737
0.7105263157894737
0.7105263157894737
0.7105263157894737
0.6537396121883656
0.6537396121883656
0.6736842105263158
0.6736842105263158
0.6736842105263158
0.6736842105263158
0.6736842105263158
0.6736842105263158
0.6736842105263158
0.6736842105263158
0.6736842105263158
0.6736842105263158
0.6736842105263158
0.6736842105263158
0.6736842105263158
0.6736842105263158
0.6736842105263158
0.6736842105263158
0.6736842105263158
0.6736842105263158
0.6736842105263158
0.6736842105263158
0.6736842105263158
0.6736842105263158
0.6736842105263158
0.6736842105263158
0.6736842105263158
0.6736842105263158
0.6736842105263158
0.6736842105263158
0.6736842105263158
0.6736842105263158
0.6736842105263158
0.6736842105263158
0.6736842105263158
0.6736842105263158
0.6789473684210526
0.6789473684210526
0.6789473684210526
0.6789473684210526
0.6592797783933518
0.6592797783933518
0.6592797783933518
0.6592797783933518
0.6592797783933518
0.6592797783933518
0.6592797783933518
0.6592797783933518
0.6592797783933518
0.6592797783933518
0.6592797783933518
0.6592797783933518
0.6592797783933518
0.6592797783933518
0.6592797783933518
0.6592797783933518
0.6592797783933518
0.6578947368421053
0.6578947368421053
0.635
0.635
0.635
0.635
0.635
0.635
0.635
0.635
0.635
0.675
0.7105263157894737
0.7105263157894737
0.7105263157894737
0.7105263157894737
0.7105263157894737
0.7105263157894737
0.7105263157894737
0.7105263157894737
0.7105263157894737
0.7105263157894737
0.7105263157894737
0.7105263157894737
0.7105263157894737
0.65
0.65
0.65
0.65
0.7105263157894737
0.715
0.715
0.715
0.715
0.715
0.715
0.715
0.715
0.715
0.6793349168646081
0.6793349168646081
0.6793349168646081
0.6793349168646081
0.6793349168646081
0.6793349168646081
0.6793349168646081
0.6793349168646081
0.6793349168646081
0.6793349168646081
0.6793349168646081
0.6793349168646081
0.6793349168646081
0.6793349168646081
0.6793349168646081
0.6793349168646081
0.6793349168646081
0.6793349168646081
0.6793349168646081
0.6793349168646081
0.6793349168646081
0.6793349168646081
0.6793349168646081
0.6793349168646081
0.6793349168646081
0.6793349168646081
0.6793349168646081
0.6501128668171557
0.6793349168646081
0.6793349168646081
0.6793349168646081
0.6793349168646081
0.6793349168646081
0.6793349168646081
0.695
0.695
0.695
0.695
0.695
0.695
0.695
0.695
0.695
0.695
0.695
0.695
0.695
0.695
0.695
0.695
0.695
0.695
0.695
0.695
0.7105263157894737
0.7105263157894737
0.7105263157894737
0.7105263157894737
0.7105263157894737
0.715
0.715
0.715
0.715
0.715
0.715
0.715
0.715
0.715
0.715
0.715
0.715
0.715
0.715
0.715
0.715
0.715
0.715
0.715
0.715
0.715
0.715
0.715
0.715
0.715
0.715
0.715
0.715
0.715
0.715
0.74
0.74
0.74
0.74
0.74
0.7368421052631579
0.7368421052631579
0.7368421052631579
0.7368421052631579
0.7368421052631579
0.7368421052631579
0.7368421052631579
0.7368421052631579
0.7368421052631579
0.7368421052631579
0.7368421052631579
0.7368421052631579
0.7368421052631579
0.7368421052631579
0.7368421052631579
0.7368421052631579
0.7368421052631579
0.7368421052631579
0.7368421052631579
0.7368421052631579
0.7368421052631579
0.7368421052631579
0.7368421052631579
0.7368421052631579
0.7368421052631579
0.7368421052631579
0.7368421052631579
0.7368421052631579
0.7368421052631579
0.7368421052631579
0.7368421052631579
0.7368421052631579
0.7368421052631579
0.7368421052631579
0.7368421052631579
0.7368421052631579
0.7368421052631579
0.7368421052631579
0.7368421052631579
0.7368421052631579
0.7368421052631579
0.7368421052631579
0.7368421052631579
0.7368421052631579
0.7368421052631579
0.7368421052631579
0.7368421052631579
0.7368421052631579
0.7368421052631579
0.7368421052631579
0.7368421052631579
0.7368421052631579
0.7368421052631579
0.7368421052631579
0.7368421052631579
0.7368421052631579
0.7368421052631579
0.7368421052631579
0.7368421052631579
0.7368421052631579
0.7368421052631579
0.7368421052631579
0.7368421052631579
0.7368421052631579
0.7368421052631579
0.7368421052631579
0.7368421052631579
0.7368421052631579
0.7368421052631579
0.7368421052631579
0.7368421052631579
0.7368421052631579
0.7368421052631579
0.7368421052631579
0.7368421052631579
0.7368421052631579
0.7368421052631579
0.7368421052631579
0.7368421052631579
0.74
0.74
0.74
0.74
0.74
0.74
0.74
0.74
0.74
0.74
0.74
0.74
0.74
0.74
0.74
0.7368421052631579
0.7368421052631579
0.7368421052631579
0.7368421052631579
0.7368421052631579
0.6814404432132964
0.6814404432132964
0.6814404432132964
0.6814404432132964
0.6814404432132964
0.6814404432132964
0.6814404432132964
0.6814404432132964
0.6814404432132964
0.6814404432132964
0.6814404432132964
0.6814404432132964
0.6814404432132964
0.6814404432132964
0.6814404432132964
0.6814404432132964
0.6814404432132964
0.6814404432132964
0.6814404432132964
0.6814404432132964
0.6814404432132964
0.6814404432132964
0.6814404432132964
0.6814404432132964
0.6814404432132964
0.6814404432132964
0.6814404432132964
0.6814404432132964
0.6814404432132964
0.6814404432132964
0.6814404432132964
0.6814404432132964
0.6814404432132964
0.6814404432132964
0.6814404432132964
0.6814404432132964
0.6814404432132964
0.6814404432132964
0.6814404432132964
0.6814404432132964
0.6814404432132964
0.6814404432132964
0.6814404432132964
0.6814404432132964
0.6814404432132964
0.6814404432132964
0.6814404432132964
0.6759002770083102
0.6759002770083102
0.6759002770083102
0.6814404432132964
0.6814404432132964
0.6814404432132964
0.6814404432132964
0.6814404432132964
0.6703601108033241
0.6703601108033241
0.6703601108033241
0.6703601108033241
0.6703601108033241
0.6703601108033241
0.6703601108033241
0.6703601108033241
0.6703601108033241
0.6703601108033241
0.6703601108033241
0.6703601108033241
0.6703601108033241
0.6703601108033241
0.6703601108033241
0.6105263157894737
0.6105263157894737
0.6105263157894737
0.6052631578947368
0.6052631578947368
0.6052631578947368
0.6052631578947368
0.6052631578947368
0.6052631578947368
0.6052631578947368
0.74
0.74
0.74
0.74
0.74
0.74
0.74
0.74
0.74
0.7368421052631579
0.7368421052631579
0.7368421052631579
0.7368421052631579
0.7368421052631579
0.7368421052631579
0.7368421052631579
0.7368421052631579
0.7368421052631579
0.7368421052631579
0.7368421052631579
0.7368421052631579
0.7368421052631579
0.7368421052631579
0.74
0.74
0.74
0.74
0.74
0.74
0.74
0.74
0.74
0.74
0.74
0.74
0.74
0.74
0.74
0.74
0.74
0.74
0.74
0.74
0.74
0.74
0.7368421052631579
0.7368421052631579
0.7368421052631579
0.7368421052631579
0.7368421052631579
0.7368421052631579
0.7368421052631579
0.7368421052631579
0.7368421052631579
0.7368421052631579
0.7368421052631579
0.7368421052631579
0.7368421052631579
0.7368421052631579
0.7368421052631579
0.7368421052631579
0.7368421052631579
0.7368421052631579
0.7368421052631579
0.7368421052631579
0.7368421052631579
0.7368421052631579
0.7368421052631579
0.7368421052631579
0.7368421052631579
0.7368421052631579
0.7368421052631579
0.7368421052631579
0.7368421052631579
0.7368421052631579
0.7368421052631579
0.74
0.74
0.74
0.74
0.74
0.74
0.74
0.74
0.74
0.74
0.74
0.74
0.74
0.74
0.74
0.6935866983372921
0.6935866983372921
0.6935866983372921
0.6935866983372921
0.6935866983372921
0.6935866983372921
0.645
0.645
0.6684210526315789
0.74
0.74
0.74
0.74
0.74
0.74
0.74
0.74
0.74
0.74
0.74
0.74
0.74
0.74
0.74
0.74
0.74
0.74
0.74
0.74
0.74
0.74
0.74
0.74
0.74
0.74
0.74
0.74
0.74
0.74
0.74
0.74
0.74
0.74
0.74
0.74
0.74
0.74
0.7
0.7
0.7
0.7
0.7
0.7
0.7
0.7
0.7
0.7
0.7
0.7
0.7
0.7
0.7
0.7
0.7
0.7
0.7078384798099763
0.7078384798099763
0.7078384798099763
0.7078384798099763
0.7078384798099763
0.7078384798099763
0.7078384798099763
0.7078384798099763
0.7078384798099763
0.7078384798099763
0.7078384798099763
0.7078384798099763
0.7078384798099763
0.7078384798099763
0.7
0.7
0.7
0.7
0.7
0.7
0.7
0.7
0.7173396674584323
0.7173396674584323
0.7173396674584323
0.7173396674584323
0.7173396674584323
0.7173396674584323
0.7173396674584323
0.7173396674584323
0.7173396674584323
0.7173396674584323
0.7173396674584323
0.705
0.705
0.705
0.705
0.705
0.705
0.705
0.705
0.67
0.67
0.67
0.74
0.74
0.74
0.74
0.74
0.74
0.74
0.74
0.74
0.74
0.74
0.74
0.74
0.74
0.74
0.74
0.74
0.74
0.74
0.74
0.74
0.74
0.74
0.74
0.74
0.74
0.74
0.74
0.74
0.74
0.74
0.74
0.74
0.74
0.74
0.74
0.74
0.74
0.74
0.74
0.74
0.74
0.74
0.74
0.74
0.74
0.74
0.74
0.74
0.74
0.74
0.74
0.74
0.74
0.74
0.74
0.74
0.74
0.74
0.74
0.74
0.74
0.74
0.74
0.74
0.74
0.74
0.74
0.74
0.74
0.74
0.74
0.74
0.74
0.74
0.74
0.74
0.74
0.74
0.74
0.74
0.74
0.74
0.74
0.74
0.74
0.74
0.74
0.74
0.74
0.74
0.74
0.74
0.74
0.74
0.74
0.76
0.76
0.76
0.76
0.76
0.76
0.76
0.76
0.76
0.76
0.76
0.76
0.76
0.76
0.76
0.76
0.76
0.76
0.76
0.76
0.76
0.76
0.76
0.76
0.76
0.76
0.76
0.76
0.76
0.76
0.76
0.76
0.76
0.76
0.76
0.76
0.76
0.76
0.76
0.76
0.76
0.76
0.76
0.7030878859857482
0.7030878859857482
0.7030878859857482
0.7030878859857482
0.7030878859857482
0.685
0.685
0.685
0.685
0.57
0.57
0.57
0.57
0.57
0.57
0.57
0.57
0.57
0.57
0.5463182897862233
0.5463182897862233
0.5463182897862233
0.5463182897862233
0.5463182897862233
0.565
0.565
0.565
0.565
0.565
0.565
0.565
0.565
0.565
0.565
0.565
0.57
0.5083135391923991
0.5083135391923991
0.47
0.47
0.48947368421052634
0.4842105263157895
0.5318559556786704
0.5318559556786704
0.5318559556786704
0.5318559556786704
0.5318559556786704
0.5157894736842106
0.5157894736842106
0.5157894736842106
0.5157894736842106
0.5
0.5
0.5
0.5
0.5
0.5
0.5
0.5
0.5
0.5
0.4513064133016627
0.76
0.76
0.76
0.76
0.76
0.76
0.76
0.76
0.76
0.76
0.76
0.76
0.76
0.7125890736342043
0.7042889390519187
0.7042889390519187
0.7042889390519187
0.7042889390519187
0.7042889390519187
0.7042889390519187
0.7042889390519187
0.7042889390519187
0.7042889390519187
0.7042889390519187
0.7042889390519187
0.7042889390519187
0.7042889390519187
0.7042889390519187
0.7042889390519187
0.7042889390519187
0.7042889390519187
0.7042889390519187
0.7042889390519187
0.7042889390519187
0.7042889390519187
0.7042889390519187
0.7042889390519187
0.7042889390519187
0.7042889390519187
0.7042889390519187
0.7042889390519187
0.7042889390519187
0.7042889390519187
0.7042889390519187
0.7042889390519187
0.7042889390519187
0.7042889390519187
0.7042889390519187
0.7042889390519187
0.7042889390519187
0.7042889390519187
0.7042889390519187
0.7042889390519187
0.7042889390519187
0.7042889390519187
0.7042889390519187
0.7042889390519187
0.7042889390519187
0.7042889390519187
0.7042889390519187
0.7042889390519187
0.7042889390519187
0.7042889390519187
0.7042889390519187
0.7042889390519187
0.7042889390519187
0.7042889390519187
0.7042889390519187
0.7042889390519187
0.7042889390519187
0.7042889390519187
0.7042889390519187
0.7042889390519187
0.7042889390519187
0.7042889390519187
0.7042889390519187
0.7042889390519187
0.7042889390519187
0.7042889390519187
0.7042889390519187
0.7042889390519187
0.7042889390519187
0.7042889390519187
0.7042889390519187
0.7042889390519187
0.7042889390519187
0.7042889390519187
0.7042889390519187
0.7042889390519187
0.7042889390519187
0.7042889390519187
0.7042889390519187
0.7042889390519187
0.7042889390519187
0.7042889390519187
0.7042889390519187
0.7042889390519187
0.7042889390519187
0.7042889390519187
0.7042889390519187
0.76
0.76
0.76
0.76
0.7125890736342043
0.7125890736342043
0.7125890736342043
0.6983372921615202
0.6983372921615202
0.6983372921615202
0.684085510688836
0.684085510688836
0.684085510688836
0.672686230248307
0.672686230248307
0.672686230248307
0.672686230248307
0.672686230248307
0.672686230248307
0.672686230248307
0.672686230248307
0.6636568848758465
0.6137339055793991
0.6137339055793991
0.6137339055793991
0.6137339055793991
0.6137339055793991
0.6137339055793991
0.6137339055793991
0.6137339055793991
0.6137339055793991
0.6137339055793991
0.6137339055793991
0.6137339055793991
0.6223175965665236
0.6
0.6
0.6
0.6
0.6
0.6
0.6
0.6
0.6
0.6
0.6
0.6
0.6
0.6
0.6
0.6
0.6
0.6
0.6
0.6
0.6
0.6
0.6
0.6
0.5551020408163265
0.5281553398058253
0.5281553398058253
0.5281553398058253
0.5398058252427185
0.4510166358595194
0.4510166358595194
0.4510166358595194
0.4510166358595194
0.4388349514563107
0.4388349514563107
0.4388349514563107
0.4388349514563107
0.4163265306122449
0.4163265306122449
0.4163265306122449
0.4155339805825243
0.4155339805825243
0.4155339805825243
0.4155339805825243
0.4204081632653061
0.4204081632653061
0.4204081632653061
0.4204081632653061
0.4204081632653061
0.4204081632653061
0.4204081632653061
0.4204081632653061
0.4204081632653061
0.4204081632653061
0.4204081632653061
0.39611650485436894
0.39611650485436894
0.39186691312384475
0.39186691312384475
0.39186691312384475
0.39186691312384475
0.39186691312384475
0.39186691312384475
0.39186691312384475
0.39186691312384475
0.76
0.76
0.76
0.76
0.76
0.7368421052631579
0.7368421052631579
0.7368421052631579
0.7368421052631579
0.7368421052631579
0.7368421052631579
0.7368421052631579
0.7368421052631579
0.7368421052631579
0.7368421052631579
0.7368421052631579
0.67
0.67
0.67
0.67
0.67
0.67
0.67
0.7368421052631579
0.7368421052631579
0.7368421052631579
0.7368421052631579
0.7368421052631579
0.7368421052631579
0.7368421052631579
0.7368421052631579
0.7368421052631579
0.7368421052631579
0.735
0.735
0.735
0.7125890736342043
0.7125890736342043
0.7125890736342043
0.7125890736342043
0.7125890736342043
0.7125890736342043
0.7125890736342043
0.7125890736342043
0.7125890736342043
0.7125890736342043
0.7125890736342043
0.7125890736342043
0.7695961995249406
0.7695961995249406
0.7695961995249406
0.7695961995249406
0.7695961995249406
0.7695961995249406
0.7695961995249406
0.7695961995249406
0.7695961995249406
0.7695961995249406
0.7695961995249406
0.7695961995249406
0.7695961995249406
0.7695961995249406
0.7695961995249406
0.7695961995249406
0.7695961995249406
0.7695961995249406
0.7695961995249406
0.7695961995249406
0.7695961995249406
0.7695961995249406
0.7695961995249406
0.7695961995249406
0.7695961995249406
0.7695961995249406
0.7695961995249406
0.7695961995249406
0.7695961995249406
0.7695961995249406
0.7695961995249406
0.7695961995249406
0.7695961995249406
0.7695961995249406
0.7695961995249406
0.7695961995249406
0.7695961995249406
0.7695961995249406
0.7695961995249406
0.7695961995249406
0.7553444180522565
0.7553444180522565
0.7553444180522565
0.7553444180522565
0.7553444180522565
0.7553444180522565
0.7553444180522565
0.7553444180522565
0.7553444180522565
0.7553444180522565
0.7553444180522565
0.7553444180522565
0.7695961995249406
0.6952595936794582
0.6952595936794582
0.6952595936794582
0.6952595936794582
0.6952595936794582
0.6952595936794582
0.6997742663656885
0.6997742663656885
0.6997742663656885
0.6997742663656885
0.7695961995249406
0.7695961995249406
0.7695961995249406
0.7695961995249406
0.7695961995249406
0.7695961995249406
0.7695961995249406
0.7695961995249406
0.7695961995249406
0.7695961995249406
0.7695961995249406
0.7695961995249406
0.7695961995249406
0.7695961995249406
0.7695961995249406
0.7695961995249406
0.7695961995249406
0.7695961995249406
0.7695961995249406
0.7695961995249406
0.7695961995249406
0.7695961995249406
0.7358916478555305
0.7358916478555305
0.7358916478555305
0.7358916478555305
0.7358916478555305
0.7358916478555305
0.7358916478555305
0.7358916478555305
0.7358916478555305
0.7358916478555305
0.7358916478555305
0.7358916478555305
0.7358916478555305
0.7358916478555305
0.7358916478555305
0.7358916478555305
0.7358916478555305
0.7358916478555305
0.7358916478555305
0.7358916478555305
0.7358916478555305
0.7358916478555305
0.7358916478555305
0.7358916478555305
0.7358916478555305
0.7358916478555305
0.7358916478555305
0.7358916478555305
0.7358916478555305
0.7553444180522565
0.7553444180522565
0.7553444180522565
0.7553444180522565
0.7553444180522565
0.7553444180522565
0.7553444180522565
0.7553444180522565
0.7553444180522565
0.7553444180522565
0.7553444180522565
0.7553444180522565
0.7553444180522565
0.7553444180522565
0.7553444180522565
0.7553444180522565
0.7553444180522565
0.7553444180522565
0.7553444180522565
0.7553444180522565
0.7553444180522565
0.7553444180522565
0.7553444180522565
0.7553444180522565
0.7553444180522565
0.7553444180522565
0.7553444180522565
0.7553444180522565
0.7553444180522565
0.7553444180522565
0.7553444180522565
0.7553444180522565
0.7553444180522565
0.7553444180522565
0.7553444180522565
0.7553444180522565
0.7553444180522565
0.7553444180522565
0.7695961995249406
0.7695961995249406
0.7695961995249406
0.7695961995249406
0.7695961995249406
0.7695961995249406
0.7695961995249406
0.7695961995249406
0.7695961995249406
0.7695961995249406
0.7695961995249406
0.7695961995249406
0.7695961995249406
0.7695961995249406
0.7695961995249406
0.7695961995249406
0.7695961995249406
0.7695961995249406
0.7695961995249406
0.7695961995249406
0.7695961995249406
0.7695961995249406
0.7695961995249406
0.7695961995249406
0.7695961995249406
0.7695961995249406
0.7695961995249406
0.7695961995249406
0.7695961995249406
0.7695961995249406
0.7695961995249406
0.7695961995249406
0.7695961995249406
0.7695961995249406
0.7695961995249406
0.7695961995249406
0.7695961995249406
0.7695961995249406
0.7695961995249406
0.7695961995249406
0.7695961995249406
0.7695961995249406
0.7695961995249406
0.7695961995249406
0.7695961995249406
0.7695961995249406
0.7695961995249406
0.7695961995249406
0.7695961995249406
0.7695961995249406
0.7695961995249406
0.7695961995249406
0.7695961995249406
0.7695961995249406
0.7695961995249406
0.7695961995249406
0.7695961995249406
0.7695961995249406
0.7695961995249406
0.7695961995249406
0.7695961995249406
0.7695961995249406
0.7695961995249406
0.7695961995249406
0.7695961995249406
0.7695961995249406
0.7695961995249406
0.7695961995249406
0.7695961995249406
0.7695961995249406
0.7695961995249406
0.7695961995249406
0.7695961995249406
0.7695961995249406
0.7695961995249406
0.7695961995249406
0.7695961995249406
0.7695961995249406
0.7695961995249406
0.7695961995249406
0.7695961995249406
0.7695961995249406
0.7695961995249406
0.7695961995249406
0.7695961995249406
0.7695961995249406
0.7133182844243793
0.7133182844243793
0.7133182844243793
0.7133182844243793
0.7133182844243793
0.7133182844243793
0.7133182844243793
0.7133182844243793
0.6394849785407726
0.6394849785407726
0.6394849785407726
0.6394849785407726
0.6394849785407726
0.6163265306122448
0.5902912621359223
0.7695961995249406
0.7695961995249406
0.7695961995249406
0.7695961995249406
0.7695961995249406
0.7695961995249406
0.7695961995249406
0.7695961995249406
0.7695961995249406
0.7695961995249406
0.7695961995249406
0.7695961995249406
0.7695961995249406
0.7695961995249406
0.7695961995249406
0.7695961995249406
0.7695961995249406
0.7695961995249406
0.7695961995249406
0.7695961995249406
0.7695961995249406
0.7695961995249406
0.7695961995249406
0.7695961995249406
0.7695961995249406
0.7695961995249406
0.7695961995249406
0.7695961995249406
0.7695961995249406
0.7695961995249406
0.7695961995249406
0.7695961995249406
0.7695961995249406
0.7695961995249406
0.7695961995249406
0.7695961995249406
0.7695961995249406
0.7695961995249406
0.7695961995249406
0.7695961995249406
0.7695961995249406
0.7695961995249406
0.7695961995249406
0.7695961995249406
0.7695961995249406
0.7695961995249406
0.7695961995249406
0.7695961995249406
0.7695961995249406
0.7695961995249406
0.7695961995249406
0.7695961995249406
0.7695961995249406
0.7695961995249406
0.7695961995249406
0.7695961995249406
0.7695961995249406
0.7695961995249406
0.7695961995249406
0.7695961995249406
0.7695961995249406
0.7695961995249406
0.7695961995249406
0.7695961995249406
0.7695961995249406
0.7695961995249406
0.7695961995249406
0.7695961995249406
0.7695961995249406
0.7695961995249406
0.7695961995249406
0.7695961995249406
0.7600950118764845
0.7600950118764845
0.7600950118764845
0.7600950118764845
0.7600950118764845
0.7600950118764845
0.7600950118764845
0.7600950118764845
0.7600950118764845
0.7600950118764845
0.7600950118764845
0.7600950118764845
0.7600950118764845
0.7600950118764845
0.7600950118764845
0.7600950118764845
0.7600950118764845
0.7600950118764845
0.7600950118764845
0.7600950118764845
0.7600950118764845
0.7600950118764845
0.7030878859857482
0.7030878859857482
0.7030878859857482
0.7030878859857482
0.7030878859857482
0.7030878859857482
0.7695961995249406
0.7695961995249406
0.7695961995249406
0.7695961995249406
0.7695961995249406
0.7695961995249406
0.7695961995249406
0.7695961995249406
0.7695961995249406
0.7695961995249406
0.7695961995249406
0.7695961995249406
0.7695961995249406
0.7695961995249406
0.7695961995249406
0.7695961995249406
0.7695961995249406
0.7695961995249406
0.7695961995249406
0.7695961995249406
0.7695961995249406
0.7695961995249406
0.7695961995249406
0.7695961995249406
0.7695961995249406
0.7695961995249406
0.7695961995249406
0.7695961995249406
0.7695961995249406
0.7695961995249406
0.7695961995249406
0.7695961995249406
0.7695961995249406
0.7695961995249406
0.7695961995249406
0.7695961995249406
0.7695961995249406
0.7695961995249406
0.7695961995249406
0.7695961995249406
0.7695961995249406
0.7695961995249406
0.7695961995249406
0.7695961995249406
0.7695961995249406
0.7695961995249406
0.7695961995249406
0.7695961995249406
0.7695961995249406
0.7695961995249406
0.7695961995249406
0.7695961995249406
0.7695961995249406
0.7695961995249406
0.7695961995249406
0.7695961995249406
0.7695961995249406
0.7695961995249406
0.7695961995249406
0.7695961995249406
0.7695961995249406
0.7695961995249406
0.7695961995249406
0.7695961995249406
0.7695961995249406
0.7695961995249406
0.7695961995249406
0.7695961995249406
0.7695961995249406
0.7695961995249406
0.7695961995249406
0.7695961995249406
0.7695961995249406
0.7695961995249406
0.7695961995249406
0.7695961995249406
0.7695961995249406
0.7695961995249406
0.7695961995249406
0.7695961995249406
0.7695961995249406
0.7695961995249406
0.7695961995249406
0.7695961995249406
0.7695961995249406
0.7695961995249406
0.7695961995249406
0.7695961995249406
0.7695961995249406
0.7695961995249406
0.7695961995249406
0.7695961995249406
0.7695961995249406
0.7695961995249406
0.7695961995249406
0.7695961995249406
0.7695961995249406
0.7695961995249406
0.7695961995249406
0.7695961995249406
0.7695961995249406
0.7695961995249406
0.7695961995249406
0.7695961995249406
0.7695961995249406
0.7695961995249406
0.7695961995249406
0.7695961995249406
0.7695961995249406
0.7695961995249406
0.7695961995249406
0.7695961995249406
0.7695961995249406
0.7695961995249406
0.7695961995249406
0.7695961995249406
0.7695961995249406
0.7695961995249406
0.7695961995249406
0.7695961995249406
0.7695961995249406
0.7695961995249406
0.7695961995249406
0.7695961995249406
0.7
0.7
0.7
0.7
0.7
0.7
0.7
0.7
0.7
0.7
0.7
0.7
0.7
0.7
0.7
0.7
0.7
0.7
0.7
0.7
0.69
0.69
0.69
0.69
0.69
0.69
0.69
0.69
0.69
0.69
0.69
0.69
0.675
0.675
0.675
0.675
0.675
0.675
0.675
0.675
0.675
0.675
0.675
0.6365795724465558
0.6365795724465558
0.6365795724465558
0.6365795724465558
0.6365795724465558
0.6365795724465558
0.6365795724465558
0.6365795724465558
0.6365795724465558
0.6365795724465558
0.6365795724465558
0.6365795724465558
0.6365795724465558
0.6365795724465558
0.6365795724465558
0.6365795724465558
0.6365795724465558
0.6365795724465558
0.6365795724465558
0.6365795724465558
0.6365795724465558
0.6365795724465558
0.6365795724465558
0.6365795724465558
0.6365795724465558
0.6365795724465558
0.6365795724465558
0.6365795724465558
0.6365795724465558
0.618510158013544
0.618510158013544
0.618510158013544
0.618510158013544
0.7695961995249406
0.7695961995249406
0.7695961995249406
0.7695961995249406
0.7695961995249406
0.7695961995249406
0.7695961995249406
0.7695961995249406
0.7695961995249406
0.7695961995249406
0.7695961995249406
0.7695961995249406
0.7695961995249406
0.7695961995249406
0.7695961995249406
0.7695961995249406
0.7695961995249406
0.7695961995249406
0.7695961995249406
0.7695961995249406
0.7695961995249406
0.7695961995249406
0.7695961995249406
0.7695961995249406
0.7695961995249406
0.7695961995249406
0.7695961995249406
0.7695961995249406
0.7695961995249406
0.7695961995249406
0.7695961995249406
0.7695961995249406
0.7695961995249406
0.7695961995249406
0.7695961995249406
0.7695961995249406
0.7695961995249406
0.7695961995249406
0.7695961995249406
0.7695961995249406
0.7695961995249406
0.7695961995249406
0.7695961995249406
0.7695961995249406
0.7695961995249406
0.7695961995249406
0.7695961995249406
0.7695961995249406
0.7695961995249406
0.7695961995249406
0.7695961995249406
0.7695961995249406
0.7695961995249406
0.7695961995249406
0.7695961995249406
0.7695961995249406
0.7695961995249406
0.7695961995249406
0.7695961995249406
0.7695961995249406
0.7695961995249406
0.7695961995249406
0.7695961995249406
0.7695961995249406
0.7695961995249406
0.7695961995249406
0.7695961995249406
0.7695961995249406
0.7695961995249406
0.7695961995249406
0.7695961995249406
0.7695961995249406
0.7695961995249406
0.7695961995249406
0.7695961995249406
0.7695961995249406
0.7695961995249406
0.7695961995249406
0.7695961995249406
0.7695961995249406
0.7695961995249406
0.7695961995249406
0.7695961995249406
0.7695961995249406
0.7695961995249406
0.7695961995249406
0.7695961995249406
0.7695961995249406
0.7695961995249406
0.7695961995249406
0.7695961995249406
0.7695961995249406
0.7695961995249406
0.7695961995249406
0.7695961995249406
0.7695961995249406
0.7695961995249406
0.7695961995249406
0.7695961995249406
0.7695961995249406
0.7695961995249406
0.7695961995249406
0.7695961995249406
0.7695961995249406
0.7695961995249406
0.7695961995249406
0.7695961995249406
0.7695961995249406
0.7695961995249406
0.7695961995249406
0.7695961995249406
0.7695961995249406
0.7695961995249406
0.7695961995249406
0.7695961995249406
0.7695961995249406
0.7695961995249406
0.7695961995249406
0.7695961995249406
0.7695961995249406
0.7695961995249406
0.7695961995249406
0.7695961995249406
0.7695961995249406
0.7695961995249406
0.7695961995249406
0.7695961995249406
0.7695961995249406
0.7
0.7
0.7
0.7
0.7
0.7
0.6413301662707839
0.6413301662707839
0.6413301662707839
0.6413301662707839
0.6413301662707839
0.6413301662707839
0.618510158013544
0.618510158013544
0.618510158013544
0.618510158013544
0.618510158013544
0.6413301662707839
0.6413301662707839
0.6460807600950119
0.6460807600950119
0.6460807600950119
0.6460807600950119
0.6460807600950119
0.6460807600950119
0.6460807600950119
0.6460807600950119
0.6460807600950119
0.6460807600950119
0.6460807600950119
0.6460807600950119
0.6460807600950119
0.6460807600950119
0.6460807600950119
0.6460807600950119
0.6460807600950119
0.6460807600950119
0.6460807600950119
0.69
0.69
0.69
0.69
0.69
0.69
0.69
0.69
0.69
0.69
0.69
0.705
0.705
0.705
0.705
0.705
0.705
0.705
0.705
0.705
0.705
0.705
0.705
0.705
0.705
0.705
0.705
0.695
0.695
0.695
0.695
0.695
0.695
0.695
0.695
0.7695961995249406
0.7695961995249406
0.7695961995249406
0.7695961995249406
0.7695961995249406
0.7695961995249406
0.7695961995249406
0.7695961995249406
0.7695961995249406
0.7695961995249406
0.7695961995249406
0.7695961995249406
0.7695961995249406
0.7695961995249406
0.7695961995249406
0.7695961995249406
0.7695961995249406
0.7695961995249406
0.7695961995249406
0.7695961995249406
0.7695961995249406
0.7695961995249406
0.7695961995249406
0.7695961995249406
0.7695961995249406
0.7695961995249406
0.7695961995249406
0.7695961995249406
0.7695961995249406
0.7695961995249406
0.7695961995249406
0.7695961995249406
0.7695961995249406
0.7695961995249406
0.7695961995249406
0.7695961995249406
0.7695961995249406
0.7695961995249406
0.7695961995249406
0.7695961995249406
0.7695961995249406
0.7695961995249406
0.7695961995249406
0.7695961995249406
0.7695961995249406
0.7695961995249406
0.7695961995249406
0.7695961995249406
0.7695961995249406
0.7695961995249406
0.7695961995249406
0.7695961995249406
0.7695961995249406
0.7695961995249406
0.7695961995249406
0.7695961995249406
0.7695961995249406
0.7695961995249406
0.7695961995249406
0.7695961995249406
0.7695961995249406
0.7695961995249406
0.7695961995249406
0.7695961995249406
0.7695961995249406
0.7695961995249406
0.7695961995249406
0.7695961995249406
0.7695961995249406
0.7695961995249406
0.7695961995249406
0.7695961995249406
0.7695961995249406
0.7695961995249406
0.7695961995249406
0.7695961995249406
0.7695961995249406
0.7695961995249406
0.7695961995249406
0.7695961995249406
0.7695961995249406
0.7695961995249406
0.7695961995249406
0.7695961995249406
0.7695961995249406
0.7695961995249406
0.7695961995249406
0.7695961995249406
0.7695961995249406
0.7695961995249406
0.7695961995249406
0.7695961995249406
0.7695961995249406
0.7695961995249406
0.7695961995249406
0.7695961995249406
0.7695961995249406
0.7695961995249406
0.7695961995249406
0.7695961995249406
0.7695961995249406
0.7695961995249406
0.7695961995249406
0.7695961995249406
0.7695961995249406
0.7695961995249406
0.7695961995249406
0.7695961995249406
0.7695961995249406
0.7695961995249406
0.7695961995249406
0.7695961995249406
0.7695961995249406
0.7695961995249406
0.7695961995249406
0.7695961995249406
0.7695961995249406
0.7695961995249406
0.7695961995249406
0.7695961995249406
0.7695961995249406
0.7695961995249406
0.7695961995249406
0.7695961995249406
0.7358916478555305
0.7358916478555305
0.7358916478555305
0.7358916478555305
0.7358916478555305
0.7358916478555305
0.7358916478555305
0.7358916478555305
0.7358916478555305
0.7358916478555305
0.7358916478555305
0.7358916478555305
0.7358916478555305
0.7358916478555305
0.7358916478555305
0.7358916478555305
0.7358916478555305
0.7358916478555305
0.7695961995249406
0.7695961995249406
0.7695961995249406
0.7695961995249406
0.7695961995249406
0.7695961995249406
0.7695961995249406
0.7695961995249406
0.7695961995249406
0.7695961995249406
0.7695961995249406
0.7695961995249406
0.7695961995249406
0.7695961995249406
0.7695961995249406
0.7695961995249406
0.7695961995249406
0.7695961995249406
0.7695961995249406
0.7695961995249406
0.7695961995249406
0.7695961995249406
0.7695961995249406
0.7600950118764845
0.7600950118764845
0.7600950118764845
0.7600950118764845
0.7600950118764845
0.7600950118764845
0.7600950118764845
0.7600950118764845
0.7600950118764845
0.7600950118764845
0.7600950118764845
0.7600950118764845
0.7600950118764845
0.7600950118764845
0.7600950118764845
0.7600950118764845
0.7600950118764845
0.7600950118764845
0.7600950118764845
0.7363420427553444
0.7363420427553444
0.7363420427553444
0.7363420427553444
0.7363420427553444
0.7363420427553444
0.7363420427553444
0.7363420427553444
0.7363420427553444
0.7363420427553444
0.7363420427553444
0.7363420427553444
0.7363420427553444
0.7363420427553444
0.7363420427553444
0.7363420427553444
0.7695961995249406
0.7695961995249406
0.7695961995249406
0.7695961995249406
0.7695961995249406
0.7695961995249406
0.7695961995249406
0.7695961995249406
0.7553444180522565
0.7553444180522565
0.7553444180522565
0.7553444180522565
0.7553444180522565
0.6681715575620768
0.6681715575620768
0.6681715575620768
0.6681715575620768
0.6681715575620768
0.6681715575620768
0.6681715575620768
0.6681715575620768
0.6681715575620768
0.6681715575620768
0.6681715575620768
0.6681715575620768
0.6681715575620768
0.6681715575620768
0.6681715575620768
0.6681715575620768
0.6681715575620768
0.6681715575620768
0.6681715575620768
0.6681715575620768
0.6681715575620768
0.6681715575620768
0.6681715575620768
0.6681715575620768
0.6681715575620768
0.6591422121896162
0.6591422121896162
0.7553444180522565
0.7553444180522565
0.7553444180522565
0.7553444180522565
0.7553444180522565
0.7553444180522565
0.7553444180522565
0.7315914489311164
0.7315914489311164
0.7315914489311164
0.7315914489311164
0.7315914489311164
0.7315914489311164
0.7315914489311164
0.7315914489311164
0.7315914489311164
0.7315914489311164
0.7315914489311164
0.7315914489311164
0.7315914489311164
0.7315914489311164
0.7315914489311164
0.7315914489311164
0.7315914489311164
0.7315914489311164
0.6862302483069977
0.6772009029345373
0.6772009029345373
0.6772009029345373
0.6772009029345373
0.6862302483069977
0.7268408551068883
0.7268408551068883
0.7268408551068883
0.7268408551068883
0.7268408551068883
0.7268408551068883
0.7268408551068883
0.7268408551068883
0.7268408551068883
0.7268408551068883
0.7268408551068883
0.7268408551068883
0.7268408551068883
0.7268408551068883
0.7268408551068883
0.7268408551068883
0.7268408551068883
0.7268408551068883
0.7268408551068883
0.7268408551068883
0.7268408551068883
0.7268408551068883
0.715
0.715
0.705
0.705
0.705
0.705
0.705
0.7695961995249406
0.7695961995249406
0.7695961995249406
0.7695961995249406
0.7695961995249406
0.7695961995249406
0.7600950118764845
0.7600950118764845
0.7600950118764845
0.7600950118764845
0.7600950118764845
0.7600950118764845
0.7600950118764845
0.7600950118764845
0.7600950118764845
0.7404063205417607
0.7404063205417607
0.7404063205417607
0.7404063205417607
0.7404063205417607
0.7404063205417607
0.7404063205417607
0.7404063205417607
0.7600950118764845
0.7600950118764845
0.7600950118764845
0.7600950118764845
0.7600950118764845
0.7600950118764845
0.7600950118764845
0.7600950118764845
0.675
0.675
0.675
0.675
0.675
0.675
0.675
0.675
0.675
0.675
0.675
0.675
0.675
0.675
0.675
0.675
0.675
0.675
0.67
0.67
0.67
0.67
0.67
0.67
0.67
0.6603325415676959
0.6603325415676959
0.6603325415676959
0.6603325415676959
0.6603325415676959
0.6603325415676959
0.6603325415676959
0.6603325415676959
0.6603325415676959
0.6603325415676959
0.6603325415676959
0.6603325415676959
0.6603325415676959
0.6603325415676959
0.6603325415676959
0.6603325415676959
0.6603325415676959
0.6413301662707839
0.6413301662707839
0.6413301662707839
0.6413301662707839
0.6413301662707839
0.6413301662707839
0.6413301662707839
0.6413301662707839
0.6413301662707839
0.6413301662707839
0.6413301662707839
0.6413301662707839
0.6413301662707839
0.6413301662707839
0.6413301662707839
0.6413301662707839
0.6413301662707839
0.6413301662707839
0.6508313539192399
0.6508313539192399
0.6508313539192399
0.6508313539192399
0.65
0.65
0.65
0.65
0.65
0.7695961995249406
0.7695961995249406
0.7695961995249406
0.7695961995249406
0.7695961995249406
0.7695961995249406
0.7695961995249406
0.7695961995249406
0.7695961995249406
0.7695961995249406
0.7695961995249406
0.7695961995249406
0.7695961995249406
0.7695961995249406
0.7695961995249406
0.7695961995249406
0.7695961995249406
0.7695961995249406
0.7695961995249406
0.7695961995249406
0.7695961995249406
0.7695961995249406
0.7695961995249406
0.7695961995249406
0.7695961995249406
0.7695961995249406
0.7695961995249406
0.7695961995249406
0.7695961995249406
0.7695961995249406
0.7695961995249406
0.7695961995249406
0.7695961995249406
0.7695961995249406
0.6997742663656885
0.6997742663656885
0.6997742663656885
0.6997742663656885
0.6997742663656885
0.6997742663656885
0.6997742663656885
0.6997742663656885
0.6997742663656885
0.6997742663656885
0.6997742663656885
0.6997742663656885
0.6997742663656885
0.6997742663656885
0.6997742663656885
0.6997742663656885
0.6997742663656885
0.6997742663656885
0.6997742663656885
0.6997742663656885
0.6997742663656885
0.6997742663656885
0.6997742663656885
0.6997742663656885
0.6997742663656885
0.6997742663656885
0.6997742663656885
0.6997742663656885
0.6997742663656885
0.6997742663656885
0.6997742663656885
0.6997742663656885
0.6997742663656885
0.6997742663656885
0.6997742663656885
0.6997742663656885
0.6997742663656885
0.6997742663656885
0.6997742663656885
0.6997742663656885
0.6997742663656885
0.6997742663656885
0.6997742663656885
0.6997742663656885
0.6997742663656885
0.6997742663656885
0.6997742663656885
0.6997742663656885
0.7695961995249406
0.7695961995249406
0.7695961995249406
0.7695961995249406
0.7695961995249406
0.7695961995249406
0.7695961995249406
0.7695961995249406
0.7695961995249406
0.7695961995249406
0.7695961995249406
0.7695961995249406
0.7695961995249406
0.7695961995249406
0.7695961995249406
0.7695961995249406
0.7404063205417607
0.6952789699570815
0.6952789699570815
0.7695961995249406
0.7695961995249406
0.7695961995249406
0.7695961995249406
0.7695961995249406
0.7695961995249406
0.7695961995249406
0.7695961995249406
0.7695961995249406
0.7695961995249406
0.7695961995249406
0.7695961995249406
0.7695961995249406
0.7695961995249406
0.7695961995249406
0.7695961995249406
0.7695961995249406
0.7695961995249406
0.7695961995249406
0.7695961995249406
0.7695961995249406
0.7695961995249406
0.7600950118764845
0.7600950118764845
0.7600950118764845
0.7600950118764845
0.7600950118764845
0.7600950118764845
0.7600950118764845
0.7600950118764845
0.7600950118764845
0.7600950118764845
0.7600950118764845
0.7600950118764845
0.7600950118764845
0.7600950118764845
0.7600950118764845
0.7600950118764845
0.7600950118764845
0.7600950118764845
0.7600950118764845
0.7600950118764845
0.7600950118764845
0.7600950118764845
0.7600950118764845
0.7600950118764845
0.7600950118764845
0.7600950118764845
0.7600950118764845
0.7600950118764845
0.7600950118764845
0.7600950118764845
0.7600950118764845
0.7600950118764845
0.7600950118764845
0.7600950118764845
0.7600950118764845
0.7600950118764845
0.7600950118764845
0.7600950118764845
0.7268408551068883
0.7268408551068883
0.7268408551068883
0.7268408551068883
0.7268408551068883
0.7268408551068883
0.7268408551068883
0.7268408551068883
0.7268408551068883
0.7268408551068883
0.7268408551068883
0.7268408551068883
0.7268408551068883
0.7268408551068883
0.7268408551068883
0.6230248306997742
0.6230248306997742
0.5836909871244635
0.5836909871244635
0.6636568848758465
0.6636568848758465
0.6636568848758465
0.6636568848758465
0.6636568848758465
0.6636568848758465
0.6636568848758465
0.6636568848758465
0.6636568848758465
0.6636568848758465
0.6636568848758465
0.6636568848758465
0.6636568848758465
0.6636568848758465
0.6636568848758465
0.6636568848758465
0.6636568848758465
0.6636568848758465
0.6636568848758465
0.6636568848758465
0.6636568848758465
0.7695961995249406
0.7695961995249406
0.7695961995249406
0.7695961995249406
0.7695961995249406
0.7695961995249406
0.7695961995249406
0.7695961995249406
0.7695961995249406
0.7695961995249406
0.7695961995249406
0.7695961995249406
0.7695961995249406
0.7695961995249406
0.7695961995249406
0.7695961995249406
0.7695961995249406
0.7695961995249406
0.7695961995249406
0.7695961995249406
0.7695961995249406
0.7695961995249406
0.7695961995249406
0.7695961995249406
0.7695961995249406
0.7695961995249406
0.7695961995249406
0.7695961995249406
0.7695961995249406
0.7695961995249406
0.7695961995249406
0.7695961995249406
0.7695961995249406
0.7695961995249406
0.7695961995249406
0.7695961995249406
0.7695961995249406
0.7695961995249406
0.7695961995249406
0.7695961995249406
0.7695961995249406
0.7
0.7
0.7
0.7
0.7
0.7
0.7
0.7
0.7
0.7
0.7
0.7
0.7
0.7
0.7
0.7
0.7
0.7
0.7
0.7
0.7
0.7
0.7
0.7
0.7
0.7
0.7
0.7
0.7
0.7
0.7
0.7
0.7
0.7
0.7
0.7
0.7
0.7
0.7
0.7
0.7
0.7
0.7
0.7
0.7
0.7
0.7
0.7
0.7
0.7
0.7
0.7
0.7
0.7
0.7
0.7
0.7
0.7
0.7
0.7695961995249406
0.7695961995249406
0.7695961995249406
0.7695961995249406
0.7695961995249406
0.7695961995249406
0.7695961995249406
0.7695961995249406
0.7695961995249406
0.7695961995249406
0.7695961995249406
0.7695961995249406
0.7695961995249406
0.7695961995249406
0.7695961995249406
0.7695961995249406
0.7695961995249406
0.7695961995249406
0.7695961995249406
0.7695961995249406
0.7695961995249406
0.7695961995249406
0.7695961995249406
0.7553444180522565
0.7553444180522565
0.7553444180522565
0.7553444180522565
0.7553444180522565
0.7553444180522565
0.7553444180522565
0.7553444180522565
0.7553444180522565
0.7553444180522565
0.7553444180522565
0.7553444180522565
0.7553444180522565
0.7553444180522565
0.7553444180522565
0.7553444180522565
0.7553444180522565
0.7553444180522565
0.7553444180522565
0.7553444180522565
0.7553444180522565
0.7553444180522565
0.66
0.66
0.66
0.66
0.66
0.66
0.66
0.6365795724465558
0.6365795724465558
0.6365795724465558
0.6365795724465558
0.6139954853273137
0.6139954853273137
0.6460807600950119
0.6460807600950119
0.6508313539192399
0.6508313539192399
0.6508313539192399
0.6508313539192399
0.6508313539192399
0.6508313539192399
0.6508313539192399
0.6508313539192399
0.6508313539192399
0.5553047404063205
0.5553047404063205
0.5553047404063205
0.5553047404063205
0.5553047404063205
0.5553047404063205
0.5553047404063205
0.5553047404063205
0.5553047404063205
0.5553047404063205
0.5553047404063205
0.5553047404063205
0.5553047404063205
0.6049661399548533
0.6049661399548533
0.6049661399548533
0.6049661399548533
0.6049661399548533
0.6049661399548533
0.6049661399548533
0.6049661399548533
0.6508313539192399
0.6508313539192399
0.6508313539192399
0.6555819477434679
0.6555819477434679
0.6555819477434679
0.6555819477434679
0.6555819477434679
0.6555819477434679
0.6555819477434679
0.7695961995249406
0.7695961995249406
0.7695961995249406
0.7695961995249406
0.7695961995249406
0.7695961995249406
0.7695961995249406
0.7695961995249406
0.7695961995249406
0.7695961995249406
0.7695961995249406
0.7695961995249406
0.7695961995249406
0.7695961995249406
0.7695961995249406
0.7695961995249406
0.7695961995249406
0.7600950118764845
0.7600950118764845
0.7600950118764845
0.7600950118764845
0.7600950118764845
0.7600950118764845
0.7600950118764845
0.7600950118764845
0.7600950118764845
0.7600950118764845
0.7600950118764845
0.7600950118764845
0.7600950118764845
0.7600950118764845
0.7600950118764845
0.7600950118764845
0.7600950118764845
0.7600950118764845
0.7600950118764845
0.7600950118764845
0.7600950118764845
0.7600950118764845
0.7600950118764845
0.7600950118764845
0.7600950118764845
0.7600950118764845
0.7600950118764845
0.7600950118764845
0.7600950118764845
0.7600950118764845
0.7600950118764845
0.7600950118764845
0.7600950118764845
0.7600950118764845
0.7600950118764845
0.7600950118764845
0.7600950118764845
0.7600950118764845
0.7600950118764845
0.7600950118764845
0.7600950118764845
0.7600950118764845
0.7600950118764845
0.7600950118764845
0.7600950118764845
0.7600950118764845
0.7600950118764845
0.7600950118764845
0.7600950118764845
0.7600950118764845
0.7600950118764845
0.7600950118764845
0.7600950118764845
0.7600950118764845
0.7600950118764845
0.7600950118764845
0.7600950118764845
0.7600950118764845
0.7600950118764845
0.7600950118764845
0.7600950118764845
0.7600950118764845
0.7600950118764845
0.7600950118764845
0.7600950118764845
0.7600950118764845
0.7600950118764845
0.7600950118764845
0.7600950118764845
0.7600950118764845
0.7600950118764845
0.7600950118764845
0.7600950118764845
0.7600950118764845
0.7600950118764845
0.7600950118764845
0.7600950118764845
0.7600950118764845
0.7600950118764845
0.7600950118764845
0.7600950118764845
0.7600950118764845
0.7600950118764845
0.7695961995249406
0.7695961995249406
0.7695961995249406
0.7695961995249406
0.7695961995249406
0.7695961995249406
0.7695961995249406
0.7458432304038005
0.7458432304038005
0.7458432304038005
0.7458432304038005
0.7458432304038005
0.7458432304038005
0.7458432304038005
0.7458432304038005
0.7458432304038005
0.7458432304038005
0.7458432304038005
0.7458432304038005
0.7458432304038005
0.7458432304038005
0.6997742663656885
0.6997742663656885
0.6997742663656885
0.6997742663656885
0.6997742663656885
0.6997742663656885
0.6997742663656885
0.6997742663656885
0.6738197424892703
0.6738197424892703
0.6738197424892703
0.6781115879828327
0.6781115879828327
0.6781115879828327
0.6781115879828327
0.6781115879828327
0.6530612244897959
0.6530612244897959
0.6530612244897959
0.6530612244897959
0.6530612244897959
0.6530612244897959
0.6530612244897959
0.6530612244897959
0.6530612244897959
0.6530612244897959
0.6530612244897959
0.6530612244897959
0.630901287553648
0.630901287553648
0.630901287553648
0.630901287553648
0.630901287553648
0.630901287553648
0.630901287553648
0.630901287553648
0.630901287553648
0.6223175965665236
0.6223175965665236
0.6223175965665236
0.6223175965665236
0.6223175965665236
0.6223175965665236
0.6223175965665236
0.6223175965665236
0.6223175965665236
0.6223175965665236
0.6223175965665236
0.6223175965665236
0.5551020408163265
0.5551020408163265
0.5879828326180258
0.5879828326180258
0.6139954853273137
0.6139954853273137
0.6413301662707839
0.6413301662707839
0.6413301662707839
0.6413301662707839
0.6413301662707839
0.6413301662707839
0.6413301662707839
0.6413301662707839
0.6413301662707839
0.6139954853273137
0.6139954853273137
0.6139954853273137
0.6603325415676959
0.6603325415676959
0.6603325415676959
0.6603325415676959
0.6603325415676959
0.6603325415676959
0.6603325415676959
0.6603325415676959
0.65
0.65
0.65
0.65
0.65
0.7695961995249406
0.7695961995249406
0.7695961995249406
0.7695961995249406
0.7695961995249406
0.7695961995249406
0.7695961995249406
0.7695961995249406
0.7695961995249406
0.7695961995249406
0.7695961995249406
0.7695961995249406
0.708803611738149
0.708803611738149
0.708803611738149
0.7695961995249406
0.7695961995249406
0.7695961995249406
0.7695961995249406
0.7695961995249406
0.7695961995249406
0.7695961995249406
0.7695961995249406
0.7695961995249406
0.744920993227991
0.744920993227991
0.6652360515021459
0.6652360515021459
0.6652360515021459
0.6652360515021459
0.672686230248307
0.672686230248307
0.672686230248307
0.672686230248307
0.672686230248307
0.672686230248307
0.672686230248307
0.672686230248307
0.648068669527897
0.648068669527897
0.648068669527897
0.648068669527897
0.648068669527897
0.648068669527897
0.648068669527897
0.563265306122449
0.563265306122449
0.5514563106796116
0.6204081632653061
0.6204081632653061
0.6122448979591837
0.6122448979591837
0.5980582524271845
0.5980582524271845
0.5980582524271845
0.5980582524271845
0.5980582524271845
0.5980582524271845
0.5980582524271845
0.6530612244897959
0.6530612244897959
0.6530612244897959
0.6530612244897959
0.6530612244897959
0.6530612244897959
0.6530612244897959
0.6530612244897959
0.5902912621359223
0.5902912621359223
0.5656192236598891
0.5656192236598891
0.5656192236598891
0.5980582524271845
0.5980582524271845
0.5980582524271845
0.5980582524271845
0.5980582524271845
0.5980582524271845
0.5980582524271845
0.5980582524271845
0.5980582524271845
0.5980582524271845
0.5980582524271845
0.5980582524271845
0.5980582524271845
0.5980582524271845
0.5980582524271845
0.5980582524271845
0.5980582524271845
0.5980582524271845
0.5980582524271845
0.5980582524271845
0.5980582524271845
0.5980582524271845
0.5980582524271845
0.5980582524271845
0.5980582524271845
0.5980582524271845
0.5980582524271845
0.6163265306122448
0.7695961995249406
0.7695961995249406
0.7695961995249406
0.7695961995249406
0.7695961995249406
0.7695961995249406
0.7695961995249406
0.7695961995249406
0.7695961995249406
0.7695961995249406
0.7695961995249406
0.7695961995249406
0.7695961995249406
0.7695961995249406
0.7695961995249406
0.7695961995249406
0.7695961995249406
0.7695961995249406
0.7695961995249406
0.7695961995249406
0.7695961995249406
0.7695961995249406
0.7695961995249406
0.7695961995249406
0.7695961995249406
0.7695961995249406
0.7695961995249406
0.7695961995249406
0.7695961995249406
0.7695961995249406
0.7695961995249406
0.7695961995249406
0.7695961995249406
0.7695961995249406
0.7695961995249406
0.7695961995249406
0.7695961995249406
0.7695961995249406
0.7695961995249406
0.7695961995249406
0.7695961995249406
0.7695961995249406
0.7695961995249406
0.7695961995249406
0.7695961995249406
0.7695961995249406
0.7695961995249406
0.7695961995249406
0.7695961995249406
0.7695961995249406
0.7695961995249406
0.7695961995249406
0.7695961995249406
0.7695961995249406
0.7695961995249406
0.7695961995249406
0.7695961995249406
0.7695961995249406
0.7695961995249406
0.7695961995249406
0.7695961995249406
0.7695961995249406
0.7695961995249406
0.7695961995249406
0.7695961995249406
0.7695961995249406
0.7695961995249406
0.7695961995249406
0.7695961995249406
0.7695961995249406
0.7695961995249406
0.7695961995249406
0.7695961995249406
0.7695961995249406
0.7695961995249406
0.7695961995249406
0.7695961995249406
0.7695961995249406
0.7695961995249406
0.7695961995249406
0.7695961995249406
0.7695961995249406
0.7695961995249406
0.7695961995249406
0.7695961995249406
0.7695961995249406
0.7695961995249406
0.7695961995249406
0.7695961995249406
0.7695961995249406
0.7695961995249406
0.7695961995249406
0.7695961995249406
0.7695961995249406
0.7695961995249406
0.7223476297968398
0.7223476297968398
0.7223476297968398
0.7223476297968398
0.7223476297968398
0.7695961995249406
0.7695961995249406
0.7695961995249406
0.7223476297968398
0.7223476297968398
0.7223476297968398
0.7223476297968398
0.7223476297968398
0.7223476297968398
0.7223476297968398
0.7223476297968398
0.7223476297968398
0.7223476297968398
0.7223476297968398
0.7223476297968398
0.7223476297968398
0.7223476297968398
0.7223476297968398
0.7223476297968398
0.7223476297968398
0.7223476297968398
0.7223476297968398
0.7223476297968398
0.7223476297968398
0.7223476297968398
0.7223476297968398
0.7223476297968398
0.7223476297968398
0.7223476297968398
0.7223476297968398
0.7223476297968398
0.6909871244635193
0.6081632653061224
0.6019417475728155
0.6326530612244898
0.6326530612244898
0.6326530612244898
0.6394849785407726
0.6394849785407726
0.6394849785407726
0.6394849785407726
0.6394849785407726
0.6394849785407726
0.6394849785407726
0.6394849785407726
0.6394849785407726
0.5795918367346938
0.5795918367346938
0.5795918367346938
0.6652360515021459
0.6566523605150214
0.6566523605150214
0.6566523605150214
0.7313769751693002
0.7313769751693002
0.7313769751693002
0.7313769751693002
0.7313769751693002
0.7313769751693002
0.7313769751693002
0.7313769751693002
0.6995708154506438
0.6995708154506438
0.6995708154506438
0.6995708154506438
0.6995708154506438
0.6995708154506438
0.6995708154506438
0.6995708154506438
0.6952789699570815
0.6952789699570815
0.6952789699570815
0.636568848758465
0.6180257510729614
0.6180257510729614
0.6180257510729614
0.6180257510729614
0.6180257510729614
0.6180257510729614
0.6180257510729614
0.5836734693877551
0.5795918367346938
0.5795918367346938
0.5795918367346938
0.6137339055793991
0.6137339055793991
0.6137339055793991
0.6137339055793991
0.6137339055793991
0.6137339055793991
0.6137339055793991
0.6137339055793991
0.6137339055793991
0.6137339055793991
0.6137339055793991
0.6137339055793991
0.6137339055793991
0.6137339055793991
0.6137339055793991
0.6180257510729614
0.7695961995249406
0.7695961995249406
0.7695961995249406
0.7695961995249406
0.7695961995249406
0.7695961995249406
0.7358916478555305
0.7358916478555305
0.7358916478555305
0.7358916478555305
0.7358916478555305
0.7358916478555305
0.7358916478555305
0.7358916478555305
0.7358916478555305
0.7358916478555305
0.7358916478555305
0.7358916478555305
0.7358916478555305
0.7358916478555305
0.7358916478555305
0.7358916478555305
0.7358916478555305
0.7358916478555305
0.7358916478555305
0.7358916478555305
0.7358916478555305
0.7358916478555305
0.7358916478555305
0.7358916478555305
0.7358916478555305
0.7358916478555305
0.7358916478555305
0.7358916478555305
0.7358916478555305
0.7695961995249406
0.7695961995249406
0.7695961995249406
0.7695961995249406
0.7695961995249406
0.7695961995249406
0.7695961995249406
0.7695961995249406
0.7695961995249406
0.7695961995249406
0.7695961995249406
0.7695961995249406
0.7695961995249406
0.7695961995249406
0.7695961995249406
0.7695961995249406
0.7695961995249406
0.7695961995249406
0.7695961995249406
0.7695961995249406
0.7695961995249406
0.7695961995249406
0.7695961995249406
0.7695961995249406
0.7695961995249406
0.7695961995249406
0.7695961995249406
0.7695961995249406
0.7695961995249406
0.7695961995249406
0.7695961995249406
0.7695961995249406
0.7695961995249406
0.7695961995249406
0.7695961995249406
0.7695961995249406
0.7695961995249406
0.7695961995249406
0.7695961995249406
0.7695961995249406
0.7695961995249406
0.7695961995249406
0.7695961995249406
0.7695961995249406
0.7695961995249406
0.7695961995249406
0.7695961995249406
0.7695961995249406
0.7695961995249406
0.7695961995249406
0.7695961995249406
0.7695961995249406
0.7695961995249406
0.7695961995249406
0.7695961995249406
0.7695961995249406
0.7695961995249406
0.7695961995249406
0.7695961995249406
0.7695961995249406
0.7695961995249406
0.7695961995249406
0.7695961995249406
0.7695961995249406
0.7695961995249406
0.7695961995249406
0.7695961995249406
0.7695961995249406
0.7695961995249406
0.7695961995249406
0.7695961995249406
0.7695961995249406
0.7695961995249406
0.7695961995249406
0.7695961995249406
0.7695961995249406
0.7695961995249406
0.7695961995249406
0.7695961995249406
0.7695961995249406
0.7695961995249406
0.7695961995249406
0.7695961995249406
0.7695961995249406
0.7695961995249406
0.7695961995249406
0.7695961995249406
0.7695961995249406
0.7695961995249406
0.7695961995249406
0.7695961995249406
0.7695961995249406
0.7695961995249406
0.7695961995249406
0.7695961995249406
0.7695961995249406
0.7695961995249406
0.7695961995249406
0.7695961995249406
0.7695961995249406
0.7695961995249406
0.7695961995249406
0.7695961995249406
0.7695961995249406
0.7695961995249406
0.7695961995249406
0.7695961995249406
0.7695961995249406
0.7695961995249406
0.7695961995249406
0.7695961995249406
0.7695961995249406
0.7695961995249406
0.7695961995249406
0.7695961995249406
0.7695961995249406
0.7695961995249406
0.7695961995249406
0.7695961995249406
0.7695961995249406
0.7695961995249406
0.7695961995249406
0.7695961995249406
0.7695961995249406
0.7695961995249406
0.7695961995249406
0.7695961995249406
0.7695961995249406
0.7695961995249406
0.7695961995249406
0.7695961995249406
0.7695961995249406
0.7695961995249406
0.7695961995249406
0.7695961995249406
0.7695961995249406
0.7695961995249406
0.7695961995249406
0.7695961995249406
0.7695961995249406
0.7695961995249406
0.7695961995249406
0.7695961995249406
0.7695961995249406
0.7695961995249406
0.7695961995249406
0.7695961995249406
0.7695961995249406
0.7695961995249406
0.7695961995249406
0.7695961995249406
0.7695961995249406
0.7695961995249406
0.7695961995249406
0.7695961995249406
0.7695961995249406
0.7695961995249406
0.7695961995249406
0.7695961995249406
0.7695961995249406
0.7695961995249406
0.7695961995249406
0.7553444180522565
0.7553444180522565
0.7553444180522565
0.7458432304038005
0.7695961995249406
0.7695961995249406
0.7695961995249406
0.7695961995249406
0.7695961995249406
0.7695961995249406
0.7695961995249406
0.7695961995249406
0.7695961995249406
0.7695961995249406
0.7695961995249406
0.7695961995249406
0.7695961995249406
0.7695961995249406
0.7695961995249406
0.7695961995249406
0.7695961995249406
0.7695961995249406
0.7695961995249406
0.7695961995249406
0.7695961995249406
0.7695961995249406
0.7695961995249406
0.7695961995249406
0.7695961995249406
0.7695961995249406
0.7695961995249406
0.7695961995249406
0.7695961995249406
0.7695961995249406
0.7695961995249406
0.7695961995249406
0.7695961995249406
0.7695961995249406
0.7695961995249406
0.7695961995249406
0.7695961995249406
0.7695961995249406
0.7695961995249406
0.7695961995249406
0.7695961995249406
0.7695961995249406
0.7695961995249406
0.7695961995249406
0.7695961995249406
0.7695961995249406
0.7695961995249406
0.7695961995249406
0.7695961995249406
0.7695961995249406
0.7695961995249406
0.7695961995249406
0.7695961995249406
0.7695961995249406
0.7695961995249406
0.7695961995249406
0.7695961995249406
0.7695961995249406
0.7695961995249406
0.7695961995249406
0.7695961995249406
0.7695961995249406
0.7695961995249406
0.7695961995249406
0.7695961995249406
0.7695961995249406
0.7695961995249406
0.7695961995249406
0.7695961995249406
0.7695961995249406
0.7695961995249406
0.7695961995249406
0.7695961995249406
0.7695961995249406
0.7695961995249406
0.7695961995249406
0.7695961995249406
0.7695961995249406
0.7695961995249406
0.7553444180522565
0.7553444180522565
0.7553444180522565
0.7553444180522565
0.7553444180522565
0.7553444180522565
0.7553444180522565
0.7553444180522565
0.7553444180522565
0.7553444180522565
0.7553444180522565
0.7553444180522565
0.7553444180522565
0.7553444180522565
0.7553444180522565
0.7553444180522565
0.7553444180522565
0.7553444180522565
0.7553444180522565
0.7553444180522565
0.7553444180522565
0.7695961995249406
0.7695961995249406
0.7695961995249406
0.7695961995249406
0.7695961995249406
0.7695961995249406
0.7695961995249406
0.7695961995249406
0.7695961995249406
0.7695961995249406
0.7695961995249406
0.7695961995249406
0.7695961995249406
0.7695961995249406
0.7695961995249406
0.7695961995249406
0.7695961995249406
0.7695961995249406
0.7695961995249406
0.7695961995249406
0.7695961995249406
0.7695961995249406
0.7695961995249406
0.7695961995249406
0.7695961995249406
0.7695961995249406
0.7695961995249406
0.7695961995249406
0.7695961995249406
0.7695961995249406
0.7695961995249406
0.7695961995249406
0.7695961995249406
0.7695961995249406
0.7695961995249406
0.7695961995249406
0.7695961995249406
0.7695961995249406
0.7695961995249406
0.7695961995249406
0.7695961995249406
0.7695961995249406
0.7695961995249406
0.7695961995249406
0.7695961995249406
0.7695961995249406
0.7695961995249406
0.7695961995249406
0.7695961995249406
0.7695961995249406
0.7695961995249406
0.7695961995249406
0.7695961995249406
0.7695961995249406
0.7695961995249406
0.7695961995249406
0.7695961995249406
0.7695961995249406
0.7695961995249406
0.7695961995249406
0.7695961995249406
0.7695961995249406
0.7695961995249406
0.7695961995249406
0.7695961995249406
0.7695961995249406
0.7695961995249406
0.7695961995249406
0.7695961995249406
0.7695961995249406
0.7695961995249406
0.7695961995249406
0.7695961995249406
0.7695961995249406
0.7695961995249406
0.7695961995249406
0.7695961995249406
0.7695961995249406
0.7695961995249406
0.7695961995249406
0.744920993227991
0.744920993227991
0.744920993227991
0.744920993227991
0.744920993227991
0.744920993227991
0.744920993227991
0.744920993227991
0.744920993227991
0.744920993227991
0.7600950118764845
0.7600950118764845
0.7600950118764845
0.7600950118764845
0.7600950118764845
0.7600950118764845
0.7600950118764845
0.7600950118764845
0.7600950118764845
0.7600950118764845
0.7695961995249406
0.7695961995249406
0.7695961995249406
0.7695961995249406
0.7695961995249406
0.7695961995249406
0.7695961995249406
0.7695961995249406
0.7695961995249406
0.7695961995249406
0.7695961995249406
0.7695961995249406
0.7695961995249406
0.7695961995249406
0.7695961995249406
0.7695961995249406
0.7695961995249406
0.7695961995249406
0.7695961995249406
0.7695961995249406
0.7695961995249406
0.7358916478555305
0.7358916478555305
0.7358916478555305
0.7358916478555305
0.7358916478555305
0.7358916478555305
0.7358916478555305
0.7358916478555305
0.7553444180522565
0.7553444180522565
0.7553444180522565
0.7553444180522565
0.7553444180522565
0.7553444180522565
0.7553444180522565
0.7553444180522565
0.7553444180522565
0.7268623024830699
0.7268623024830699
0.7268623024830699
0.7268623024830699
0.7268623024830699
0.7268623024830699
0.7268623024830699
0.7268623024830699
0.7268623024830699
0.7268623024830699
0.7268623024830699
0.7268623024830699
0.7268623024830699
0.7268623024830699
0.7268623024830699
0.7268623024830699
0.7268623024830699
0.7553444180522565
0.7553444180522565
0.7553444180522565
0.7553444180522565
0.7553444180522565
0.7553444180522565
0.7553444180522565
0.7553444180522565
0.7553444180522565
0.7553444180522565
0.7553444180522565
0.7553444180522565
0.7553444180522565
0.7553444180522565
0.7553444180522565
0.7553444180522565
0.7553444180522565
0.7553444180522565
0.7553444180522565
0.7553444180522565
0.7553444180522565
0.7553444180522565
0.7553444180522565
0.7553444180522565
0.7553444180522565
0.7553444180522565
0.67
0.67
0.67
0.67
0.67
0.67
0.67
0.67
0.67
0.67
0.67
0.67
0.67
0.5890736342042755
0.5890736342042755
0.5890736342042755
0.5843230403800475
0.5843230403800475
0.5843230403800475
0.7695961995249406
0.7695961995249406
0.7695961995249406
0.7695961995249406
0.7695961995249406
0.7695961995249406
0.7695961995249406
0.7695961995249406
0.7695961995249406
0.7695961995249406
0.7695961995249406
0.7695961995249406
0.7695961995249406
0.7695961995249406
0.7695961995249406
0.7695961995249406
0.6997742663656885
0.6997742663656885
0.6997742663656885
0.6997742663656885
0.6997742663656885
0.6997742663656885
0.6997742663656885
0.6997742663656885
0.6997742663656885
0.6862302483069977
0.6460807600950119
0.6460807600950119
0.6460807600950119
0.6460807600950119
0.6460807600950119
0.6460807600950119
0.6460807600950119
0.6460807600950119
0.6460807600950119
0.6460807600950119
0.6460807600950119
0.6460807600950119
0.6460807600950119
0.6460807600950119
0.6094808126410836
0.6603325415676959
0.6603325415676959
0.6603325415676959
0.6603325415676959
0.6603325415676959
0.6603325415676959
0.6603325415676959
0.6603325415676959
0.6603325415676959
0.6603325415676959
0.6603325415676959
0.6603325415676959
0.6603325415676959
0.6603325415676959
0.6603325415676959
0.6603325415676959
0.6603325415676959
0.6603325415676959
0.6603325415676959
0.6603325415676959
0.6603325415676959
0.6603325415676959
0.6603325415676959
0.6603325415676959
0.6275395033860045
0.6275395033860045
0.5579399141630901
0.5591836734693878
0.5591836734693878
0.5591836734693878
0.563265306122449
0.563265306122449
0.563265306122449
0.563265306122449
0.563265306122449
0.563265306122449
0.563265306122449
0.563265306122449
0.563265306122449
0.5224489795918368
0.5224489795918368
0.5224489795918368
0.5224489795918368
0.5224489795918368
0.5224489795918368
0.5493562231759657
0.5493562231759657
0.5553047404063205
0.5510688836104513
0.5510688836104513
0.5510688836104513
0.5510688836104513
0.5510688836104513
0.5510688836104513
0.5558194774346793
0.5558194774346793
0.5605700712589073
0.5605700712589073
0.5605700712589073
0.7695961995249406
0.7695961995249406
0.7695961995249406
0.7695961995249406
0.7695961995249406
0.7695961995249406
0.7695961995249406
0.7695961995249406
0.7695961995249406
0.7695961995249406
0.7695961995249406
0.7695961995249406
0.7695961995249406
0.7695961995249406
0.7695961995249406
0.7695961995249406
0.7695961995249406
0.7695961995249406
0.7695961995249406
0.7695961995249406
0.7695961995249406
0.7695961995249406
0.7695961995249406
0.7695961995249406
0.7695961995249406
0.7695961995249406
0.7695961995249406
0.7695961995249406
0.7695961995249406
0.7695961995249406
0.7695961995249406
0.7695961995249406
0.7695961995249406
0.7695961995249406
0.7695961995249406
0.7695961995249406
0.7695961995249406
0.7695961995249406
0.7695961995249406
0.7695961995249406
0.7695961995249406
0.7695961995249406
0.7695961995249406
0.7695961995249406
0.7695961995249406
0.7695961995249406
0.7695961995249406
0.7695961995249406
0.7600950118764845
0.7600950118764845
0.7600950118764845
0.7600950118764845
0.7600950118764845
0.7600950118764845
0.7600950118764845
0.7600950118764845
0.7600950118764845
0.7600950118764845
0.7600950118764845
0.7600950118764845
0.7600950118764845
0.7600950118764845
0.7600950118764845
0.7600950118764845
0.7600950118764845
0.7600950118764845
0.7600950118764845
0.7600950118764845
0.7600950118764845
0.7600950118764845
0.7600950118764845
0.7600950118764845
0.7600950118764845
0.7600950118764845
0.7600950118764845
0.7600950118764845
0.7600950118764845
0.7600950118764845
0.7600950118764845
0.7600950118764845
0.7600950118764845
0.7600950118764845
0.7600950118764845
0.7600950118764845
0.7600950118764845
0.675
0.6365795724465558
0.6365795724465558
0.675
0.675
0.675
0.6210526315789474
0.6210526315789474
0.6210526315789474
0.6210526315789474
0.6210526315789474
0.6210526315789474
0.6210526315789474
0.62
0.62
0.62
0.7695961995249406
0.7695961995249406
0.7695961995249406
0.7695961995249406
0.7695961995249406
0.7695961995249406
0.7695961995249406
0.7695961995249406
0.7695961995249406
0.7695961995249406
0.7695961995249406
0.7695961995249406
0.7695961995249406
0.7695961995249406
0.7695961995249406
0.7695961995249406
0.7695961995249406
0.7695961995249406
0.7695961995249406
0.7695961995249406
0.7695961995249406
0.7695961995249406
0.7695961995249406
0.7695961995249406
0.7695961995249406
0.7695961995249406
0.7695961995249406
0.7695961995249406
0.7695961995249406
0.7695961995249406
0.7695961995249406
0.7695961995249406
0.7695961995249406
0.7695961995249406
0.7695961995249406
0.7695961995249406
0.7695961995249406
0.7695961995249406
0.7695961995249406
0.7695961995249406
0.7695961995249406
0.7695961995249406
0.7695961995249406
0.7695961995249406
0.7695961995249406
0.7695961995249406
0.7695961995249406
0.7695961995249406
0.7695961995249406
0.7695961995249406
0.7695961995249406
0.7695961995249406
0.7695961995249406
0.7695961995249406
0.7695961995249406
0.7695961995249406
0.7695961995249406
0.7695961995249406
0.7695961995249406
0.7695961995249406
0.7695961995249406
0.7695961995249406
0.7695961995249406
0.7695961995249406
0.7695961995249406
0.7695961995249406
0.7695961995249406
0.7695961995249406
0.7695961995249406
0.7695961995249406
0.7695961995249406
0.7695961995249406
0.7695961995249406
0.7695961995249406
0.7695961995249406
0.7695961995249406
0.7695961995249406
0.7695961995249406
0.7695961995249406
0.7695961995249406
0.7695961995249406
0.7695961995249406
0.7695961995249406
0.7695961995249406
0.6636568848758465
0.6636568848758465
0.6636568848758465
0.6636568848758465
0.6636568848758465
0.6636568848758465
0.6636568848758465
0.6636568848758465
0.6636568848758465
0.6636568848758465
0.6636568848758465
0.6636568848758465
0.6636568848758465
0.6636568848758465
0.6636568848758465
0.6636568848758465
0.7695961995249406
0.7695961995249406
0.7695961995249406
0.69
0.69
0.69
0.69
0.69
0.69
0.69
0.69
0.69
0.69
0.69
0.69
0.69
0.69
0.69
0.69
0.69
0.69
0.69
0.69
0.69
0.69
0.69
0.665083135391924
0.6508313539192399
0.6508313539192399
0.6508313539192399
0.6508313539192399
0.6508313539192399
0.6508313539192399
0.6508313539192399
0.6508313539192399
0.6508313539192399
0.6555819477434679
0.675
0.67
0.67
0.67
0.67
0.67
0.67
0.67
0.67
0.67
0.67
0.67
0.67
0.67
0.67
0.67
0.67
0.67
0.67
0.67
0.67
0.67
0.67
0.67
0.67
0.67
0.67
0.67
0.67
0.67
0.67
0.67
0.6603325415676959
0.67
0.67
0.67
0.67
0.67
0.67
0.67
0.67
0.67
0.67
0.67
0.67
0.67
0.67
0.67
0.67
0.67
0.67
0.67
0.67
0.67
0.67
0.67
0.67
0.67
0.67
0.67
0.67
0.67
0.67
0.7695961995249406
0.7695961995249406
0.7695961995249406
0.7695961995249406
0.7695961995249406
0.7695961995249406
0.7695961995249406
0.7695961995249406
0.7695961995249406
0.7695961995249406
0.7695961995249406
0.7695961995249406
0.7695961995249406
0.7695961995249406
0.7695961995249406
0.7695961995249406
0.7695961995249406
0.7695961995249406
0.7695961995249406
0.7695961995249406
0.7695961995249406
0.7695961995249406
0.7695961995249406
0.7695961995249406
0.7695961995249406
0.7695961995249406
0.7695961995249406
0.7695961995249406
0.71
0.71
0.71
0.71
0.71
0.71
0.669833729216152
0.669833729216152
0.669833729216152
0.6888361045130641
0.6888361045130641
0.6888361045130641
0.6888361045130641
0.6888361045130641
0.6888361045130641
0.6888361045130641
0.6888361045130641
0.6888361045130641
0.6888361045130641
0.6888361045130641
0.71
0.669833729216152
0.669833729216152
0.669833729216152
0.669833729216152
0.669833729216152
0.669833729216152
0.669833729216152
0.669833729216152
0.669833729216152
0.669833729216152
0.669833729216152
0.669833729216152
0.669833729216152
0.669833729216152
0.669833729216152
0.669833729216152
0.669833729216152
0.669833729216152
0.669833729216152
0.669833729216152
0.669833729216152
0.669833729216152
0.669833729216152
0.669833729216152
0.6410835214446953
0.6410835214446953
0.6410835214446953
0.6410835214446953
0.6410835214446953
0.6410835214446953
0.6410835214446953
0.6128266033254157
0.6128266033254157
0.6128266033254157
0.6128266033254157
0.6128266033254157
0.6128266033254157
0.6128266033254157
0.6128266033254157
0.6128266033254157
0.6128266033254157
0.5605700712589073
0.5417607223476298
0.5417607223476298
0.5417607223476298
0.5417607223476298
0.5417607223476298
0.5417607223476298
0.5417607223476298
0.5417607223476298
0.5558194774346793
0.7695961995249406
0.7695961995249406
0.7695961995249406
0.7695961995249406
0.7695961995249406
0.7695961995249406
0.7695961995249406
0.7695961995249406
0.7695961995249406
0.7695961995249406
0.7695961995249406
0.7695961995249406
0.7695961995249406
0.7695961995249406
0.7695961995249406
0.7695961995249406
0.7695961995249406
0.7695961995249406
0.7695961995249406
0.7695961995249406
0.7695961995249406
0.7695961995249406
0.7695961995249406
0.7695961995249406
0.7695961995249406
0.7695961995249406
0.7695961995249406
0.7695961995249406
0.7695961995249406
0.7695961995249406
0.7695961995249406
0.7695961995249406
0.7695961995249406
0.7695961995249406
0.7695961995249406
0.7695961995249406
0.7695961995249406
0.7695961995249406
0.7695961995249406
0.7695961995249406
0.7695961995249406
0.7695961995249406
0.7695961995249406
0.7695961995249406
0.7695961995249406
0.7695961995249406
0.7695961995249406
0.7695961995249406
0.7695961995249406
0.7695961995249406
0.7695961995249406
0.7695961995249406
0.7695961995249406
0.7695961995249406
0.7695961995249406
0.7695961995249406
0.7695961995249406
0.7695961995249406
0.7695961995249406
0.7695961995249406
0.7695961995249406
0.7695961995249406
0.7695961995249406
0.7695961995249406
0.7695961995249406
0.7695961995249406
0.7695961995249406
0.7695961995249406
0.7695961995249406
0.7695961995249406
0.7695961995249406
0.7695961995249406
0.7695961995249406
0.7695961995249406
0.7695961995249406
0.7695961995249406
0.7695961995249406
0.7695961995249406
0.7695961995249406
0.7695961995249406
0.7695961995249406
0.7695961995249406
0.7695961995249406
0.7695961995249406
0.7695961995249406
0.7695961995249406
0.7695961995249406
0.7695961995249406
0.7695961995249406
0.7695961995249406
0.7695961995249406
0.7695961995249406
0.7695961995249406
0.7695961995249406
0.7695961995249406
0.7695961995249406
0.7695961995249406
0.7695961995249406
0.7695961995249406
0.7695961995249406
0.7695961995249406
0.7695961995249406
0.7695961995249406
0.7695961995249406
0.7695961995249406
0.7695961995249406
0.7695961995249406
0.7695961995249406
0.7695961995249406
0.7695961995249406
0.7695961995249406
0.7695961995249406
0.7695961995249406
0.7695961995249406
0.7695961995249406
0.7695961995249406
0.7695961995249406
0.7695961995249406
0.7695961995249406
0.7695961995249406
0.7695961995249406
0.7695961995249406
0.7695961995249406
0.7695961995249406
0.7695961995249406
0.7695961995249406
0.7695961995249406
0.7695961995249406
0.7695961995249406
0.7695961995249406
0.7695961995249406
0.7695961995249406
0.7695961995249406
0.7695961995249406
0.7695961995249406
0.7695961995249406
0.7695961995249406
0.7
0.7
0.7
0.7
0.7
0.6365795724465558
0.7
0.7
0.7
0.7
0.669833729216152
0.7
0.7
0.7
0.7
0.7
0.7
0.7
0.7
0.7
0.7
0.7
0.7
0.7
0.7
0.7
0.7
0.7
0.7
0.7
0.7
0.69
0.69
0.69
0.69
0.69
0.69
0.69
0.69
0.69
0.69
0.69
0.69
0.69
0.69
0.69
0.69
0.69
0.69
0.69
0.69
0.69
0.69
0.69
0.69
0.69
0.69
0.69
0.69
0.69
0.69
0.69
0.69
0.69
0.7695961995249406
0.7695961995249406
0.7695961995249406
0.7695961995249406
0.7695961995249406
0.7695961995249406
0.7695961995249406
0.7695961995249406
0.7695961995249406
0.7695961995249406
0.7695961995249406
0.7695961995249406
0.7695961995249406
0.7695961995249406
0.7695961995249406
0.7695961995249406
0.7695961995249406
0.7695961995249406
0.7695961995249406
0.7695961995249406
0.7695961995249406
0.7695961995249406
0.7695961995249406
0.7695961995249406
0.7695961995249406
0.7695961995249406
0.7695961995249406
0.7695961995249406
0.7695961995249406
0.7695961995249406
0.7695961995249406
0.7695961995249406
0.7695961995249406
0.7695961995249406
0.7695961995249406
0.7695961995249406
0.7695961995249406
0.7695961995249406
0.7695961995249406
0.7695961995249406
0.7695961995249406
0.7695961995249406
0.7695961995249406
0.7695961995249406
0.7695961995249406
0.7695961995249406
0.7695961995249406
0.7363420427553444
0.7363420427553444
0.7363420427553444
0.7363420427553444
0.7363420427553444
0.7363420427553444
0.7363420427553444
0.7363420427553444
0.7363420427553444
0.7363420427553444
0.7363420427553444
0.7363420427553444
0.7363420427553444
0.7363420427553444
0.7363420427553444
0.6952595936794582
0.6952595936794582
0.6952595936794582
0.6952595936794582
0.6952595936794582
0.6952595936794582
0.6952595936794582
0.6952595936794582
0.6952595936794582
0.6952595936794582
0.6952595936794582
0.6952595936794582
0.6952595936794582
0.6952595936794582
0.6952595936794582
0.6952595936794582
0.6952595936794582
0.6952595936794582
0.6223175965665236
0.6223175965665236
0.6223175965665236
0.6180257510729614
0.6180257510729614
0.6180257510729614
0.6180257510729614
0.6180257510729614
0.6180257510729614
0.6180257510729614
0.6180257510729614
0.6180257510729614
0.5877551020408164
0.5877551020408164
0.5877551020408164
0.5877551020408164
0.5877551020408164
0.5877551020408164
0.5877551020408164
0.648068669527897
0.7695961995249406
0.7695961995249406
0.7695961995249406
0.7695961995249406
0.7695961995249406
0.7695961995249406
0.7695961995249406
0.7695961995249406
0.71
0.71
0.71
0.71
0.71
0.71
0.71
0.71
0.71
0.71
0.71
0.71
0.71
0.71
0.71
0.71
0.71
0.71
0.71
0.71
0.71
0.71
0.71
0.71
0.6555819477434679
0.6555819477434679
0.6555819477434679
0.6555819477434679
0.6555819477434679
0.6555819477434679
0.6230248306997742
0.6230248306997742
0.6230248306997742
0.6230248306997742
0.6230248306997742
0.6230248306997742
0.6230248306997742
0.6230248306997742
0.6230248306997742
0.6230248306997742
0.6230248306997742
0.6230248306997742
0.6230248306997742
0.6230248306997742
0.6230248306997742
0.6230248306997742
0.6230248306997742
0.6230248306997742
0.6230248306997742
0.6555819477434679
0.6555819477434679
0.6230248306997742
0.6230248306997742
0.6230248306997742
0.6230248306997742
0.5843230403800475
0.5843230403800475
0.5843230403800475
0.5843230403800475
0.5643340857787811
0.5407725321888412
0.5407725321888412
0.5407725321888412
0.5407725321888412
0.5407725321888412
0.5407725321888412
0.5407725321888412
0.5407725321888412
0.5407725321888412
0.5507900677200903
0.5507900677200903
0.5507900677200903
0.5507900677200903
0.5507900677200903
0.5507900677200903
0.582392776523702
0.5700712589073634
0.5700712589073634
0.5700712589073634
0.5700712589073634
0.5700712589073634
0.5700712589073634
0.5700712589073634
0.5700712589073634
0.5700712589073634
0.5700712589073634
0.5700712589073634
0.5700712589073634
0.5643340857787811
0.5700712589073634
0.5700712589073634
0.5700712589073634
0.7695961995249406
0.7695961995249406
0.7695961995249406
0.7695961995249406
0.7695961995249406
0.7695961995249406
0.7695961995249406
0.7695961995249406
0.7695961995249406
0.7695961995249406
0.7695961995249406
0.7695961995249406
0.7695961995249406
0.7695961995249406
0.7695961995249406
0.7695961995249406
0.7695961995249406
0.7695961995249406
0.7695961995249406
0.7695961995249406
0.7695961995249406
0.7695961995249406
0.7695961995249406
0.7695961995249406
0.7695961995249406
0.7695961995249406
0.7695961995249406
0.7695961995249406
0.7695961995249406
0.7695961995249406
0.7695961995249406
0.7695961995249406
0.7695961995249406
0.7695961995249406
0.7695961995249406
0.7695961995249406
0.7695961995249406
0.7695961995249406
0.7695961995249406
0.7695961995249406
0.7695961995249406
0.7695961995249406
0.7695961995249406
0.7695961995249406
0.7358916478555305
0.7358916478555305
0.7358916478555305
0.7358916478555305
0.7358916478555305
0.7358916478555305
0.7358916478555305
0.7358916478555305
0.7358916478555305
0.7358916478555305
0.7358916478555305
0.7358916478555305
0.7358916478555305
0.7358916478555305
0.7358916478555305
0.7358916478555305
0.7358916478555305
0.6266094420600858
0.6266094420600858
0.6266094420600858
0.563265306122449
0.6
0.6
0.6609442060085837
0.6609442060085837
0.6609442060085837
0.6609442060085837
0.7358916478555305
0.7358916478555305
0.7358916478555305
0.7358916478555305
0.7358916478555305
0.7358916478555305
0.7358916478555305
0.7358916478555305
0.7358916478555305
0.7358916478555305
0.7358916478555305
0.7358916478555305
0.7358916478555305
0.7553444180522565
0.7553444180522565
0.7553444180522565
0.7553444180522565
0.7553444180522565
0.6862302483069977
0.6862302483069977
0.6862302483069977
0.6862302483069977
0.6862302483069977
0.6862302483069977
0.6695278969957081
0.6695278969957081
0.6695278969957081
0.6695278969957081
0.6695278969957081
0.7695961995249406
0.7695961995249406
0.7695961995249406
0.7695961995249406
0.7695961995249406
0.7695961995249406
0.7695961995249406
0.7695961995249406
0.7695961995249406
0.7695961995249406
0.7553444180522565
0.7553444180522565
0.7553444180522565
0.7553444180522565
0.7553444180522565
0.7553444180522565
0.7553444180522565
0.7553444180522565
0.7553444180522565
0.7553444180522565
0.7553444180522565
0.7553444180522565
0.7553444180522565
0.7553444180522565
0.7553444180522565
0.7553444180522565
0.7553444180522565
0.7553444180522565
0.7553444180522565
0.7553444180522565
0.7553444180522565
0.7553444180522565
0.7553444180522565
0.7553444180522565
0.7553444180522565
0.7553444180522565
0.7553444180522565
0.7553444180522565
0.7553444180522565
0.7553444180522565
0.7553444180522565
0.7553444180522565
0.7553444180522565
0.7553444180522565
0.7553444180522565
0.7553444180522565
0.7553444180522565
0.7553444180522565
0.7553444180522565
0.7553444180522565
0.7553444180522565
0.7553444180522565
0.7553444180522565
0.7553444180522565
0.7553444180522565
0.7553444180522565
0.7553444180522565
0.7553444180522565
0.7553444180522565
0.7553444180522565
0.7553444180522565
0.7553444180522565
0.7553444180522565
0.7553444180522565
0.7553444180522565
0.7553444180522565
0.7553444180522565
0.7553444180522565
0.7553444180522565
0.7553444180522565
0.7553444180522565
0.7553444180522565
0.7553444180522565
0.7553444180522565
0.7553444180522565
0.7553444180522565
0.7553444180522565
0.7553444180522565
0.7178329571106095
0.7178329571106095
0.7178329571106095
0.7178329571106095
0.7178329571106095
0.7178329571106095
0.7178329571106095
0.7178329571106095
0.7178329571106095
0.7178329571106095
0.7178329571106095
0.7178329571106095
0.7178329571106095
0.7178329571106095
0.7178329571106095
0.7178329571106095
0.7178329571106095
0.7178329571106095
0.7178329571106095
0.7178329571106095
0.7178329571106095
0.7178329571106095
0.7695961995249406
0.7695961995249406
0.7358916478555305
0.7358916478555305
0.7358916478555305
0.7358916478555305
0.7358916478555305
0.7358916478555305
0.7358916478555305
0.7358916478555305
0.7358916478555305
0.7358916478555305
0.7358916478555305
0.7358916478555305
0.7358916478555305
0.7358916478555305
0.7358916478555305
0.7358916478555305
0.7695961995249406
0.7695961995249406
0.7695961995249406
0.7695961995249406
0.7695961995249406
0.7695961995249406
0.7695961995249406
0.7695961995249406
0.7695961995249406
0.7695961995249406
0.7695961995249406
0.7695961995249406
0.7695961995249406
0.7695961995249406
0.7695961995249406
0.7695961995249406
0.7695961995249406
0.7695961995249406
0.7695961995249406
0.7695961995249406
0.7695961995249406
0.7695961995249406
0.7695961995249406
0.7695961995249406
0.7695961995249406
0.7695961995249406
0.7695961995249406
0.7695961995249406
0.7695961995249406
0.7695961995249406
0.7695961995249406
0.7695961995249406
0.7695961995249406
0.7695961995249406
0.7695961995249406
0.7695961995249406
0.7695961995249406
0.7695961995249406
0.7695961995249406
0.7695961995249406
0.7695961995249406
0.7695961995249406
0.7695961995249406
0.7695961995249406
0.7695961995249406
0.7695961995249406
0.7695961995249406
0.7695961995249406
0.7695961995249406
0.7695961995249406
0.7695961995249406
0.7695961995249406
0.7695961995249406
0.7695961995249406
0.7695961995249406
0.7695961995249406
0.7695961995249406
0.7695961995249406
0.7695961995249406
0.7695961995249406
0.7695961995249406
0.7695961995249406
0.7695961995249406
0.7695961995249406
0.7695961995249406
0.7695961995249406
0.7695961995249406
0.7695961995249406
0.7695961995249406
0.7695961995249406
0.7695961995249406
0.7695961995249406
0.7695961995249406
0.7695961995249406
0.7695961995249406
0.7695961995249406
0.7695961995249406
0.7695961995249406
0.7695961995249406
0.7695961995249406
0.7695961995249406
0.7695961995249406
0.7695961995249406
0.7695961995249406
0.7695961995249406
0.7695961995249406
0.7695961995249406
0.7695961995249406
0.7695961995249406
0.7695961995249406
0.7695961995249406
0.7695961995249406
0.7695961995249406
0.7695961995249406
0.7695961995249406
0.7695961995249406
0.7695961995249406
0.7695961995249406
0.7695961995249406
0.7695961995249406
0.7695961995249406
0.7695961995249406
0.7695961995249406
0.7695961995249406
0.7695961995249406
0.7695961995249406
0.7695961995249406
0.7695961995249406
0.7695961995249406
0.7695961995249406
0.7695961995249406
0.7695961995249406
0.7223476297968398
0.7223476297968398
0.7223476297968398
0.7223476297968398
0.7223476297968398
0.7223476297968398
0.7223476297968398
0.6745843230403801
0.6745843230403801
0.6745843230403801
0.6745843230403801
0.6745843230403801
0.6745843230403801
0.6745843230403801
0.6745843230403801
0.6745843230403801
0.6745843230403801
0.6745843230403801
0.6745843230403801
0.6745843230403801
0.6745843230403801
0.6745843230403801
0.6745843230403801
0.6745843230403801
0.6745843230403801
0.6745843230403801
0.6745843230403801
0.6745843230403801
0.6745843230403801
0.6745843230403801
0.6745843230403801
0.636568848758465
0.6094420600858369
0.6094420600858369
0.6094420600858369
0.6094420600858369
0.636568848758465
0.636568848758465
0.636568848758465
0.636568848758465
0.636568848758465
0.636568848758465
0.636568848758465
0.665083135391924
0.665083135391924
0.665083135391924
0.665083135391924
0.6410835214446953
0.6410835214446953
0.6410835214446953
0.6410835214446953
0.6410835214446953
0.6410835214446953
0.6223175965665236
0.6410835214446953
0.6410835214446953
0.6410835214446953
0.6410835214446953
0.636568848758465
0.636568848758465
0.636568848758465
0.636568848758465
0.636568848758465
0.636568848758465
0.636568848758465
0.636568848758465
0.6508313539192399
0.6508313539192399
0.6508313539192399
0.57
0.7695961995249406
0.7695961995249406
0.7695961995249406
0.7695961995249406
0.7695961995249406
0.7695961995249406
0.7695961995249406
0.7695961995249406
0.7695961995249406
0.7695961995249406
0.7695961995249406
0.7695961995249406
0.7695961995249406
0.7695961995249406
0.7695961995249406
0.7695961995249406
0.7695961995249406
0.7695961995249406
0.7695961995249406
0.7695961995249406
0.7695961995249406
0.7695961995249406
0.7695961995249406
0.7695961995249406
0.7695961995249406
0.7695961995249406
0.7695961995249406
0.7695961995249406
0.7695961995249406
0.7695961995249406
0.7695961995249406
0.7695961995249406
0.7695961995249406
0.7695961995249406
0.7695961995249406
0.7695961995249406
0.7695961995249406
0.7695961995249406
0.7695961995249406
0.7695961995249406
0.7695961995249406
0.7695961995249406
0.7695961995249406
0.7695961995249406
0.7695961995249406
0.7695961995249406
0.7695961995249406
0.7695961995249406
0.7695961995249406
0.7695961995249406
0.7695961995249406
0.7695961995249406
0.7695961995249406
0.7695961995249406
0.7695961995249406
0.7695961995249406
0.7695961995249406
0.7695961995249406
0.7695961995249406
0.7695961995249406
0.7695961995249406
0.7695961995249406
0.7695961995249406
0.7695961995249406
0.7695961995249406
0.7363420427553444
0.7363420427553444
0.7363420427553444
0.7363420427553444
0.7363420427553444
0.7363420427553444
0.7363420427553444
0.7363420427553444
0.7363420427553444
0.7363420427553444
0.7363420427553444
0.7363420427553444
0.7363420427553444
0.7363420427553444
0.7363420427553444
0.7363420427553444
0.7363420427553444
0.7363420427553444
0.7363420427553444
0.7363420427553444
0.7363420427553444
0.7363420427553444
0.7363420427553444
0.7363420427553444
0.7363420427553444
0.7363420427553444
0.7363420427553444
0.7363420427553444
0.7363420427553444
0.7363420427553444
0.7363420427553444
0.6501128668171557
0.6501128668171557
0.6501128668171557
0.6501128668171557
0.7695961995249406
0.7695961995249406
0.7695961995249406
0.7695961995249406
0.7695961995249406
0.7695961995249406
0.7695961995249406
0.7695961995249406
0.7695961995249406
0.7695961995249406
0.7695961995249406
0.7695961995249406
0.7695961995249406
0.7695961995249406
0.7695961995249406
0.7695961995249406
0.7695961995249406
0.7695961995249406
0.7695961995249406
0.7695961995249406
0.7695961995249406
0.7695961995249406
0.7695961995249406
0.7695961995249406
0.7695961995249406
0.7695961995249406
0.7695961995249406
0.7695961995249406
0.7695961995249406
0.7695961995249406
0.7695961995249406
0.7695961995249406
0.7695961995249406
0.7695961995249406
0.6862302483069977
0.6862302483069977
0.6862302483069977
0.6862302483069977
0.6862302483069977
0.6862302483069977
0.6817155756207675
0.6817155756207675
0.6817155756207675
0.6817155756207675
0.6817155756207675
0.6817155756207675
0.6817155756207675
0.6817155756207675
0.6817155756207675
0.6817155756207675
0.6817155756207675
0.6817155756207675
0.6817155756207675
0.6817155756207675
0.6817155756207675
0.7363420427553444
0.7363420427553444
0.7363420427553444
0.7363420427553444
0.7363420427553444
0.7363420427553444
0.7363420427553444
0.7363420427553444
0.7363420427553444
0.7363420427553444
0.7363420427553444
0.7363420427553444
0.7363420427553444
0.7363420427553444
0.7363420427553444
0.7363420427553444
0.7363420427553444
0.7363420427553444
0.7363420427553444
0.7363420427553444
0.7363420427553444
0.6772009029345373
0.6772009029345373
0.6772009029345373
0.6555819477434679
0.6555819477434679
0.6555819477434679
0.6555819477434679
0.6413301662707839
0.6413301662707839
0.6413301662707839
0.6413301662707839
0.6413301662707839
0.6413301662707839
0.6413301662707839
0.6413301662707839
0.6413301662707839
0.57
0.57
0.57
0.57
0.57
0.57
0.57
0.5421052631578948
0.7695961995249406
0.7695961995249406
0.7695961995249406
0.7695961995249406
0.7695961995249406
0.7695961995249406
0.7695961995249406
0.7695961995249406
0.7695961995249406
0.7695961995249406
0.7695961995249406
0.7695961995249406
0.7695961995249406
0.7695961995249406
0.7030878859857482
0.7030878859857482
0.7030878859857482
0.7030878859857482
0.7030878859857482
0.7030878859857482
0.7030878859857482
0.7030878859857482
0.7030878859857482
0.7030878859857482
0.7030878859857482
0.7030878859857482
0.7030878859857482
0.7030878859857482
0.7030878859857482
0.7030878859857482
0.7030878859857482
0.7030878859857482
0.7030878859857482
0.7030878859857482
0.7030878859857482
0.7030878859857482
0.7030878859857482
0.7030878859857482
0.7030878859857482
0.7030878859857482
0.7030878859857482
0.7030878859857482
0.7030878859857482
0.7030878859857482
0.7030878859857482
0.7030878859857482
0.7030878859857482
0.7030878859857482
0.7030878859857482
0.7030878859857482
0.7030878859857482
0.7030878859857482
0.7030878859857482
0.7030878859857482
0.7030878859857482
0.7030878859857482
0.7030878859857482
0.7030878859857482
0.7030878859857482
0.7030878859857482
0.7030878859857482
0.7030878859857482
0.7030878859857482
0.7030878859857482
0.7030878859857482
0.7030878859857482
0.7030878859857482
0.7030878859857482
0.7030878859857482
0.7030878859857482
0.7030878859857482
0.7030878859857482
0.7030878859857482
0.7030878859857482
0.7030878859857482
0.7030878859857482
0.7030878859857482
0.7030878859857482
0.7030878859857482
0.7030878859857482
0.7030878859857482
0.7030878859857482
0.7030878859857482
0.7030878859857482
0.7030878859857482
0.7030878859857482
0.6935866983372921
0.6935866983372921
0.67
0.67
0.67
0.67
0.67
0.67
0.5947368421052631
0.5947368421052631
0.5947368421052631
0.5947368421052631
0.5947368421052631
0.5947368421052631
0.7695961995249406
0.7695961995249406
0.7695961995249406
0.7695961995249406
0.7695961995249406
0.7695961995249406
0.7695961995249406
0.7695961995249406
0.7695961995249406
0.7695961995249406
0.7695961995249406
0.7695961995249406
0.7695961995249406
0.7695961995249406
0.7695961995249406
0.7695961995249406
0.7695961995249406
0.7695961995249406
0.7695961995249406
0.7695961995249406
0.7695961995249406
0.7695961995249406
0.7695961995249406
0.7695961995249406
0.7695961995249406
0.7695961995249406
0.7695961995249406
0.7695961995249406
0.7695961995249406
0.7695961995249406
0.7695961995249406
0.7695961995249406
0.7695961995249406
0.7695961995249406
0.7695961995249406
0.7695961995249406
0.7695961995249406
0.7695961995249406
0.7695961995249406
0.7695961995249406
0.7695961995249406
0.7695961995249406
0.7695961995249406
0.7695961995249406
0.7695961995249406
0.7695961995249406
0.7695961995249406
0.7695961995249406
0.7695961995249406
0.7695961995249406
0.7695961995249406
0.7695961995249406
0.7695961995249406
0.7695961995249406
0.6997742663656885
0.6997742663656885
0.7695961995249406
0.7695961995249406
0.7695961995249406
0.7695961995249406
0.7695961995249406
0.7695961995249406
0.7695961995249406
0.7695961995249406
0.7695961995249406
0.7695961995249406
0.7695961995249406
0.7695961995249406
0.7695961995249406
0.7695961995249406
0.7695961995249406
0.7695961995249406
0.7695961995249406
0.7695961995249406
0.7695961995249406
0.7695961995249406
0.7695961995249406
0.7695961995249406
0.7695961995249406
0.7695961995249406
0.7695961995249406
0.7695961995249406
0.7695961995249406
0.7695961995249406
0.7695961995249406
0.7695961995249406
0.7695961995249406
0.7695961995249406
0.7695961995249406
0.7695961995249406
0.7695961995249406
0.7695961995249406
0.7133182844243793
0.7133182844243793
0.7133182844243793
0.7133182844243793
0.7133182844243793
0.7133182844243793
0.7133182844243793
0.7133182844243793
0.7695961995249406
0.7695961995249406
0.7695961995249406
0.7695961995249406
0.7695961995249406
0.7695961995249406
0.7695961995249406
0.7695961995249406
0.7695961995249406
0.7695961995249406
0.7695961995249406
0.7695961995249406
0.7695961995249406
0.7695961995249406
0.7695961995249406
0.7695961995249406
0.7695961995249406
0.7695961995249406
0.7695961995249406
0.7695961995249406
0.7695961995249406
0.7695961995249406
0.7695961995249406
0.7695961995249406
0.7695961995249406
0.7695961995249406
0.7695961995249406
0.7695961995249406
0.7695961995249406
0.7695961995249406
0.7695961995249406
0.7695961995249406
0.7695961995249406
0.7695961995249406
0.7695961995249406
0.7695961995249406
0.7695961995249406
0.7695961995249406
0.7695961995249406
0.7695961995249406
0.7553444180522565
0.7553444180522565
0.7553444180522565
0.7553444180522565
0.7313769751693002
0.7313769751693002
0.7313769751693002
0.7313769751693002
0.7313769751693002
0.7313769751693002
0.7313769751693002
0.7313769751693002
0.7313769751693002
0.7313769751693002
0.7313769751693002
0.7313769751693002
0.7313769751693002
0.7313769751693002
0.7313769751693002
0.7313769751693002
0.7313769751693002
0.7313769751693002
0.7313769751693002
0.7313769751693002
0.7313769751693002
0.7313769751693002
0.7313769751693002
0.7313769751693002
0.7313769751693002
0.7313769751693002
0.7313769751693002
0.7313769751693002
0.7313769751693002
0.7313769751693002
0.7313769751693002
0.7313769751693002
0.7313769751693002
0.7313769751693002
0.7313769751693002
0.7313769751693002
0.7313769751693002
0.7313769751693002
0.7313769751693002
0.7313769751693002
0.7313769751693002
0.7313769751693002
0.7313769751693002
0.7313769751693002
0.7313769751693002
0.7553444180522565
0.7553444180522565
0.7553444180522565
0.7553444180522565
0.7553444180522565
0.7458432304038005
0.7458432304038005
0.7458432304038005
0.7458432304038005
0.7458432304038005
0.7458432304038005
0.7695961995249406
0.7695961995249406
0.7695961995249406
0.7695961995249406
0.7695961995249406
0.7695961995249406
0.7695961995249406
0.7695961995249406
0.7695961995249406
0.7695961995249406
0.7695961995249406
0.7695961995249406
0.7695961995249406
0.7695961995249406
0.7695961995249406
0.7695961995249406
0.7695961995249406
0.7695961995249406
0.7695961995249406
0.7695961995249406
0.7695961995249406
0.7695961995249406
0.7695961995249406
0.7695961995249406
0.7695961995249406
0.7695961995249406
0.7695961995249406
0.7695961995249406
0.7695961995249406
0.7695961995249406
0.7695961995249406
0.7695961995249406
0.7695961995249406
0.7695961995249406
0.7695961995249406
0.7695961995249406
0.7695961995249406
0.7695961995249406
0.7695961995249406
0.7695961995249406
0.7695961995249406
0.7695961995249406
0.7695961995249406
0.7695961995249406
0.7695961995249406
0.7695961995249406
0.7695961995249406
0.7695961995249406
0.7695961995249406
0.7695961995249406
0.708803611738149
0.708803611738149
0.6952595936794582
0.6952595936794582
0.6952595936794582
0.6952595936794582
0.6952595936794582
0.6952595936794582
0.6410835214446953
0.6410835214446953
0.684085510688836
0.684085510688836
0.684085510688836
0.684085510688836
0.684085510688836
0.684085510688836
0.684085510688836
0.684085510688836
0.684085510688836
0.684085510688836
0.684085510688836
0.684085510688836
0.684085510688836
0.6888361045130641
0.6888361045130641
0.6888361045130641
0.6888361045130641
0.6888361045130641
0.6888361045130641
0.6888361045130641
0.6888361045130641
0.6888361045130641
0.6888361045130641
0.6888361045130641
0.6888361045130641
0.6888361045130641
0.6888361045130641
0.6888361045130641
0.6888361045130641
0.6888361045130641
0.6888361045130641
0.6888361045130641
0.6888361045130641
0.6888361045130641
0.6888361045130641
0.6888361045130641
0.6888361045130641
0.6888361045130641
0.6888361045130641
0.6888361045130641
0.7695961995249406
0.7695961995249406
0.7695961995249406
0.7695961995249406
0.7695961995249406
0.7695961995249406
0.7695961995249406
0.7695961995249406
0.7695961995249406
0.7695961995249406
0.7695961995249406
0.7695961995249406
0.7695961995249406
0.7695961995249406
0.7695961995249406
0.7695961995249406
0.7695961995249406
0.7695961995249406
0.7695961995249406
0.7695961995249406
0.7695961995249406
0.7695961995249406
0.7695961995249406
0.7
0.7
0.7
0.7
0.7
0.7
0.7
0.7
0.7
0.7
0.7
0.684085510688836
0.684085510688836
0.684085510688836
0.684085510688836
0.7
0.7
0.7
0.7
0.7
0.7
0.7
0.7
0.7
0.7
0.7
0.7
0.7
0.7
0.7
0.6745843230403801
0.6681715575620768
0.6681715575620768
0.6681715575620768
0.6681715575620768
0.6681715575620768
0.6681715575620768
0.6681715575620768
0.6681715575620768
0.6681715575620768
0.6681715575620768
0.6681715575620768
0.6681715575620768
0.6681715575620768
0.690744920993228
0.690744920993228
0.690744920993228
0.690744920993228
0.690744920993228
0.690744920993228
0.690744920993228
0.690744920993228
0.690744920993228
0.690744920993228
0.690744920993228
0.690744920993228
0.690744920993228
0.690744920993228
0.690744920993228
0.690744920993228
0.690744920993228
0.6681715575620768
0.6681715575620768
0.6681715575620768
0.6681715575620768
0.6681715575620768
0.6681715575620768
0.6681715575620768
0.6681715575620768
0.6681715575620768
0.6681715575620768
0.6681715575620768
0.6681715575620768
0.6681715575620768
0.6681715575620768
0.6681715575620768
0.6681715575620768
0.7695961995249406
0.7695961995249406
0.7695961995249406
0.7695961995249406
0.7695961995249406
0.7695961995249406
0.7695961995249406
0.7695961995249406
0.7695961995249406
0.7695961995249406
0.7695961995249406
0.7695961995249406
0.7695961995249406
0.7695961995249406
0.7695961995249406
0.7695961995249406
0.7695961995249406
0.7695961995249406
0.7695961995249406
0.7358916478555305
0.7358916478555305
0.7358916478555305
0.7358916478555305
0.7358916478555305
0.7358916478555305
0.7358916478555305
0.7358916478555305
0.7358916478555305
0.7358916478555305
0.7358916478555305
0.7553444180522565
0.7553444180522565
0.6772009029345373
0.6772009029345373
0.6772009029345373
0.6772009029345373
0.6772009029345373
0.6772009029345373
0.6772009029345373
0.6772009029345373
0.6772009029345373
0.6437768240343348
0.6437768240343348
0.6772009029345373
0.6772009029345373
0.6772009029345373
0.630901287553648
0.630901287553648
0.6051502145922747
0.6051502145922747
0.6051502145922747
0.6051502145922747
0.6051502145922747
0.6051502145922747
0.6051502145922747
0.6051502145922747
0.6051502145922747
0.6051502145922747
0.6051502145922747
0.6051502145922747
0.6051502145922747
0.6051502145922747
0.5795918367346938
0.6051502145922747
0.6051502145922747
0.6051502145922747
0.6051502145922747
0.6051502145922747
0.6051502145922747
0.6051502145922747
0.6051502145922747
0.6051502145922747
0.6051502145922747
0.6051502145922747
0.6051502145922747
0.6051502145922747
0.6051502145922747
0.6051502145922747
0.6051502145922747
0.6051502145922747
0.5688487584650113
0.5688487584650113
0.6230248306997742
0.6223175965665236
0.6223175965665236
0.6223175965665236
0.6223175965665236
0.6223175965665236
0.6223175965665236
0.563265306122449
0.563265306122449
0.563265306122449
0.5150214592274678
0.5150214592274678
0.54627539503386
0.54627539503386
0.5327313769751693
0.5327313769751693
0.5327313769751693
0.5327313769751693
0.7695961995249406
0.7695961995249406
0.7695961995249406
0.7695961995249406
0.7695961995249406
0.7695961995249406
0.7695961995249406
0.7695961995249406
0.7695961995249406
0.7695961995249406
0.7695961995249406
0.7695961995249406
0.7695961995249406
0.7695961995249406
0.7695961995249406
0.7695961995249406
0.7695961995249406
0.7695961995249406
0.7695961995249406
0.7695961995249406
0.7695961995249406
0.7695961995249406
0.7695961995249406
0.7695961995249406
0.7695961995249406
0.7268623024830699
0.7268623024830699
0.7268623024830699
0.7268623024830699
0.7268623024830699
0.7268623024830699
0.7268623024830699
0.7268623024830699
0.7268623024830699
0.7268623024830699
0.7268623024830699
0.7268623024830699
0.7268623024830699
0.7268623024830699
0.7268623024830699
0.7268623024830699
0.7268623024830699
0.7268623024830699
0.7268623024830699
0.7268623024830699
0.7268623024830699
0.7268623024830699
0.7178329571106095
0.7178329571106095
0.7178329571106095
0.7178329571106095
0.7178329571106095
0.7178329571106095
0.7178329571106095
0.7178329571106095
0.7178329571106095
0.7178329571106095
0.7178329571106095
0.7178329571106095
0.7178329571106095
0.7178329571106095
0.7178329571106095
0.7178329571106095
0.7178329571106095
0.7178329571106095
0.7178329571106095
0.672686230248307
0.672686230248307
0.672686230248307
0.672686230248307
0.672686230248307
0.672686230248307
0.672686230248307
0.672686230248307
0.672686230248307
0.672686230248307
0.672686230248307
0.672686230248307
0.672686230248307
0.672686230248307
0.672686230248307
0.672686230248307
0.672686230248307
0.672686230248307
0.672686230248307
0.672686230248307
0.672686230248307
0.672686230248307
0.672686230248307
0.672686230248307
0.672686230248307
0.672686230248307
0.672686230248307
0.672686230248307
0.672686230248307
0.672686230248307
0.672686230248307
0.672686230248307
0.7078384798099763
0.7078384798099763
0.7695961995249406
0.7695961995249406
0.7695961995249406
0.7695961995249406
0.7695961995249406
0.7695961995249406
0.7695961995249406
0.7695961995249406
0.7078384798099763
0.7078384798099763
0.7078384798099763
0.7078384798099763
0.7078384798099763
0.7078384798099763
0.7078384798099763
0.7078384798099763
0.7078384798099763
0.7078384798099763
0.7078384798099763
0.7078384798099763
0.7078384798099763
0.7078384798099763
0.7078384798099763
0.7078384798099763
0.7078384798099763
0.7078384798099763
0.6817155756207675
0.6817155756207675
0.6817155756207675
0.6817155756207675
0.6817155756207675
0.6817155756207675
0.6817155756207675
0.6817155756207675
0.6817155756207675
0.6817155756207675
0.6817155756207675
0.6817155756207675
0.6817155756207675
0.6817155756207675
0.6817155756207675
0.6817155756207675
0.6817155756207675
0.6817155756207675
0.6817155756207675
0.6413301662707839
0.655
0.655
0.655
0.655
0.655
0.655
0.65
0.65
0.635
0.635
0.635
0.635
0.635
0.6175771971496437
0.6175771971496437
0.6128266033254157
0.6128266033254157
0.6128266033254157
0.6128266033254157
0.6128266033254157
0.6128266033254157
0.6128266033254157
0.6128266033254157
0.585
0.5843230403800475
0.5843230403800475
0.5843230403800475
0.5843230403800475
0.5327313769751693
0.5327313769751693
0.5327313769751693
0.5327313769751693
0.5463182897862233
0.5463182897862233
0.5463182897862233
0.5463182897862233
0.5463182897862233
0.5327313769751693
0.5327313769751693
0.5327313769751693
0.5327313769751693
0.5327313769751693
0.5463182897862233
0.5463182897862233
0.5463182897862233
0.5130641330166271
0.510158013544018
0.510158013544018
0.510158013544018
0.5130641330166271
0.545
0.5450643776824035
0.5265306122448979
0.5265306122448979
0.7695961995249406
0.7695961995249406
0.7695961995249406
0.7695961995249406
0.7695961995249406
0.7695961995249406
0.7223476297968398
0.7223476297968398
0.7223476297968398
0.7223476297968398
0.7223476297968398
0.7223476297968398
0.7223476297968398
0.7223476297968398
0.7223476297968398
0.7223476297968398
0.7223476297968398
0.7223476297968398
0.7223476297968398
0.7223476297968398
0.7223476297968398
0.7223476297968398
0.6952789699570815
0.6952789699570815
0.6952789699570815
0.6952789699570815
0.6952789699570815
0.6952789699570815
0.6952789699570815
0.6952789699570815
0.6952789699570815
0.6995708154506438
0.6995708154506438
0.6995708154506438
0.6995708154506438
0.6995708154506438
0.6995708154506438
0.6995708154506438
0.6995708154506438
0.6995708154506438
0.6995708154506438
0.6995708154506438
0.6995708154506438
0.7223476297968398
0.7223476297968398
0.7223476297968398
0.7223476297968398
0.7223476297968398
0.7223476297968398
0.7223476297968398
0.7223476297968398
0.7223476297968398
0.7223476297968398
0.7223476297968398
0.7223476297968398
0.7223476297968398
0.7223476297968398
0.7223476297968398
0.7223476297968398
0.7223476297968398
0.7223476297968398
0.7223476297968398
0.7223476297968398
0.7223476297968398
0.7223476297968398
0.7223476297968398
0.7223476297968398
0.7223476297968398
0.7223476297968398
0.7223476297968398
0.7223476297968398
0.7223476297968398
0.7223476297968398
0.7223476297968398
0.7223476297968398
0.7223476297968398
0.7223476297968398
0.7223476297968398
0.7223476297968398
0.7223476297968398
0.7223476297968398
0.7223476297968398
0.7223476297968398
0.7223476297968398
0.7223476297968398
0.7223476297968398
0.7223476297968398
0.7223476297968398
0.7223476297968398
0.7223476297968398
0.7223476297968398
0.7223476297968398
0.7223476297968398
0.7223476297968398
0.7223476297968398
0.7223476297968398
0.7223476297968398
0.7223476297968398
0.7223476297968398
0.7223476297968398
0.7695961995249406
0.7695961995249406
0.7695961995249406
0.7695961995249406
0.7695961995249406
0.7695961995249406
0.7695961995249406
0.7695961995249406
0.7695961995249406
0.7695961995249406
0.7695961995249406
0.7695961995249406
0.7695961995249406
0.7695961995249406
0.7695961995249406
0.7695961995249406
0.7695961995249406
0.7695961995249406
0.7695961995249406
0.7695961995249406
0.7695961995249406
0.7695961995249406
0.7695961995249406
0.7695961995249406
0.7695961995249406
0.7695961995249406
0.7695961995249406
0.7695961995249406
0.7695961995249406
0.7695961995249406
0.7695961995249406
0.7695961995249406
0.7695961995249406
0.7695961995249406
0.7695961995249406
0.7695961995249406
0.7695961995249406
0.7695961995249406
0.7695961995249406
0.7695961995249406
0.7695961995249406
0.7695961995249406
0.7695961995249406
0.7695961995249406
0.7695961995249406
0.7695961995249406
0.7695961995249406
0.7695961995249406
0.7695961995249406
0.7695961995249406
0.7695961995249406
0.7695961995249406
0.7695961995249406
0.7695961995249406
0.7695961995249406
0.7695961995249406
0.7695961995249406
0.7695961995249406
0.7695961995249406
0.7695961995249406
0.7695961995249406
0.7695961995249406
0.7695961995249406
0.7695961995249406
0.7695961995249406
0.7695961995249406
0.7695961995249406
0.7695961995249406
0.7695961995249406
0.7695961995249406
0.7695961995249406
0.7695961995249406
0.7695961995249406
0.7695961995249406
0.7695961995249406
0.7695961995249406
0.7695961995249406
0.7695961995249406
0.7358916478555305
0.7358916478555305
0.7358916478555305
0.7358916478555305
0.7358916478555305
0.7358916478555305
0.7358916478555305
0.7358916478555305
0.7358916478555305
0.7358916478555305
0.7358916478555305
0.7358916478555305
0.7358916478555305
0.7358916478555305
0.7358916478555305
0.7358916478555305
0.7358916478555305
0.7358916478555305
0.7358916478555305
0.7358916478555305
0.7358916478555305
0.7358916478555305
0.7695961995249406
0.7695961995249406
0.7695961995249406
0.7695961995249406
0.7695961995249406
0.7695961995249406
0.7695961995249406
0.7695961995249406
0.7695961995249406
0.7695961995249406
0.7695961995249406
0.7695961995249406
0.7695961995249406
0.7695961995249406
0.7695961995249406
0.7695961995249406
0.7695961995249406
0.7458432304038005
0.7458432304038005
0.7458432304038005
0.7458432304038005
0.7458432304038005
0.7458432304038005
0.7458432304038005
0.7458432304038005
0.7458432304038005
0.7458432304038005
0.7458432304038005
0.7
0.7
0.7
0.7
0.7
0.7
0.7
0.7
0.7
0.7
0.7
0.7
0.7
0.7
0.7
0.7
0.7
0.7
0.7
0.7
0.7
0.6603325415676959
0.6603325415676959
0.6603325415676959
0.6603325415676959
0.6603325415676959
0.6603325415676959
0.6603325415676959
0.6603325415676959
0.6603325415676959
0.6455981941309256
0.6455981941309256
0.6455981941309256
0.6455981941309256
0.6455981941309256
0.6455981941309256
0.6455981941309256
0.6455981941309256
0.6455981941309256
0.6455981941309256
0.6455981941309256
0.6455981941309256
0.6455981941309256
0.6455981941309256
0.6455981941309256
0.6455981941309256
0.6455981941309256
0.6455981941309256
0.6455981941309256
0.6455981941309256
0.6455981941309256
0.6455981941309256
0.6455981941309256
0.6455981941309256
0.6455981941309256
0.6455981941309256
0.6455981941309256
0.6455981941309256
0.6139954853273137
0.6139954853273137
0.6139954853273137
0.6139954853273137
0.665083135391924
0.665083135391924
0.665083135391924
0.665083135391924
0.665083135391924
0.665083135391924
0.68
0.68
0.68
0.68
0.7695961995249406
0.7695961995249406
0.7695961995249406
0.7695961995249406
0.7695961995249406
0.7695961995249406
0.7695961995249406
0.7695961995249406
0.7695961995249406
0.7695961995249406
0.7695961995249406
0.7695961995249406
0.7695961995249406
0.6952595936794582
0.6952595936794582
0.6952595936794582
0.6952595936794582
0.6952595936794582
0.6952595936794582
0.6952595936794582
0.6952595936794582
0.6952595936794582
0.6952595936794582
0.6952595936794582
0.6952595936794582
0.6952595936794582
0.6952595936794582
0.6952595936794582
0.6952595936794582
0.6952595936794582
0.6952595936794582
0.6603325415676959
0.68
0.68
0.68
0.68
0.68
0.68
0.68
0.68
0.68
0.68
0.68
0.68
0.68
0.68
0.68
0.68
0.68
0.665
0.665
0.665
0.665
0.665
0.665
0.665
0.665
0.665
0.665
0.665
0.665
0.665
0.665
0.665
0.665
0.665
0.665
0.665
0.665
0.665
0.665
0.665
0.665
0.665
0.665
0.665
0.665
0.6508313539192399
0.6508313539192399
0.6508313539192399
0.6508313539192399
0.6508313539192399
0.6508313539192399
0.6508313539192399
0.6508313539192399
0.6508313539192399
0.6508313539192399
0.6508313539192399
0.6508313539192399
0.6508313539192399
0.6049661399548533
0.6049661399548533
0.6049661399548533
0.6049661399548533
0.6049661399548533
0.6049661399548533
0.6049661399548533
0.6049661399548533
0.6049661399548533
0.6049661399548533
0.7695961995249406
0.7695961995249406
0.7695961995249406
0.7695961995249406
0.7695961995249406
0.7695961995249406
0.7695961995249406
0.7695961995249406
0.7695961995249406
0.7695961995249406
0.7695961995249406
0.7695961995249406
0.7695961995249406
0.7695961995249406
0.7695961995249406
0.7695961995249406
0.7695961995249406
0.7695961995249406
0.7695961995249406
0.7695961995249406
0.7695961995249406
0.7695961995249406
0.7695961995249406
0.7695961995249406
0.7695961995249406
0.7695961995249406
0.7695961995249406
0.7695961995249406
0.7695961995249406
0.7695961995249406
0.7695961995249406
0.7695961995249406
0.7695961995249406
0.7695961995249406
0.7695961995249406
0.7695961995249406
0.7695961995249406
0.7695961995249406
0.7695961995249406
0.7695961995249406
0.7695961995249406
0.7695961995249406
0.7695961995249406
0.7695961995249406
0.7695961995249406
0.7695961995249406
0.7695961995249406
0.7695961995249406
0.7695961995249406
0.7695961995249406
0.7695961995249406
0.7695961995249406
0.7695961995249406
0.7695961995249406
0.7695961995249406
0.7695961995249406
0.7695961995249406
0.7695961995249406
0.7695961995249406
0.7695961995249406
0.7695961995249406
0.7553444180522565
0.6862302483069977
0.7553444180522565
0.7695961995249406
0.7695961995249406
0.7695961995249406
0.7695961995249406
0.7695961995249406
0.7695961995249406
0.7695961995249406
0.7695961995249406
0.7695961995249406
0.7695961995249406
0.7695961995249406
0.7695961995249406
0.7695961995249406
0.7695961995249406
0.7695961995249406
0.7695961995249406
0.7695961995249406
0.7695961995249406
0.7695961995249406
0.7695961995249406
0.7695961995249406
0.7695961995249406
0.7695961995249406
0.7695961995249406
0.7695961995249406
0.7695961995249406
0.7695961995249406
0.7695961995249406
0.7695961995249406
0.7695961995249406
0.7695961995249406
0.7695961995249406
0.7695961995249406
0.7695961995249406
0.7695961995249406
0.7695961995249406
0.7695961995249406
0.7695961995249406
0.7695961995249406
0.7695961995249406
0.7695961995249406
0.7695961995249406
0.7695961995249406
0.7695961995249406
0.7695961995249406
0.7695961995249406
0.7695961995249406
0.7695961995249406
0.7695961995249406
0.7695961995249406
0.7695961995249406
0.7695961995249406
0.7695961995249406
0.7695961995249406
0.7695961995249406
0.7695961995249406
0.7695961995249406
0.7695961995249406
0.7695961995249406
0.7695961995249406
0.7695961995249406
0.7695961995249406
0.7695961995249406
0.7695961995249406
0.7695961995249406
0.7695961995249406
0.7695961995249406
0.7695961995249406
0.7695961995249406
0.7695961995249406
0.7695961995249406
0.7695961995249406
0.7695961995249406
0.7695961995249406
0.7695961995249406
0.7695961995249406
0.7695961995249406
0.7695961995249406
0.7695961995249406
0.7695961995249406
0.7695961995249406
0.7695961995249406
0.7695961995249406
0.7695961995249406
0.7695961995249406
0.7695961995249406
0.7695961995249406
0.7695961995249406
0.7695961995249406
0.7695961995249406
0.7695961995249406
0.7695961995249406
0.7695961995249406
0.7695961995249406
0.7695961995249406
0.7695961995249406
0.7695961995249406
0.7695961995249406
0.7695961995249406
0.7695961995249406
0.7695961995249406
0.7695961995249406
0.7695961995249406
0.7695961995249406
0.7695961995249406
0.7695961995249406
0.7695961995249406
0.7695961995249406
0.7695961995249406
0.7695961995249406
0.7695961995249406
0.7695961995249406
0.7695961995249406
0.7695961995249406
0.7695961995249406
0.7695961995249406
0.7695961995249406
0.7695961995249406
0.7404063205417607
0.7404063205417607
0.7404063205417607
0.7404063205417607
0.7404063205417607
0.7404063205417607
0.7404063205417607
0.7404063205417607
0.7404063205417607
0.7404063205417607
0.7313769751693002
0.7600950118764845
0.7600950118764845
0.7600950118764845
0.7600950118764845
0.7600950118764845
0.7600950118764845
0.7600950118764845
0.7695961995249406
0.7078384798099763
0.7078384798099763
0.67
0.67
0.67
0.67
0.67
0.67
0.67
0.67
0.66
0.655
0.655
0.655
0.655
0.655
0.655
0.655
0.655
0.6270783847980997
0.6270783847980997
0.6270783847980997
0.6270783847980997
0.6270783847980997
0.6270783847980997
0.6270783847980997
0.6270783847980997
0.6270783847980997
0.6270783847980997
0.6270783847980997
0.6270783847980997
0.6270783847980997
0.6365795724465558
0.6365795724465558
0.6365795724465558
0.6365795724465558
0.6365795724465558
0.6365795724465558
0.6365795724465558
0.5959367945823928
0.5793991416309013
0.5793991416309013
0.5793991416309013
0.5793991416309013
0.5346938775510204
0.5346938775510204
0.5359223300970873
0.5183673469387755
0.5183673469387755
0.5183673469387755
0.5183673469387755
0.5183673469387755
0.5551020408163265
0.5551020408163265
0.5087378640776699
0.5087378640776699
0.5183673469387755
0.5009708737864078
0.5183673469387755
0.5183673469387755
0.5183673469387755
0.5183673469387755
0.5183673469387755
0.5183673469387755
0.46122448979591835
0.46122448979591835
0.46122448979591835
0.46122448979591835
0.5107296137339056
0.4966139954853273
0.4966139954853273
0.4966139954853273
0.4966139954853273
0.4966139954853273
0.5021459227467812
0.5021459227467812
0.5020408163265306
0.5020408163265306
0.5020408163265306
0.4815533980582524
0.4815533980582524
0.4879852125693161
0.4879852125693161
0.4879852125693161
0.4879852125693161
0.4879852125693161
0.4953789279112754
0.4953789279112754
0.4953789279112754
0.4953789279112754
0.4953789279112754
0.4953789279112754
0.4953789279112754
0.4953789279112754
0.4953789279112754
0.4953789279112754
0.4953789279112754
0.4953789279112754
0.516504854368932
0.7695961995249406
0.7695961995249406
0.7695961995249406
0.7695961995249406
0.6817155756207675
0.6817155756207675
0.6817155756207675
0.6817155756207675
0.6817155756207675
0.6817155756207675
0.6817155756207675
0.6817155756207675
0.6817155756207675
0.6817155756207675
0.6817155756207675
0.6817155756207675
0.6817155756207675
0.6817155756207675
0.6817155756207675
0.6817155756207675
0.6817155756207675
0.6817155756207675
0.6817155756207675
0.6817155756207675
0.6817155756207675
0.6817155756207675
0.6817155756207675
0.6817155756207675
0.6817155756207675
0.6817155756207675
0.6817155756207675
0.6817155756207675
0.6817155756207675
0.6817155756207675
0.6817155756207675
0.6817155756207675
0.6817155756207675
0.6817155756207675
0.6817155756207675
0.6817155756207675
0.6817155756207675
0.6817155756207675
0.6817155756207675
0.6817155756207675
0.6817155756207675
0.6817155756207675
0.6862302483069977
0.6772009029345373
0.6772009029345373
0.6772009029345373
0.6772009029345373
0.6772009029345373
0.6772009029345373
0.6772009029345373
0.6772009029345373
0.6772009029345373
0.6772009029345373
0.6772009029345373
0.6772009029345373
0.6772009029345373
0.6772009029345373
0.6772009029345373
0.6772009029345373
0.6772009029345373
0.6772009029345373
0.6772009029345373
0.6772009029345373
0.6772009029345373
0.6772009029345373
0.6772009029345373
0.6772009029345373
0.6772009029345373
0.6772009029345373
0.6772009029345373
0.6772009029345373
0.6772009029345373
0.6772009029345373
0.6772009029345373
0.6772009029345373
0.6772009029345373
0.6772009029345373
0.6772009029345373
0.6772009029345373
0.6772009029345373
0.6772009029345373
0.6772009029345373
0.6772009029345373
0.6772009029345373
0.6772009029345373
0.6772009029345373
0.6772009029345373
0.6772009029345373
0.6772009029345373
0.672686230248307
0.672686230248307
0.672686230248307
0.672686230248307
0.672686230248307
0.672686230248307
0.672686230248307
0.7695961995249406
0.7695961995249406
0.7695961995249406
0.7695961995249406
0.7695961995249406
0.7695961995249406
0.7695961995249406
0.7695961995249406
0.7695961995249406
0.7695961995249406
0.7695961995249406
0.7695961995249406
0.7695961995249406
0.7695961995249406
0.7695961995249406
0.7695961995249406
0.7695961995249406
0.7695961995249406
0.7695961995249406
0.7695961995249406
0.7695961995249406
0.7695961995249406
0.7695961995249406
0.7695961995249406
0.7695961995249406
0.7695961995249406
0.7695961995249406
0.6636568848758465
0.6636568848758465
0.6636568848758465
0.6636568848758465
0.6636568848758465
0.6636568848758465
0.6636568848758465
0.6636568848758465
0.6591422121896162
0.6591422121896162
0.6591422121896162
0.6591422121896162
0.6591422121896162
0.6681715575620768
0.6681715575620768
0.6681715575620768
0.6681715575620768
0.6681715575620768
0.6681715575620768
0.6681715575620768
0.7600950118764845
0.7600950118764845
0.7600950118764845
0.7600950118764845
0.7600950118764845
0.7600950118764845
0.7600950118764845
0.7600950118764845
0.7600950118764845
0.7600950118764845
0.7600950118764845
0.7600950118764845
0.7600950118764845
0.7600950118764845
0.7600950118764845
0.7600950118764845
0.7600950118764845
0.7600950118764845
0.7600950118764845
0.7600950118764845
0.7600950118764845
0.7600950118764845
0.7600950118764845
0.7600950118764845
0.7600950118764845
0.7600950118764845
0.7600950118764845
0.66
0.6555819477434679
0.6413301662707839
0.6413301662707839
0.6413301662707839
0.6413301662707839
0.6413301662707839
0.6413301662707839
0.6413301662707839
0.6413301662707839
0.6413301662707839
0.6413301662707839
0.6413301662707839
0.6413301662707839
0.6413301662707839
0.6413301662707839
0.6413301662707839
0.6413301662707839
0.6413301662707839
0.6413301662707839
0.6413301662707839
0.6413301662707839
0.6413301662707839
0.6413301662707839
0.6413301662707839
0.655
0.7695961995249406
0.7695961995249406
0.7695961995249406
0.7695961995249406
0.7695961995249406
0.7695961995249406
0.7695961995249406
0.7695961995249406
0.7695961995249406
0.7695961995249406
0.7695961995249406
0.7695961995249406
0.7695961995249406
0.7695961995249406
0.7695961995249406
0.7695961995249406
0.7695961995249406
0.7695961995249406
0.7695961995249406
0.7695961995249406
0.7695961995249406
0.7695961995249406
0.7695961995249406
0.7695961995249406
0.7695961995249406
0.7695961995249406
0.7695961995249406
0.7695961995249406
0.7695961995249406
0.7695961995249406
0.7695961995249406
0.7695961995249406
0.7695961995249406
0.7695961995249406
0.7695961995249406
0.7695961995249406
0.7695961995249406
0.7695961995249406
0.7695961995249406
0.7695961995249406
0.7695961995249406
0.7695961995249406
0.7695961995249406
0.7695961995249406
0.7695961995249406
0.7695961995249406
0.7695961995249406
0.7695961995249406
0.7695961995249406
0.7695961995249406
0.7695961995249406
0.71
0.71
0.71
0.71
0.71
0.71
0.71
0.71
0.71
0.71
0.71
0.71
0.71
0.71
0.71
0.71
0.71
0.71
0.71
0.71
0.71
0.71
0.71
0.71
0.71
0.71
0.684085510688836
0.684085510688836
0.684085510688836
0.684085510688836
0.684085510688836
0.684085510688836
0.684085510688836
0.695
0.695
0.695
0.695
0.6175771971496437
0.6175771971496437
0.6175771971496437
0.6175771971496437
0.6175771971496437
0.6175771971496437
0.6175771971496437
0.6175771971496437
0.6175771971496437
0.6175771971496437
0.6175771971496437
0.6175771971496437
0.7404063205417607
0.7404063205417607
0.7404063205417607
0.7404063205417607
0.7404063205417607
0.7404063205417607
0.7404063205417607
0.7404063205417607
0.7404063205417607
0.7404063205417607
0.7695961995249406
0.7695961995249406
0.7695961995249406
0.7695961995249406
0.7695961995249406
0.7695961995249406
0.7695961995249406
0.7695961995249406
0.7695961995249406
0.7695961995249406
0.7695961995249406
0.7695961995249406
0.7695961995249406
0.7695961995249406
0.7695961995249406
0.7695961995249406
0.7695961995249406
0.7695961995249406
0.7695961995249406
0.7695961995249406
0.7695961995249406
0.7695961995249406
0.7695961995249406
0.7695961995249406
0.7695961995249406
0.7695961995249406
0.7695961995249406
0.7695961995249406
0.7600950118764845
0.7600950118764845
0.7600950118764845
0.7600950118764845
0.7600950118764845
0.7600950118764845
0.7600950118764845
0.7600950118764845
0.7600950118764845
0.7600950118764845
0.7600950118764845
0.7600950118764845
0.7600950118764845
0.7600950118764845
0.7600950118764845
0.7600950118764845
0.7600950118764845
0.7600950118764845
0.7600950118764845
0.7600950118764845
0.7600950118764845
0.7600950118764845
0.7600950118764845
0.7600950118764845
0.7600950118764845
0.7600950118764845
0.7600950118764845
0.7600950118764845
0.7600950118764845
0.7600950118764845
0.7600950118764845
0.7600950118764845
0.7600950118764845
0.7600950118764845
0.7600950118764845
0.7600950118764845
0.7553444180522565
0.7553444180522565
0.7553444180522565
0.7553444180522565
0.7553444180522565
0.7553444180522565
0.7553444180522565
0.7553444180522565
0.7553444180522565
0.7553444180522565
0.7553444180522565
0.7553444180522565
0.7553444180522565
0.7553444180522565
0.7553444180522565
0.7553444180522565
0.7553444180522565
0.7553444180522565
0.7553444180522565
0.7553444180522565
0.7553444180522565
0.7553444180522565
0.7553444180522565
0.7553444180522565
0.7553444180522565
0.7553444180522565
0.7695961995249406
0.7695961995249406
0.7695961995249406
0.7695961995249406
0.7695961995249406
0.7695961995249406
0.7695961995249406
0.7695961995249406
0.7695961995249406
0.7695961995249406
0.7695961995249406
0.7600950118764845
0.7600950118764845
0.7600950118764845
0.7600950118764845
0.7600950118764845
0.7600950118764845
0.7600950118764845
0.7600950118764845
0.7600950118764845
0.7600950118764845
0.7600950118764845
0.7600950118764845
0.7600950118764845
0.7600950118764845
0.7600950118764845
0.7600950118764845
0.7600950118764845
0.7600950118764845
0.7600950118764845
0.7600950118764845
0.7600950118764845
0.7600950118764845
0.7600950118764845
0.7600950118764845
0.7600950118764845
0.7600950118764845
0.7600950118764845
0.7600950118764845
0.7600950118764845
0.7600950118764845
0.7600950118764845
0.7600950118764845
0.7600950118764845
0.7600950118764845
0.7600950118764845
0.7600950118764845
0.7600950118764845
0.7600950118764845
0.7600950118764845
0.7600950118764845
0.7600950118764845
0.7600950118764845
0.7600950118764845
0.7600950118764845
0.7600950118764845
0.7600950118764845
0.7600950118764845
0.7600950118764845
0.7600950118764845
0.7600950118764845
0.7600950118764845
0.7600950118764845
0.7600950118764845
0.7600950118764845
0.7600950118764845
0.7600950118764845
0.7600950118764845
0.7600950118764845
0.7600950118764845
0.7600950118764845
0.7600950118764845
0.7600950118764845
0.7600950118764845
0.7600950118764845
0.7600950118764845
0.7600950118764845
0.7600950118764845
0.7600950118764845
0.7600950118764845
0.7600950118764845
0.7600950118764845
0.7600950118764845
0.7600950118764845
0.7600950118764845
0.7600950118764845
0.7600950118764845
0.7600950118764845
0.7600950118764845
0.7600950118764845
0.7600950118764845
0.7600950118764845
0.7600950118764845
0.7600950118764845
0.7600950118764845
0.7600950118764845
0.7600950118764845
0.7600950118764845
0.7600950118764845
0.7600950118764845
0.7695961995249406
0.7695961995249406
0.7173396674584323
0.7173396674584323
0.7173396674584323
0.7173396674584323
0.7173396674584323
0.7173396674584323
0.7173396674584323
0.7173396674584323
0.7173396674584323
0.7173396674584323
0.7173396674584323
0.7173396674584323
0.7173396674584323
0.7173396674584323
0.7173396674584323
0.7173396674584323
0.7173396674584323
0.7173396674584323
0.7173396674584323
0.7173396674584323
0.7173396674584323
0.7173396674584323
0.7173396674584323
0.7173396674584323
0.7173396674584323
0.7173396674584323
0.7173396674584323
0.7173396674584323
0.7173396674584323
0.7173396674584323
0.7173396674584323
0.7173396674584323
0.7173396674584323
0.7173396674584323
0.7173396674584323
0.7173396674584323
0.7173396674584323
0.7173396674584323
0.7173396674584323
0.7173396674584323
0.7173396674584323
0.7173396674584323
0.7173396674584323
0.7173396674584323
0.7173396674584323
0.7173396674584323
0.7173396674584323
0.7173396674584323
0.7173396674584323
0.7173396674584323
0.7173396674584323
0.7173396674584323
0.7173396674584323
0.7173396674584323
0.6555819477434679
0.6555819477434679
0.6555819477434679
0.6555819477434679
0.6555819477434679
0.6555819477434679
0.6555819477434679
0.6555819477434679
0.6555819477434679
0.6413301662707839
0.6413301662707839
0.6413301662707839
0.6413301662707839
0.64
0.64
0.64
0.64
0.64
0.64
0.64
0.64
0.64
0.64
0.64
0.64
0.64
0.64
0.64
0.64
0.64
0.64
0.64
0.64
0.64
0.59
0.59
0.59
0.59
0.59
0.59
0.59
0.59
0.59
0.595
0.7695961995249406
0.7695961995249406
0.7695961995249406
0.7695961995249406
0.7695961995249406
0.7695961995249406
0.7695961995249406
0.7313769751693002
0.7313769751693002
0.7313769751693002
0.7313769751693002
0.7695961995249406
0.7695961995249406
0.7695961995249406
0.7695961995249406
0.7695961995249406
0.7695961995249406
0.7695961995249406
0.7695961995249406
0.7695961995249406
0.7695961995249406
0.7695961995249406
0.7695961995249406
0.744920993227991
0.744920993227991
0.744920993227991
0.744920993227991
0.744920993227991
0.744920993227991
0.744920993227991
0.744920993227991
0.744920993227991
0.744920993227991
0.7600950118764845
0.7600950118764845
0.7600950118764845
0.7600950118764845
0.7600950118764845
0.7600950118764845
0.7030878859857482
0.7030878859857482
0.7030878859857482
0.7030878859857482
0.7030878859857482
0.7030878859857482
0.7030878859857482
0.7030878859857482
0.7030878859857482
0.7030878859857482
0.7030878859857482
0.7030878859857482
0.7030878859857482
0.7030878859857482
0.7030878859857482
0.654627539503386
0.654627539503386
0.6094808126410836
0.6094808126410836
0.6094808126410836
0.6094808126410836
0.6094808126410836
0.6094808126410836
0.6139954853273137
0.6139954853273137
0.6051502145922747
0.6051502145922747
0.6051502145922747
0.6051502145922747
0.6051502145922747
0.6051502145922747
0.6051502145922747
0.6051502145922747
0.6051502145922747
0.5510204081632653
0.5510204081632653
0.5510204081632653
0.5536480686695279
0.5536480686695279
0.5536480686695279
0.5536480686695279
0.5536480686695279
0.5536480686695279
0.5536480686695279
0.5536480686695279
0.5536480686695279
0.5536480686695279
0.5536480686695279
0.5387755102040817
0.5387755102040817
0.5536480686695279
0.5536480686695279
0.5493562231759657
0.5493562231759657
0.5493562231759657
0.5493562231759657
0.5493562231759657
0.5493562231759657
0.5493562231759657
0.5493562231759657
0.5428571428571428
0.7695961995249406
0.7695961995249406
0.7695961995249406
0.7695961995249406
0.7695961995249406
0.7695961995249406
0.7695961995249406
0.7695961995249406
0.7695961995249406
0.7695961995249406
0.7695961995249406
0.7695961995249406
0.7695961995249406
0.7695961995249406
0.7695961995249406
0.7695961995249406
0.7695961995249406
0.7695961995249406
0.7695961995249406
0.7695961995249406
0.7695961995249406
0.7695961995249406
0.7695961995249406
0.7695961995249406
0.7695961995249406
0.7695961995249406
0.7695961995249406
0.7695961995249406
0.7695961995249406
0.7695961995249406
0.7695961995249406
0.7695961995249406
0.7695961995249406
0.7695961995249406
0.7695961995249406
0.7695961995249406
0.7695961995249406
0.7695961995249406
0.7695961995249406
0.7695961995249406
0.6772009029345373
0.6772009029345373
0.6772009029345373
0.6772009029345373
0.6772009029345373
0.6772009029345373
0.6772009029345373
0.6772009029345373
0.6772009029345373
0.6772009029345373
0.6772009029345373
0.6772009029345373
0.6772009029345373
0.6772009029345373
0.6772009029345373
0.6772009029345373
0.6772009029345373
0.6772009029345373
0.6772009029345373
0.6437768240343348
0.6437768240343348
0.6437768240343348
0.6437768240343348
0.6437768240343348
0.6437768240343348
0.6437768240343348
0.6437768240343348
0.6437768240343348
0.6437768240343348
0.6437768240343348
0.6437768240343348
0.6437768240343348
0.6437768240343348
0.6437768240343348
0.6437768240343348
0.6437768240343348
0.6437768240343348
0.6437768240343348
0.6437768240343348
0.6437768240343348
0.6094420600858369
0.6094420600858369
0.6094420600858369
0.6094420600858369
0.6094420600858369
0.6094420600858369
0.6094420600858369
0.6094420600858369
0.6094420600858369
0.6094420600858369
0.6094420600858369
0.6094420600858369
0.6275395033860045
0.6275395033860045
0.6555819477434679
0.6555819477434679
0.6460807600950119
0.6460807600950119
0.6460807600950119
0.6460807600950119
0.7695961995249406
0.7695961995249406
0.7695961995249406
0.7695961995249406
0.7695961995249406
0.7553444180522565
0.7553444180522565
0.7553444180522565
0.7553444180522565
0.7553444180522565
0.7553444180522565
0.7553444180522565
0.7553444180522565
0.7553444180522565
0.7553444180522565
0.7553444180522565
0.7553444180522565
0.7553444180522565
0.7553444180522565
0.7553444180522565
0.7553444180522565
0.7553444180522565
0.7553444180522565
0.7313769751693002
0.7313769751693002
0.7313769751693002
0.7358916478555305
0.7358916478555305
0.7358916478555305
0.7358916478555305
0.7358916478555305
0.7553444180522565
0.7553444180522565
0.7553444180522565
0.7553444180522565
0.7553444180522565
0.7553444180522565
0.7553444180522565
0.7553444180522565
0.7553444180522565
0.7553444180522565
0.7553444180522565
0.7553444180522565
0.7553444180522565
0.7553444180522565
0.7553444180522565
0.7553444180522565
0.7553444180522565
0.7553444180522565
0.7553444180522565
0.7553444180522565
0.7553444180522565
0.7553444180522565
0.7553444180522565
0.7553444180522565
0.7553444180522565
0.7553444180522565
0.7553444180522565
0.7553444180522565
0.7553444180522565
0.7553444180522565
0.7553444180522565
0.7553444180522565
0.7553444180522565
0.7553444180522565
0.7553444180522565
0.7553444180522565
0.7553444180522565
0.7553444180522565
0.7553444180522565
0.7553444180522565
0.7553444180522565
0.7553444180522565
0.7600950118764845
0.7600950118764845
0.7600950118764845
0.7600950118764845
0.7600950118764845
0.7600950118764845
0.7600950118764845
0.7600950118764845
0.7600950118764845
0.7600950118764845
0.7600950118764845
0.7600950118764845
0.7600950118764845
0.7030878859857482
0.72
0.72
0.72
0.72
0.72
0.72
0.72
0.72
0.72
0.72
0.72
0.72
0.72
0.7695961995249406
0.7695961995249406
0.7695961995249406
0.7695961995249406
0.7695961995249406
0.7695961995249406
0.7695961995249406
0.7695961995249406
0.7695961995249406
0.7695961995249406
0.7695961995249406
0.7695961995249406
0.7695961995249406
0.7695961995249406
0.7695961995249406
0.7695961995249406
0.7695961995249406
0.7695961995249406
0.7695961995249406
0.7695961995249406
0.7695961995249406
0.7695961995249406
0.7695961995249406
0.7695961995249406
0.7695961995249406
0.7695961995249406
0.7695961995249406
0.7695961995249406
0.7695961995249406
0.7695961995249406
0.7695961995249406
0.7695961995249406
0.7695961995249406
0.7695961995249406
0.7358916478555305
0.7358916478555305
0.7358916478555305
0.7358916478555305
0.7358916478555305
0.7358916478555305
0.7358916478555305
0.7358916478555305
0.7358916478555305
0.7358916478555305
0.7358916478555305
0.7358916478555305
0.7358916478555305
0.7358916478555305
0.7358916478555305
0.7358916478555305
0.7358916478555305
0.7358916478555305
0.7695961995249406
0.7695961995249406
0.7695961995249406
0.7695961995249406
0.7695961995249406
0.7695961995249406
0.7695961995249406
0.7695961995249406
0.7695961995249406
0.7695961995249406
0.7695961995249406
0.7695961995249406
0.7695961995249406
0.7695961995249406
0.7695961995249406
0.7695961995249406
0.7695961995249406
0.7695961995249406
0.7695961995249406
0.7695961995249406
0.7695961995249406
0.7695961995249406
0.7695961995249406
0.7695961995249406
0.7695961995249406
0.7695961995249406
0.7695961995249406
0.7695961995249406
0.7695961995249406
0.7695961995249406
0.7695961995249406
0.7695961995249406
0.7695961995249406
0.7695961995249406
0.7695961995249406
0.7695961995249406
0.7695961995249406
0.7695961995249406
0.7695961995249406
0.7695961995249406
0.7695961995249406
0.7695961995249406
0.7695961995249406
0.7695961995249406
0.7695961995249406
0.7695961995249406
0.7695961995249406
0.7695961995249406
0.7695961995249406
0.7695961995249406
0.7695961995249406
0.7695961995249406
0.7695961995249406
0.7695961995249406
0.7695961995249406
0.7695961995249406
0.7695961995249406
0.7695961995249406
0.7695961995249406
0.7695961995249406
0.7695961995249406
0.6817155756207675
0.6817155756207675
0.6817155756207675
0.6817155756207675
0.6817155756207675
0.6817155756207675
0.6817155756207675
0.6817155756207675
0.6817155756207675
0.6817155756207675
0.6817155756207675
0.6137339055793991
0.6817155756207675
0.6817155756207675
0.6817155756207675
0.6817155756207675
0.6817155756207675
0.6523605150214592
0.6523605150214592
0.6523605150214592
0.6523605150214592
0.6523605150214592
0.6523605150214592
0.6523605150214592
0.6523605150214592
0.6523605150214592
0.6523605150214592
0.6523605150214592
0.6523605150214592
0.6523605150214592
0.6523605150214592
0.6523605150214592
0.6326530612244898
0.6326530612244898
0.6326530612244898
0.6326530612244898
0.6326530612244898
0.6326530612244898
0.6326530612244898
0.6523605150214592
0.6523605150214592
0.5879828326180258
0.6523605150214592
0.6523605150214592
0.6862302483069977
0.6862302483069977
0.6862302483069977
0.6862302483069977
0.6862302483069977
0.6862302483069977
0.6862302483069977
0.6862302483069977
0.6862302483069977
0.6862302483069977
0.6862302483069977
0.6862302483069977
0.6862302483069977
0.6862302483069977
0.6862302483069977
0.6862302483069977
0.6862302483069977
0.6862302483069977
0.6862302483069977
0.6862302483069977
0.6862302483069977
0.6862302483069977
0.6862302483069977
0.6862302483069977
0.6862302483069977
0.6862302483069977
0.6862302483069977
0.6862302483069977
0.6862302483069977
0.6862302483069977
0.6862302483069977
0.6862302483069977
0.6862302483069977
0.6862302483069977
0.6862302483069977
0.7695961995249406
0.7695961995249406
0.7695961995249406
0.7695961995249406
0.7695961995249406
0.7695961995249406
0.7695961995249406
0.7695961995249406
0.7695961995249406
0.7695961995249406
0.7695961995249406
0.7695961995249406
0.7695961995249406
0.7695961995249406
0.7695961995249406
0.7695961995249406
0.7695961995249406
0.7695961995249406
0.7695961995249406
0.7695961995249406
0.7695961995249406
0.7695961995249406
0.7695961995249406
0.7695961995249406
0.7695961995249406
0.7695961995249406
0.7695961995249406
0.7695961995249406
0.7695961995249406
0.7695961995249406
0.7695961995249406
0.7695961995249406
0.7695961995249406
0.7695961995249406
0.7695961995249406
0.7695961995249406
0.7695961995249406
0.7695961995249406
0.7695961995249406
0.7695961995249406
0.7695961995249406
0.7695961995249406
0.7695961995249406
0.7695961995249406
0.7695961995249406
0.7695961995249406
0.7695961995249406
0.7695961995249406
0.7695961995249406
0.7313769751693002
0.7313769751693002
0.7313769751693002
0.7313769751693002
0.7313769751693002
0.7313769751693002
0.7313769751693002
0.7313769751693002
0.7313769751693002
0.7313769751693002
0.7313769751693002
0.7313769751693002
0.7553444180522565
0.7553444180522565
0.7553444180522565
0.7553444180522565
0.7553444180522565
0.7553444180522565
0.7553444180522565
0.7600950118764845
0.7600950118764845
0.7600950118764845
0.7600950118764845
0.7600950118764845
0.7600950118764845
0.7600950118764845
0.7600950118764845
0.7600950118764845
0.7600950118764845
0.7600950118764845
0.7600950118764845
0.7600950118764845
0.7600950118764845
0.7600950118764845
0.7600950118764845
0.7600950118764845
0.7600950118764845
0.7600950118764845
0.7600950118764845
0.7600950118764845
0.7600950118764845
0.7600950118764845
0.7600950118764845
0.7600950118764845
0.7600950118764845
0.7600950118764845
0.7600950118764845
0.7553444180522565
0.7553444180522565
0.7553444180522565
0.7553444180522565
0.7553444180522565
0.7553444180522565
0.7553444180522565
0.7553444180522565
0.7553444180522565
0.7553444180522565
0.7553444180522565
0.7553444180522565
0.744920993227991
0.7600950118764845
0.7600950118764845
0.7600950118764845
0.7600950118764845
0.7600950118764845
0.7600950118764845
0.7600950118764845
0.7600950118764845
0.7600950118764845
0.7600950118764845
0.7600950118764845
0.7600950118764845
0.7600950118764845
0.7600950118764845
0.7600950118764845
0.7600950118764845
0.7600950118764845
0.7600950118764845
0.7600950118764845
0.7600950118764845
0.7600950118764845
0.7600950118764845
0.7600950118764845
0.7600950118764845
0.7600950118764845
0.7600950118764845
0.7600950118764845
0.7600950118764845
0.7600950118764845
0.7600950118764845
0.7600950118764845
0.7600950118764845
0.7600950118764845
0.7600950118764845
0.7600950118764845
0.7600950118764845
0.7553444180522565
0.7553444180522565
0.7553444180522565
0.7553444180522565
0.7553444180522565
0.7553444180522565
0.7553444180522565
0.7553444180522565
0.7553444180522565
0.7553444180522565
0.7358916478555305
0.7358916478555305
0.7358916478555305
0.7553444180522565
0.7553444180522565
0.7553444180522565
0.7553444180522565
0.7553444180522565
0.7553444180522565
0.7553444180522565
0.7553444180522565
0.7553444180522565
0.7553444180522565
0.7553444180522565
0.7553444180522565
0.7553444180522565
0.7553444180522565
0.7553444180522565
0.7553444180522565
0.7553444180522565
0.7553444180522565
0.7553444180522565
0.7553444180522565
0.6555819477434679
0.6555819477434679
0.6555819477434679
0.6555819477434679
0.6555819477434679
0.6555819477434679
0.6555819477434679
0.6555819477434679
0.6555819477434679
0.6555819477434679
0.6555819477434679
0.6555819477434679
0.6555819477434679
0.636568848758465
0.636568848758465
0.636568848758465
0.636568848758465
0.636568848758465
0.636568848758465
0.636568848758465
0.636568848758465
0.636568848758465
0.636568848758465
0.6508313539192399
0.6508313539192399
0.6508313539192399
0.6508313539192399
0.6320541760722348
0.6320541760722348
0.6320541760722348
0.7695961995249406
0.7695961995249406
0.7695961995249406
0.7695961995249406
0.7313769751693002
0.7313769751693002
0.7313769751693002
0.7313769751693002
0.7313769751693002
0.7313769751693002
0.7313769751693002
0.6738197424892703
0.6408163265306123
0.6122448979591837
0.6204081632653061
0.6204081632653061
0.6204081632653061
0.6204081632653061
0.6204081632653061
0.6204081632653061
0.6824034334763949
0.6824034334763949
0.6824034334763949
0.6824034334763949
0.6824034334763949
0.6824034334763949
0.6824034334763949
0.6738197424892703
0.6738197424892703
0.6738197424892703
0.6738197424892703
0.6738197424892703
0.6738197424892703
0.6738197424892703
0.6738197424892703
0.6738197424892703
0.6738197424892703
0.6738197424892703
0.6738197424892703
0.6738197424892703
0.6275395033860045
0.6275395033860045
0.6275395033860045
0.6275395033860045
0.6275395033860045
0.6275395033860045
0.6275395033860045
0.6275395033860045
0.6275395033860045
0.6275395033860045
0.6275395033860045
0.6275395033860045
0.6275395033860045
0.6555819477434679
0.6555819477434679
0.618510158013544
0.618510158013544
0.618510158013544
0.618510158013544
0.618510158013544
0.618510158013544
0.618510158013544
0.618510158013544
0.5778781038374717
0.5665236051502146
0.5665236051502146
0.600451467268623
0.600451467268623
0.600451467268623
0.6223277909738717
0.6223277909738717
0.645
0.645
0.645
0.645
0.645
0.645
0.645
0.645
0.645
0.645
0.645
0.645
0.645
0.645
0.645
0.645
0.645
0.645
0.645
0.645
0.645
0.645
0.645
0.645
0.645
0.645
0.645
0.645
0.645
0.7695961995249406
0.7695961995249406
0.7695961995249406
0.7695961995249406
0.7695961995249406
0.7695961995249406
0.7695961995249406
0.7695961995249406
0.7695961995249406
0.7695961995249406
0.7695961995249406
0.7695961995249406
0.7695961995249406
0.7695961995249406
0.7695961995249406
0.7695961995249406
0.7695961995249406
0.7695961995249406
0.7695961995249406
0.7695961995249406
0.7695961995249406
0.7695961995249406
0.7695961995249406
0.7695961995249406
0.7695961995249406
0.7695961995249406
0.7600950118764845
0.7600950118764845
0.7600950118764845
0.7600950118764845
0.7600950118764845
0.7600950118764845
0.7600950118764845
0.7600950118764845
0.7600950118764845
0.7600950118764845
0.7600950118764845
0.7600950118764845
0.7600950118764845
0.7600950118764845
0.7600950118764845
0.7600950118764845
0.7600950118764845
0.7600950118764845
0.7600950118764845
0.7600950118764845
0.7600950118764845
0.7600950118764845
0.7600950118764845
0.7600950118764845
0.7600950118764845
0.7600950118764845
0.7600950118764845
0.7600950118764845
0.7600950118764845
0.7600950118764845
0.7600950118764845
0.7600950118764845
0.7600950118764845
0.7600950118764845
0.7600950118764845
0.7600950118764845
0.7600950118764845
0.7600950118764845
0.7600950118764845
0.7600950118764845
0.7600950118764845
0.7600950118764845
0.7600950118764845
0.7600950118764845
0.7600950118764845
0.7600950118764845
0.7600950118764845
0.69
0.69
0.69
0.69
0.69
0.69
0.69
0.69
0.69
0.69
0.69
0.69
0.69
0.69
0.69
0.69
0.69
0.69
0.69
0.69
0.69
0.69
0.69
0.69
0.69
0.69
0.69
0.7695961995249406
0.7695961995249406
0.7695961995249406
0.7695961995249406
0.7695961995249406
0.7695961995249406
0.7695961995249406
0.7695961995249406
0.7695961995249406
0.7695961995249406
0.7695961995249406
0.7695961995249406
0.7695961995249406
0.7695961995249406
0.7695961995249406
0.7695961995249406
0.7695961995249406
0.7695961995249406
0.7695961995249406
0.7695961995249406
0.7695961995249406
0.7695961995249406
0.7695961995249406
0.7695961995249406
0.7695961995249406
0.7695961995249406
0.7695961995249406
0.7695961995249406
0.7695961995249406
0.7695961995249406
0.7695961995249406
0.7695961995249406
0.7695961995249406
0.7695961995249406
0.7695961995249406
0.7695961995249406
0.7695961995249406
0.7695961995249406
0.7695961995249406
0.7695961995249406
0.7695961995249406
0.7553444180522565
0.7553444180522565
0.7553444180522565
0.7553444180522565
0.7553444180522565
0.7553444180522565
0.7553444180522565
0.7553444180522565
0.7553444180522565
0.7553444180522565
0.7553444180522565
0.7553444180522565
0.7553444180522565
0.7553444180522565
0.7553444180522565
0.7553444180522565
0.7553444180522565
0.7553444180522565
0.7553444180522565
0.7553444180522565
0.7553444180522565
0.7553444180522565
0.7553444180522565
0.7553444180522565
0.7553444180522565
0.7553444180522565
0.7553444180522565
0.7553444180522565
0.7553444180522565
0.7553444180522565
0.7553444180522565
0.7553444180522565
0.7553444180522565
0.7553444180522565
0.7553444180522565
0.7553444180522565
0.7553444180522565
0.7553444180522565
0.7553444180522565
0.7553444180522565
0.7553444180522565
0.7553444180522565
0.7553444180522565
0.7553444180522565
0.7553444180522565
0.7553444180522565
0.7553444180522565
0.7553444180522565
0.7553444180522565
0.7553444180522565
0.7553444180522565
0.7553444180522565
0.7553444180522565
0.7553444180522565
0.7553444180522565
0.7553444180522565
0.7553444180522565
0.7553444180522565
0.7553444180522565
0.7695961995249406
0.7695961995249406
0.7695961995249406
0.7695961995249406
0.7695961995249406
0.7695961995249406
0.7695961995249406
0.7695961995249406
0.7695961995249406
0.7695961995249406
0.7695961995249406
0.7695961995249406
0.7695961995249406
0.7695961995249406
0.7695961995249406
0.7695961995249406
0.7695961995249406
0.7695961995249406
0.7695961995249406
0.7695961995249406
0.7695961995249406
0.7695961995249406
0.7695961995249406
0.7695961995249406
0.7358916478555305
0.7358916478555305
0.7358916478555305
0.7358916478555305
0.7358916478555305
0.7358916478555305
0.7358916478555305
0.7358916478555305
0.7358916478555305
0.7358916478555305
0.7358916478555305
0.7358916478555305
0.7358916478555305
0.7358916478555305
0.7358916478555305
0.7358916478555305
0.7358916478555305
0.7358916478555305
0.7358916478555305
0.7358916478555305
0.7358916478555305
0.7358916478555305
0.7358916478555305
0.7553444180522565
0.7553444180522565
0.7553444180522565
0.7553444180522565
0.7553444180522565
0.7553444180522565
0.7553444180522565
0.7553444180522565
0.7553444180522565
0.7553444180522565
0.7553444180522565
0.7553444180522565
0.67
0.67
0.67
0.67
0.685
0.685
0.685
0.685
0.685
0.685
0.685
0.685
0.685
0.685
0.685
0.685
0.685
0.685
0.685
0.685
0.6555819477434679
0.6555819477434679
0.6555819477434679
0.6555819477434679
0.6555819477434679
0.6555819477434679
0.6555819477434679
0.600451467268623
0.600451467268623
0.600451467268623
0.600451467268623
0.6555819477434679
0.6555819477434679
0.6555819477434679
0.6555819477434679
0.6555819477434679
0.6555819477434679
0.6555819477434679
0.6555819477434679
0.6555819477434679
0.6555819477434679
0.7695961995249406
0.7695961995249406
0.7695961995249406
0.7695961995249406
0.7695961995249406
0.7695961995249406
0.7695961995249406
0.7695961995249406
0.7695961995249406
0.7695961995249406
0.7695961995249406
0.7695961995249406
0.7695961995249406
0.7695961995249406
0.7695961995249406
0.7695961995249406
0.7695961995249406
0.7695961995249406
0.7695961995249406
0.7695961995249406
0.7695961995249406
0.7695961995249406
0.7695961995249406
0.7695961995249406
0.6862302483069977
0.6862302483069977
0.6862302483069977
0.6862302483069977
0.6862302483069977
0.6862302483069977
0.6862302483069977
0.6862302483069977
0.6862302483069977
0.6862302483069977
0.6862302483069977
0.6862302483069977
0.6862302483069977
0.6862302483069977
0.6862302483069977
0.6862302483069977
0.6862302483069977
0.6862302483069977
0.6862302483069977
0.6862302483069977
0.6862302483069977
0.6862302483069977
0.6862302483069977
0.6862302483069977
0.6862302483069977
0.6862302483069977
0.6862302483069977
0.6862302483069977
0.6862302483069977
0.6862302483069977
0.6862302483069977
0.6862302483069977
0.6862302483069977
0.6862302483069977
0.6862302483069977
0.6862302483069977
0.6862302483069977
0.6862302483069977
0.6862302483069977
0.6862302483069977
0.6862302483069977
0.6862302483069977
0.6862302483069977
0.6862302483069977
0.6862302483069977
0.6862302483069977
0.6862302483069977
0.6862302483069977
0.6862302483069977
0.6817155756207675
0.6394849785407726
0.6394849785407726
0.630901287553648
0.630901287553648
0.630901287553648
0.630901287553648
0.6862302483069977
0.6862302483069977
0.6862302483069977
0.6793349168646081
0.6793349168646081
0.6793349168646081
0.6793349168646081
0.6793349168646081
0.6793349168646081
0.6793349168646081
0.6793349168646081
0.6793349168646081
0.6793349168646081
0.6793349168646081
0.6793349168646081
0.6793349168646081
0.6793349168646081
0.6793349168646081
0.6793349168646081
0.6793349168646081
0.7695961995249406
0.7695961995249406
0.7695961995249406
0.7695961995249406
0.7695961995249406
0.7695961995249406
0.7695961995249406
0.7695961995249406
0.7695961995249406
0.7695961995249406
0.7695961995249406
0.7695961995249406
0.7695961995249406
0.7695961995249406
0.7695961995249406
0.7695961995249406
0.7695961995249406
0.7695961995249406
0.7695961995249406
0.7695961995249406
0.7695961995249406
0.7695961995249406
0.7695961995249406
0.7695961995249406
0.7695961995249406
0.7695961995249406
0.7695961995249406
0.7695961995249406
0.7695961995249406
0.7695961995249406
0.7695961995249406
0.7695961995249406
0.7695961995249406
0.7695961995249406
0.7695961995249406
0.7695961995249406
0.7695961995249406
0.7695961995249406
0.7695961995249406
0.7695961995249406
0.7695961995249406
0.7695961995249406
0.7695961995249406
0.7695961995249406
0.7695961995249406
0.7695961995249406
0.7695961995249406
0.7695961995249406
0.7695961995249406
0.7695961995249406
0.7695961995249406
0.7695961995249406
0.7695961995249406
0.7695961995249406
0.7695961995249406
0.7695961995249406
0.7695961995249406
0.7695961995249406
0.7695961995249406
0.7695961995249406
0.7695961995249406
0.7695961995249406
0.7695961995249406
0.7695961995249406
0.7695961995249406
0.7695961995249406
0.7695961995249406
0.7695961995249406
0.7695961995249406
0.7695961995249406
0.7695961995249406
0.7695961995249406
0.7695961995249406
0.7695961995249406
0.7695961995249406
0.7695961995249406
0.7695961995249406
0.7695961995249406
0.7695961995249406
0.7223476297968398
0.7223476297968398
0.7223476297968398
0.7223476297968398
0.7223476297968398
0.7223476297968398
0.7223476297968398
0.7223476297968398
0.7223476297968398
0.7223476297968398
0.7223476297968398
0.7223476297968398
0.7223476297968398
0.7223476297968398
0.7223476297968398
0.7223476297968398
0.7223476297968398
0.7223476297968398
0.7223476297968398
0.7223476297968398
0.7223476297968398
0.7695961995249406
0.7695961995249406
0.7695961995249406
0.7695961995249406
0.7695961995249406
0.7695961995249406
0.7695961995249406
0.7695961995249406
0.7695961995249406
0.7695961995249406
0.7695961995249406
0.7695961995249406
0.7695961995249406
0.7695961995249406
0.7695961995249406
0.7695961995249406
0.7695961995249406
0.7695961995249406
0.7695961995249406
0.7695961995249406
0.7695961995249406
0.7695961995249406
0.7695961995249406
0.7695961995249406
0.7695961995249406
0.7695961995249406
0.7695961995249406
0.7695961995249406
0.7695961995249406
0.7695961995249406
0.7695961995249406
0.7695961995249406
0.7695961995249406
0.7695961995249406
0.7695961995249406
0.7695961995249406
0.7695961995249406
0.7695961995249406
0.7695961995249406
0.7695961995249406
0.7695961995249406
0.7695961995249406
0.7695961995249406
0.7695961995249406
0.7695961995249406
0.7695961995249406
0.7695961995249406
0.7695961995249406
0.7695961995249406
0.7695961995249406
0.7695961995249406
0.7695961995249406
0.7695961995249406
0.7695961995249406
0.7695961995249406
0.7695961995249406
0.7695961995249406
0.7695961995249406
0.7695961995249406
0.7695961995249406
0.7695961995249406
0.7695961995249406
0.7695961995249406
0.7695961995249406
0.7695961995249406
0.7695961995249406
0.7695961995249406
0.7695961995249406
0.7695961995249406
0.7695961995249406
0.7695961995249406
0.7695961995249406
0.7695961995249406
0.7695961995249406
0.7695961995249406
0.7695961995249406
0.7695961995249406
0.7695961995249406
0.7695961995249406
0.7695961995249406
0.7695961995249406
0.7
0.7
0.7
0.7
0.7
0.7
0.7
0.7
0.7
0.7
0.7
0.7
0.7
0.7
0.7
0.7
0.7
0.7
0.7
0.7695961995249406
0.7695961995249406
0.7695961995249406
0.7695961995249406
0.7695961995249406
0.7695961995249406
0.7695961995249406
0.7695961995249406
0.7695961995249406
0.7695961995249406
0.7695961995249406
0.7695961995249406
0.7695961995249406
0.7695961995249406
0.7695961995249406
0.7695961995249406
0.7695961995249406
0.7695961995249406
0.7695961995249406
0.7695961995249406
0.7695961995249406
0.7695961995249406
0.7695961995249406
0.7695961995249406
0.7695961995249406
0.7695961995249406
0.6888361045130641
0.6888361045130641
0.6888361045130641
0.6888361045130641
0.6888361045130641
0.6888361045130641
0.6888361045130641
0.6935866983372921
0.6935866983372921
0.6935866983372921
0.6935866983372921
0.6935866983372921
0.6888361045130641
0.6888361045130641
0.6888361045130641
0.6888361045130641
0.6888361045130641
0.6888361045130641
0.6888361045130641
0.6888361045130641
0.6888361045130641
0.6455981941309256
0.6455981941309256
0.6455981941309256
0.6455981941309256
0.6455981941309256
0.6455981941309256
0.6455981941309256
0.6455981941309256
0.6455981941309256
0.6455981941309256
0.6455981941309256
0.6455981941309256
0.6455981941309256
0.6455981941309256
0.6455981941309256
0.6455981941309256
0.6455981941309256
0.6455981941309256
0.6139954853273137
0.6139954853273137
0.6139954853273137
0.6139954853273137
0.6139954853273137
0.6318289786223278
0.6318289786223278
0.6318289786223278
0.6318289786223278
0.6318289786223278
0.6318289786223278
0.6318289786223278
0.6318289786223278
0.6033254156769596
0.6033254156769596
0.6033254156769596
0.6128266033254157
0.6128266033254157
0.6094808126410836
0.6094808126410836
0.6094808126410836
0.6094808126410836
0.6094808126410836
0.6094808126410836
0.6094808126410836
0.6094808126410836
0.6094808126410836
0.6094808126410836
0.6094808126410836
0.6094808126410836
0.6094808126410836
0.6094808126410836
0.6094808126410836
0.6094808126410836
0.5836909871244635
0.7695961995249406
0.7695961995249406
0.7695961995249406
0.7695961995249406
0.7695961995249406
0.7695961995249406
0.7695961995249406
0.7695961995249406
0.7695961995249406
0.7695961995249406
0.7695961995249406
0.7695961995249406
0.7695961995249406
0.7695961995249406
0.7695961995249406
0.7695961995249406
0.7695961995249406
0.7695961995249406
0.7695961995249406
0.7695961995249406
0.7695961995249406
0.7695961995249406
0.7695961995249406
0.7695961995249406
0.7695961995249406
0.7695961995249406
0.7695961995249406
0.7695961995249406
0.7695961995249406
0.7695961995249406
0.7695961995249406
0.7695961995249406
0.7695961995249406
0.7695961995249406
0.7695961995249406
0.7695961995249406
0.7695961995249406
0.7695961995249406
0.7695961995249406
0.7695961995249406
0.7695961995249406
0.7695961995249406
0.7695961995249406
0.7695961995249406
0.7695961995249406
0.7695961995249406
0.7695961995249406
0.7695961995249406
0.7695961995249406
0.7695961995249406
0.7695961995249406
0.7695961995249406
0.7695961995249406
0.7695961995249406
0.7695961995249406
0.7695961995249406
0.7553444180522565
0.7553444180522565
0.7553444180522565
0.7553444180522565
0.6681715575620768
0.6681715575620768
0.600451467268623
0.600451467268623
0.600451467268623
0.600451467268623
0.600451467268623
0.6094420600858369
0.5959183673469388
0.5879828326180258
0.5879828326180258
0.5879828326180258
0.5879828326180258
0.5879828326180258
0.5879828326180258
0.5879828326180258
0.5879828326180258
0.5879828326180258
0.5879828326180258
0.5879828326180258
0.5879828326180258
0.5879828326180258
0.5879828326180258
0.5879828326180258
0.5879828326180258
0.5879828326180258
0.5879828326180258
0.5879828326180258
0.5755102040816327
0.5755102040816327
0.5755102040816327
0.5755102040816327
0.5755102040816327
0.5755102040816327
0.5755102040816327
0.5755102040816327
0.5755102040816327
0.5755102040816327
0.5755102040816327
0.5591836734693878
0.7695961995249406
0.7695961995249406
0.7695961995249406
0.7695961995249406
0.7695961995249406
0.7695961995249406
0.7695961995249406
0.7695961995249406
0.7695961995249406
0.7695961995249406
0.7695961995249406
0.7695961995249406
0.7695961995249406
0.7695961995249406
0.7695961995249406
0.7695961995249406
0.7695961995249406
0.7695961995249406
0.7695961995249406
0.7363420427553444
0.7363420427553444
0.7363420427553444
0.7363420427553444
0.7363420427553444
0.7363420427553444
0.7363420427553444
0.7363420427553444
0.7363420427553444
0.7363420427553444
0.7363420427553444
0.7363420427553444
0.7363420427553444
0.7363420427553444
0.7363420427553444
0.7363420427553444
0.7363420427553444
0.7363420427553444
0.7363420427553444
0.7363420427553444
0.7363420427553444
0.7363420427553444
0.7363420427553444
0.7363420427553444
0.7363420427553444
0.7363420427553444
0.7363420427553444
0.7363420427553444
0.7363420427553444
0.7363420427553444
0.7363420427553444
0.7363420427553444
0.7363420427553444
0.7363420427553444
0.7363420427553444
0.7363420427553444
0.7363420427553444
0.7363420427553444
0.7363420427553444
0.7363420427553444
0.7363420427553444
0.7363420427553444
0.7363420427553444
0.7363420427553444
0.7363420427553444
0.7363420427553444
0.7363420427553444
0.7363420427553444
0.7363420427553444
0.7363420427553444
0.7315914489311164
0.7315914489311164
0.7315914489311164
0.7315914489311164
0.7315914489311164
0.7315914489311164
0.7315914489311164
0.7315914489311164
0.7315914489311164
0.7315914489311164
0.7315914489311164
0.7315914489311164
0.7315914489311164
0.7315914489311164
0.7315914489311164
0.7315914489311164
0.7315914489311164
0.7315914489311164
0.7315914489311164
0.7315914489311164
0.7315914489311164
0.7315914489311164
0.7315914489311164
0.7315914489311164
0.7315914489311164
0.7315914489311164
0.6952595936794582
0.6952595936794582
0.6952595936794582
0.6952595936794582
0.6952595936794582
0.7695961995249406
0.7695961995249406
0.7695961995249406
0.7695961995249406
0.7695961995249406
0.7695961995249406
0.7695961995249406
0.7695961995249406
0.7695961995249406
0.7695961995249406
0.7695961995249406
0.7695961995249406
0.7695961995249406
0.7695961995249406
0.7695961995249406
0.7695961995249406
0.7695961995249406
0.7695961995249406
0.7695961995249406
0.7695961995249406
0.7695961995249406
0.7695961995249406
0.7695961995249406
0.7695961995249406
0.7695961995249406
0.7695961995249406
0.7695961995249406
0.7695961995249406
0.7695961995249406
0.7695961995249406
0.7695961995249406
0.7695961995249406
0.7695961995249406
0.7695961995249406
0.7695961995249406
0.7695961995249406
0.7695961995249406
0.7695961995249406
0.7695961995249406
0.7695961995249406
0.7695961995249406
0.7695961995249406
0.7695961995249406
0.7695961995249406
0.7600950118764845
0.7600950118764845
0.7600950118764845
0.7600950118764845
0.7600950118764845
0.7600950118764845
0.7600950118764845
0.7600950118764845
0.7600950118764845
0.7600950118764845
0.7600950118764845
0.7600950118764845
0.7600950118764845
0.7600950118764845
0.7600950118764845
0.7600950118764845
0.7600950118764845
0.7600950118764845
0.7600950118764845
0.7600950118764845
0.7600950118764845
0.7600950118764845
0.7600950118764845
0.7600950118764845
0.7600950118764845
0.7600950118764845
0.7600950118764845
0.7600950118764845
0.7600950118764845
0.7600950118764845
0.7600950118764845
0.7600950118764845
0.7600950118764845
0.7600950118764845
0.7600950118764845
0.7600950118764845
0.7600950118764845
0.7600950118764845
0.7600950118764845
0.7600950118764845
0.7600950118764845
0.7600950118764845
0.7600950118764845
0.7600950118764845
0.7600950118764845
0.7600950118764845
0.7600950118764845
0.7600950118764845
0.7600950118764845
0.7600950118764845
0.7600950118764845
0.7600950118764845
0.7600950118764845
0.7600950118764845
0.7600950118764845
0.7600950118764845
0.7695961995249406
0.7695961995249406
0.7695961995249406
0.7695961995249406
0.7695961995249406
0.7695961995249406
0.7695961995249406
0.7695961995249406
0.7695961995249406
0.7695961995249406
0.7695961995249406
0.7695961995249406
0.7695961995249406
0.7695961995249406
0.7695961995249406
0.7695961995249406
0.7695961995249406
0.7695961995249406
0.7695961995249406
0.7695961995249406
0.7695961995249406
0.7695961995249406
0.7695961995249406
0.7695961995249406
0.7695961995249406
0.7695961995249406
0.7695961995249406
0.7695961995249406
0.7695961995249406
0.7695961995249406
0.7695961995249406
0.7695961995249406
0.7695961995249406
0.7695961995249406
0.7695961995249406
0.7695961995249406
0.6997742663656885
0.6997742663656885
0.6997742663656885
0.6997742663656885
0.6997742663656885
0.6997742663656885
0.6997742663656885
0.6997742663656885
0.6997742663656885
0.6997742663656885
0.6997742663656885
0.6997742663656885
0.6997742663656885
0.6738197424892703
0.6408163265306123
0.6408163265306123
0.6408163265306123
0.6408163265306123
0.6408163265306123
0.6408163265306123
0.6326530612244898
0.6326530612244898
0.6326530612244898
0.6326530612244898
0.6326530612244898
0.6408163265306123
0.6408163265306123
0.6408163265306123
0.6408163265306123
0.6408163265306123
0.6408163265306123
0.6408163265306123
0.6408163265306123
0.6408163265306123
0.6408163265306123
0.6408163265306123
0.6408163265306123
0.6408163265306123
0.6408163265306123
0.6781115879828327
0.6781115879828327
0.6781115879828327
0.6781115879828327
0.6781115879828327
0.6781115879828327
0.6997742663656885
0.6997742663656885
0.6997742663656885
0.6997742663656885
0.6997742663656885
0.6997742663656885
0.6997742663656885
0.6997742663656885
0.7042889390519187
0.7042889390519187
0.7042889390519187
0.7042889390519187
0.7042889390519187
0.7042889390519187
0.7042889390519187
0.7042889390519187
0.7042889390519187
0.7042889390519187
0.7042889390519187
0.7695961995249406
0.7695961995249406
0.7695961995249406
0.7695961995249406
0.7695961995249406
0.7695961995249406
0.7695961995249406
0.7695961995249406
0.7695961995249406
0.7695961995249406
0.7695961995249406
0.7695961995249406
0.7695961995249406
0.7695961995249406
0.7695961995249406
0.7695961995249406
0.7695961995249406
0.7695961995249406
0.7695961995249406
0.7695961995249406
0.7695961995249406
0.7695961995249406
0.7695961995249406
0.7695961995249406
0.7695961995249406
0.7695961995249406
0.7695961995249406
0.7695961995249406
0.7695961995249406
0.7695961995249406
0.7695961995249406
0.7695961995249406
0.7695961995249406
0.7695961995249406
0.7695961995249406
0.7695961995249406
0.7695961995249406
0.7695961995249406
0.7695961995249406
0.7695961995249406
0.7695961995249406
0.7695961995249406
0.7695961995249406
0.7695961995249406
0.7695961995249406
0.7695961995249406
0.7695961995249406
0.7695961995249406
0.7695961995249406
0.7695961995249406
0.7695961995249406
0.7695961995249406
0.7695961995249406
0.7695961995249406
0.7695961995249406
0.7695961995249406
0.7695961995249406
0.7695961995249406
0.7695961995249406
0.7695961995249406
0.7695961995249406
0.7695961995249406
0.7695961995249406
0.7695961995249406
0.7695961995249406
0.7695961995249406
0.7695961995249406
0.7695961995249406
0.7695961995249406
0.7695961995249406
0.7695961995249406
0.7695961995249406
0.7695961995249406
0.7695961995249406
0.7695961995249406
0.7695961995249406
0.7695961995249406
0.7695961995249406
0.7695961995249406
0.7695961995249406
0.7695961995249406
0.7695961995249406
0.7695961995249406
0.7695961995249406
0.7695961995249406
0.7695961995249406
0.7695961995249406
0.7695961995249406
0.7600950118764845
0.7600950118764845
0.7600950118764845
0.7600950118764845
0.7600950118764845
0.7600950118764845
0.7600950118764845
0.7600950118764845
0.7600950118764845
0.7600950118764845
0.7600950118764845
0.7600950118764845
0.7695961995249406
0.7695961995249406
0.7078384798099763
0.7078384798099763
0.7078384798099763
0.7078384798099763
0.7078384798099763
0.7078384798099763
0.7078384798099763
0.7078384798099763
0.7078384798099763
0.7078384798099763
0.7078384798099763
0.7078384798099763
0.7078384798099763
0.7078384798099763
0.7078384798099763
0.7078384798099763
0.665083135391924
0.600451467268623
0.600451467268623
0.600451467268623
0.600451467268623
0.600451467268623
0.600451467268623
0.600451467268623
0.582392776523702
0.6365795724465558
0.6365795724465558
0.6365795724465558
0.6365795724465558
0.6365795724465558
0.6318289786223278
0.6318289786223278
0.6318289786223278
0.6318289786223278
0.6318289786223278
0.6318289786223278
0.6318289786223278
0.6318289786223278
0.6318289786223278
0.6318289786223278
0.6318289786223278
0.6318289786223278
0.6318289786223278
0.6318289786223278
0.6318289786223278
0.6318289786223278
0.6318289786223278
0.6318289786223278
0.6318289786223278
0.6318289786223278
0.6318289786223278
0.6318289786223278
0.6318289786223278
0.6318289786223278
0.6318289786223278
0.6318289786223278
0.6318289786223278
0.6318289786223278
0.6318289786223278
0.6318289786223278
0.6318289786223278
0.6318289786223278
0.6318289786223278
0.6318289786223278
0.6318289786223278
0.6318289786223278
0.5748218527315915
0.5748218527315915
0.5748218527315915
0.5748218527315915
0.5748218527315915
0.5748218527315915
0.5748218527315915
0.5748218527315915
0.5748218527315915
0.5748218527315915
0.5748218527315915
0.5748218527315915
0.5748218527315915
0.5748218527315915
0.5748218527315915
0.5748218527315915
0.5748218527315915
0.595
0.595
0.595
0.595
0.595
0.595
0.595
0.595
0.595
0.595
0.595
0.595
0.595
0.595
0.595
0.7695961995249406
0.7695961995249406
0.7695961995249406
0.7695961995249406
0.7695961995249406
0.7695961995249406
0.7695961995249406
0.7695961995249406
0.7695961995249406
0.7695961995249406
0.7695961995249406
0.7695961995249406
0.7695961995249406
0.7695961995249406
0.7695961995249406
0.7695961995249406
0.7695961995249406
0.7695961995249406
0.7695961995249406
0.7695961995249406
0.7695961995249406
0.7695961995249406
0.7695961995249406
0.7695961995249406
0.7695961995249406
0.7695961995249406
0.7695961995249406
0.7695961995249406
0.7695961995249406
0.7695961995249406
0.7553444180522565
0.7553444180522565
0.7553444180522565
0.7553444180522565
0.7553444180522565
0.7553444180522565
0.7553444180522565
0.7553444180522565
0.7553444180522565
0.7553444180522565
0.7553444180522565
0.7553444180522565
0.7695961995249406
0.7695961995249406
0.7695961995249406
0.7695961995249406
0.7695961995249406
0.7695961995249406
0.7695961995249406
0.7695961995249406
0.7695961995249406
0.7695961995249406
0.7695961995249406
0.7695961995249406
0.7695961995249406
0.7695961995249406
0.7223476297968398
0.7223476297968398
0.7223476297968398
0.7223476297968398
0.7223476297968398
0.7223476297968398
0.7223476297968398
0.7223476297968398
0.7223476297968398
0.7223476297968398
0.7223476297968398
0.6866952789699571
0.6866952789699571
0.6866952789699571
0.6866952789699571
0.6866952789699571
0.6866952789699571
0.6866952789699571
0.6866952789699571
0.6866952789699571
0.6866952789699571
0.6866952789699571
0.6866952789699571
0.6866952789699571
0.6866952789699571
0.6866952789699571
0.6866952789699571
0.6866952789699571
0.6866952789699571
0.6866952789699571
0.6866952789699571
0.6866952789699571
0.6866952789699571
0.6866952789699571
0.7223476297968398
0.7223476297968398
0.7223476297968398
0.7223476297968398
0.7223476297968398
0.7223476297968398
0.7223476297968398
0.7223476297968398
0.7223476297968398
0.7223476297968398
0.7695961995249406
0.7695961995249406
0.7695961995249406
0.7695961995249406
0.7695961995249406
0.7695961995249406
0.7695961995249406
0.7695961995249406
0.7695961995249406
0.7695961995249406
0.7695961995249406
0.7695961995249406
0.7695961995249406
0.7695961995249406
0.7695961995249406
0.7695961995249406
0.7695961995249406
0.7695961995249406
0.7695961995249406
0.7695961995249406
0.7695961995249406
0.7695961995249406
0.7695961995249406
0.7695961995249406
0.7695961995249406
0.7695961995249406
0.7695961995249406
0.7695961995249406
0.7695961995249406
0.7695961995249406
0.7695961995249406
0.7695961995249406
0.7695961995249406
0.7695961995249406
0.7695961995249406
0.7695961995249406
0.7695961995249406
0.7695961995249406
0.7695961995249406
0.7695961995249406
0.7695961995249406
0.7695961995249406
0.7695961995249406
0.7695961995249406
0.7695961995249406
0.7695961995249406
0.7695961995249406
0.7695961995249406
0.7695961995249406
0.7695961995249406
0.7695961995249406
0.7695961995249406
0.7695961995249406
0.7695961995249406
0.7695961995249406
0.7695961995249406
0.7695961995249406
0.7695961995249406
0.7695961995249406
0.7695961995249406
0.7695961995249406
0.7695961995249406
0.7695961995249406
0.7695961995249406
0.7695961995249406
0.7695961995249406
0.7695961995249406
0.7695961995249406
0.7695961995249406
0.7695961995249406
0.7695961995249406
0.7695961995249406
0.7695961995249406
0.7695961995249406
0.7695961995249406
0.7695961995249406
0.7695961995249406
0.7695961995249406
0.7695961995249406
0.7695961995249406
0.7695961995249406
0.7695961995249406
0.7695961995249406
0.7695961995249406
0.7695961995249406
0.7695961995249406
0.7695961995249406
0.7695961995249406
0.7695961995249406
0.7695961995249406
0.7695961995249406
0.7695961995249406
0.708803611738149
0.708803611738149
0.708803611738149
0.6555819477434679
0.6555819477434679
0.6555819477434679
0.6555819477434679
0.6555819477434679
0.7695961995249406
0.7695961995249406
0.7695961995249406
0.7695961995249406
0.7695961995249406
0.7695961995249406
0.7695961995249406
0.7695961995249406
0.7695961995249406
0.7695961995249406
0.7695961995249406
0.7695961995249406
0.7695961995249406
0.7695961995249406
0.7695961995249406
0.7695961995249406
0.7695961995249406
0.7695961995249406
0.7695961995249406
0.7695961995249406
0.7695961995249406
0.7695961995249406
0.7695961995249406
0.7695961995249406
0.7695961995249406
0.7695961995249406
0.7695961995249406
0.69
0.68
0.6365795724465558
0.6365795724465558
0.6365795724465558
0.6365795724465558
0.6365795724465558
0.6365795724465558
0.6365795724465558
0.6365795724465558
0.6365795724465558
0.6365795724465558
0.6365795724465558
0.6365795724465558
0.6365795724465558
0.6365795724465558
0.6365795724465558
0.6365795724465558
0.6365795724465558
0.6365795724465558
0.6365795724465558
0.6365795724465558
0.6365795724465558
0.6365795724465558
0.6365795724465558
0.6365795724465558
0.6365795724465558
0.6365795724465558
0.6365795724465558
0.6094808126410836
0.618510158013544
0.618510158013544
0.618510158013544
0.618510158013544
0.618510158013544
0.618510158013544
0.618510158013544
0.618510158013544
0.618510158013544
0.618510158013544
0.618510158013544
0.618510158013544
0.618510158013544
0.6318289786223278
0.6318289786223278
0.6318289786223278
0.5836734693877551
0.5514563106796116
0.5514563106796116
0.5514563106796116
0.5514563106796116
0.5514563106796116
0.5514563106796116
0.5514563106796116
0.5714285714285714
0.5714285714285714
0.5714285714285714
0.5714285714285714
0.6051502145922747
0.6051502145922747
0.6051502145922747
0.6051502145922747
0.6051502145922747
0.6051502145922747
0.6051502145922747
0.6051502145922747
0.6051502145922747
0.6051502145922747
0.6051502145922747
0.6051502145922747
0.6051502145922747
0.6051502145922747
0.6051502145922747
0.7695961995249406
0.7695961995249406
0.7695961995249406
0.7695961995249406
0.7695961995249406
0.7695961995249406
0.7695961995249406
0.7695961995249406
0.7695961995249406
0.7695961995249406
0.7695961995249406
0.7695961995249406
0.7695961995249406
0.7695961995249406
0.7695961995249406
0.7695961995249406
0.7695961995249406
0.7695961995249406
0.7695961995249406
0.7695961995249406
0.7695961995249406
0.7695961995249406
0.7695961995249406
0.7695961995249406
0.7695961995249406
0.7695961995249406
0.7695961995249406
0.7695961995249406
0.7695961995249406
0.7695961995249406
0.7695961995249406
0.7695961995249406
0.7695961995249406
0.7695961995249406
0.7695961995249406
0.7695961995249406
0.7695961995249406
0.7695961995249406
0.7695961995249406
0.7695961995249406
0.7695961995249406
0.7695961995249406
0.7695961995249406
0.7695961995249406
0.7695961995249406
0.7695961995249406
0.7695961995249406
0.7695961995249406
0.7695961995249406
0.7695961995249406
0.7695961995249406
0.7695961995249406
0.7695961995249406
0.7695961995249406
0.7695961995249406
0.7695961995249406
0.7695961995249406
0.7695961995249406
0.7695961995249406
0.7695961995249406
0.7695961995249406
0.7695961995249406
0.7695961995249406
0.7695961995249406
0.7695961995249406
0.7695961995249406
0.7695961995249406
0.7695961995249406
0.7695961995249406
0.7695961995249406
0.7695961995249406
0.7695961995249406
0.7695961995249406
0.7695961995249406
0.7695961995249406
0.7695961995249406
0.7695961995249406
0.7695961995249406
0.7695961995249406
0.7695961995249406
0.7695961995249406
0.7695961995249406
0.7695961995249406
0.7695961995249406
0.7695961995249406
0.7695961995249406
0.7695961995249406
0.7695961995249406
0.7695961995249406
0.7695961995249406
0.7695961995249406
0.7695961995249406
0.7695961995249406
0.7695961995249406
0.7695961995249406
0.7695961995249406
0.7695961995249406
0.7695961995249406
0.7695961995249406
0.7695961995249406
0.7695961995249406
0.7695961995249406
0.7695961995249406
0.7695961995249406
0.7695961995249406
0.7695961995249406
0.7695961995249406
0.7695961995249406
0.7695961995249406
0.7404063205417607
0.7404063205417607
0.7404063205417607
0.7404063205417607
0.7404063205417607
0.6738197424892703
0.6738197424892703
0.6738197424892703
0.6738197424892703
0.6738197424892703
0.6738197424892703
0.6738197424892703
0.6997742663656885
0.6997742663656885
0.6997742663656885
0.6997742663656885
0.6997742663656885
0.6997742663656885
0.6997742663656885
0.684085510688836
0.684085510688836
0.684085510688836
0.684085510688836
0.684085510688836
0.684085510688836
0.684085510688836
0.6793349168646081
0.6793349168646081
0.6793349168646081
0.6793349168646081
0.6793349168646081
0.6793349168646081
0.6793349168646081
0.6793349168646081
0.6508313539192399
0.6508313539192399
0.6508313539192399
0.6508313539192399
0.6555819477434679
0.6555819477434679
0.6555819477434679
0.6555819477434679
0.6555819477434679
0.6555819477434679
0.6555819477434679
0.6555819477434679
0.6555819477434679
0.636568848758465
0.636568848758465
0.636568848758465
0.636568848758465
0.636568848758465
0.636568848758465
0.636568848758465
0.636568848758465
0.6555819477434679
0.6555819477434679
0.6555819477434679
0.6555819477434679
0.6555819477434679
0.6555819477434679
0.6555819477434679
0.6555819477434679
0.6555819477434679
0.6555819477434679
0.6555819477434679
0.6555819477434679
0.6555819477434679
0.6230248306997742
0.6555819477434679
0.6555819477434679
0.6555819477434679
0.6555819477434679
0.6555819477434679
0.6555819477434679
0.6555819477434679
0.6555819477434679
0.6555819477434679
0.6555819477434679
0.6555819477434679
0.6555819477434679
0.6555819477434679
0.6555819477434679
0.6555819477434679
0.6555819477434679
0.6555819477434679
0.6555819477434679
0.6555819477434679
0.6555819477434679
0.63
0.6210526315789474
0.7695961995249406
0.7695961995249406
0.7695961995249406
0.7695961995249406
0.7695961995249406
0.7695961995249406
0.7695961995249406
0.7695961995249406
0.7695961995249406
0.7695961995249406
0.7695961995249406
0.7695961995249406
0.7695961995249406
0.7695961995249406
0.7695961995249406
0.7695961995249406
0.7695961995249406
0.7695961995249406
0.7695961995249406
0.7695961995249406
0.7695961995249406
0.7695961995249406
0.7695961995249406
0.7695961995249406
0.7695961995249406
0.7695961995249406
0.7695961995249406
0.7695961995249406
0.7695961995249406
0.708803611738149
0.708803611738149
0.708803611738149
0.708803611738149
0.708803611738149
0.708803611738149
0.708803611738149
0.708803611738149
0.708803611738149
0.708803611738149
0.708803611738149
0.708803611738149
0.708803611738149
0.708803611738149
0.708803611738149
0.708803611738149
0.708803611738149
0.7695961995249406
0.7695961995249406
0.7695961995249406
0.7695961995249406
0.7695961995249406
0.7695961995249406
0.7695961995249406
0.7695961995249406
0.7695961995249406
0.7695961995249406
0.7695961995249406
0.7695961995249406
0.7695961995249406
0.7695961995249406
0.7695961995249406
0.7695961995249406
0.7695961995249406
0.7695961995249406
0.7695961995249406
0.7695961995249406
0.7695961995249406
0.7695961995249406
0.7695961995249406
0.7695961995249406
0.7695961995249406
0.7695961995249406
0.7695961995249406
0.7695961995249406
0.7458432304038005
0.7458432304038005
0.7458432304038005
0.7458432304038005
0.7458432304038005
0.7458432304038005
0.7458432304038005
0.7458432304038005
0.7458432304038005
0.7458432304038005
0.7458432304038005
0.7458432304038005
0.7458432304038005
0.7458432304038005
0.7458432304038005
0.7458432304038005
0.7458432304038005
0.7458432304038005
0.7458432304038005
0.7458432304038005
0.7458432304038005
0.7458432304038005
0.7458432304038005
0.7458432304038005
0.7458432304038005
0.7458432304038005
0.7695961995249406
0.7695961995249406
0.7695961995249406
0.7695961995249406
0.7695961995249406
0.7695961995249406
0.7695961995249406
0.7695961995249406
0.7695961995249406
0.7695961995249406
0.7695961995249406
0.7695961995249406
0.7695961995249406
0.7695961995249406
0.7695961995249406
0.7695961995249406
0.7695961995249406
0.7695961995249406
0.7695961995249406
0.7695961995249406
0.7695961995249406
0.7695961995249406
0.7695961995249406
0.7695961995249406
0.7695961995249406
0.7695961995249406
0.7695961995249406
0.7695961995249406
0.7695961995249406
0.7695961995249406
0.7695961995249406
0.7695961995249406
0.7695961995249406
0.7695961995249406
0.7695961995249406
0.7695961995249406
0.7695961995249406
0.7695961995249406
0.7695961995249406
0.7695961995249406
0.7695961995249406
0.7695961995249406
0.7695961995249406
0.7695961995249406
0.7695961995249406
0.7695961995249406
0.7695961995249406
0.7695961995249406
0.7695961995249406
0.7695961995249406
0.7695961995249406
0.7695961995249406
0.7695961995249406
0.7695961995249406
0.7695961995249406
0.7695961995249406
0.7695961995249406
0.7695961995249406
0.7695961995249406
0.7695961995249406
0.7695961995249406
0.7695961995249406
0.7695961995249406
0.7695961995249406
0.7695961995249406
0.7695961995249406
0.7695961995249406
0.7695961995249406
0.7695961995249406
0.7695961995249406
0.7695961995249406
0.7695961995249406
0.7695961995249406
0.7695961995249406
0.7695961995249406
0.7695961995249406
0.7695961995249406
0.7695961995249406
0.7695961995249406
0.7695961995249406
0.7695961995249406
0.7695961995249406
0.7695961995249406
0.7695961995249406
0.7695961995249406
0.7695961995249406
0.7695961995249406
0.7695961995249406
0.7695961995249406
0.7695961995249406
0.7695961995249406
0.7695961995249406
0.7695961995249406
0.7695961995249406
0.7695961995249406
0.7695961995249406
0.7695961995249406
0.7695961995249406
0.7695961995249406
0.7695961995249406
0.7695961995249406
0.7695961995249406
0.7358916478555305
0.7358916478555305
0.7358916478555305
0.7358916478555305
0.7358916478555305
0.7358916478555305
0.7358916478555305
0.7358916478555305
0.7695961995249406
0.7695961995249406
0.7695961995249406
0.7695961995249406
0.7695961995249406
0.7695961995249406
0.7695961995249406
0.7695961995249406
0.7695961995249406
0.7695961995249406
0.7695961995249406
0.7695961995249406
0.7695961995249406
0.7695961995249406
0.7695961995249406
0.7695961995249406
0.7695961995249406
0.7695961995249406
0.7695961995249406
0.7695961995249406
0.7695961995249406
0.7695961995249406
0.7695961995249406
0.7695961995249406
0.7695961995249406
0.7695961995249406
0.7695961995249406
0.7695961995249406
0.7695961995249406
0.7695961995249406
0.7695961995249406
0.7695961995249406
0.672686230248307
0.672686230248307
0.672686230248307
0.672686230248307
0.672686230248307
0.6695278969957081
0.6695278969957081
0.6695278969957081
0.6695278969957081
0.6695278969957081
0.6695278969957081
0.6652360515021459
0.6652360515021459
0.6652360515021459
0.6652360515021459
0.6652360515021459
0.6695278969957081
0.6695278969957081
0.6695278969957081
0.6695278969957081
0.6695278969957081
0.6695278969957081
0.6695278969957081
0.6695278969957081
0.6695278969957081
0.6695278969957081
0.6695278969957081
0.6695278969957081
0.6695278969957081
0.6695278969957081
0.6695278969957081
0.6695278969957081
0.6695278969957081
0.6695278969957081
0.6681715575620768
0.6681715575620768
0.6681715575620768
0.6681715575620768
0.6681715575620768
0.6681715575620768
0.6681715575620768
0.6175771971496437
0.6175771971496437
0.55
0.55
0.5578947368421052
0.5578947368421052
0.5578947368421052
0.5578947368421052
0.5578947368421052
0.5578947368421052
0.5578947368421052
0.5578947368421052
0.5578947368421052
0.575
0.575
0.575
0.575
0.7695961995249406
0.7695961995249406
0.7695961995249406
0.7695961995249406
0.7695961995249406
0.7553444180522565
0.7553444180522565
0.7553444180522565
0.7553444180522565
0.7553444180522565
0.7553444180522565
0.7553444180522565
0.7553444180522565
0.7553444180522565
0.7553444180522565
0.7553444180522565
0.7553444180522565
0.7553444180522565
0.7553444180522565
0.7553444180522565
0.7553444180522565
0.7553444180522565
0.7553444180522565
0.7553444180522565
0.7553444180522565
0.7553444180522565
0.7553444180522565
0.7553444180522565
0.7553444180522565
0.7553444180522565
0.7553444180522565
0.7553444180522565
0.7553444180522565
0.7553444180522565
0.7553444180522565
0.7553444180522565
0.7553444180522565
0.7553444180522565
0.7553444180522565
0.7553444180522565
0.7553444180522565
0.7553444180522565
0.7553444180522565
0.7553444180522565
0.6952595936794582
0.6952595936794582
0.6952595936794582
0.6952595936794582
0.6523605150214592
0.6523605150214592
0.6523605150214592
0.6523605150214592
0.6523605150214592
0.6523605150214592
0.6266094420600858
0.6266094420600858
0.6266094420600858
0.6266094420600858
0.6266094420600858
0.6266094420600858
0.6266094420600858
0.6266094420600858
0.6266094420600858
0.6266094420600858
0.6266094420600858
0.6266094420600858
0.6266094420600858
0.6266094420600858
0.6266094420600858
0.6266094420600858
0.6266094420600858
0.6266094420600858
0.6266094420600858
0.6266094420600858
0.6266094420600858
0.6266094420600858
0.6266094420600858
0.6266094420600858
0.6266094420600858
0.6266094420600858
0.6266094420600858
0.575107296137339
0.575107296137339
0.5507900677200903
0.5510688836104513
0.5510688836104513
0.5510688836104513
0.5510688836104513
0.5510688836104513
0.5510688836104513
0.5510688836104513
0.5510688836104513
0.5507900677200903
0.5507900677200903
0.5507900677200903
0.5507900677200903
0.5510688836104513
0.5510688836104513
0.5510688836104513
0.5510688836104513
0.7695961995249406
0.7695961995249406
0.7695961995249406
0.7695961995249406
0.7695961995249406
0.7695961995249406
0.7695961995249406
0.7695961995249406
0.7695961995249406
0.7695961995249406
0.7695961995249406
0.7695961995249406
0.7695961995249406
0.7695961995249406
0.7695961995249406
0.7695961995249406
0.7695961995249406
0.7695961995249406
0.7695961995249406
0.7695961995249406
0.7695961995249406
0.7695961995249406
0.7695961995249406
0.7695961995249406
0.7695961995249406
0.7695961995249406
0.7695961995249406
0.7695961995249406
0.7695961995249406
0.7695961995249406
0.7695961995249406
0.7695961995249406
0.7695961995249406
0.7695961995249406
0.7695961995249406
0.7695961995249406
0.7695961995249406
0.7695961995249406
0.7695961995249406
0.7695961995249406
0.7695961995249406
0.7695961995249406
0.7695961995249406
0.7695961995249406
0.7695961995249406
0.7695961995249406
0.7695961995249406
0.7695961995249406
0.7695961995249406
0.7695961995249406
0.7695961995249406
0.7695961995249406
0.7695961995249406
0.7695961995249406
0.7695961995249406
0.7695961995249406
0.7695961995249406
0.7695961995249406
0.7695961995249406
0.7695961995249406
0.7695961995249406
0.7695961995249406
0.7695961995249406
0.7695961995249406
0.7695961995249406
0.7695961995249406
0.7695961995249406
0.7695961995249406
0.7695961995249406
0.7695961995249406
0.7695961995249406
0.7695961995249406
0.7695961995249406
0.7695961995249406
0.7695961995249406
0.7695961995249406
0.7695961995249406
0.7695961995249406
0.7695961995249406
0.7695961995249406
0.7695961995249406
0.7695961995249406
0.7695961995249406
0.7695961995249406
0.7600950118764845
0.7600950118764845
0.7553444180522565
0.7553444180522565
0.7553444180522565
0.7553444180522565
0.7553444180522565
0.7553444180522565
0.7553444180522565
0.7553444180522565
0.7553444180522565
0.7553444180522565
0.7553444180522565
0.7553444180522565
0.7553444180522565
0.7553444180522565
0.7695961995249406
0.7695961995249406
0.7695961995249406
0.7695961995249406
0.7695961995249406
0.7695961995249406
0.7695961995249406
0.7695961995249406
0.7695961995249406
0.7695961995249406
0.7695961995249406
0.7695961995249406
0.7695961995249406
0.7695961995249406
0.7695961995249406
0.7695961995249406
0.7695961995249406
0.7695961995249406
0.7695961995249406
0.7695961995249406
0.7695961995249406
0.7695961995249406
0.7695961995249406
0.7695961995249406
0.7695961995249406
0.7695961995249406
0.7695961995249406
0.7695961995249406
0.7695961995249406
0.7695961995249406
0.7695961995249406
0.7695961995249406
0.7695961995249406
0.7695961995249406
0.7695961995249406
0.7695961995249406
0.7695961995249406
0.7695961995249406
0.7695961995249406
0.7695961995249406
0.7695961995249406
0.7695961995249406
0.7695961995249406
0.7695961995249406
0.7695961995249406
0.7695961995249406
0.7695961995249406
0.7695961995249406
0.7358916478555305
0.7358916478555305
0.6824034334763949
0.6824034334763949
0.6824034334763949
0.6824034334763949
0.6824034334763949
0.6824034334763949
0.6824034334763949
0.6824034334763949
0.6824034334763949
0.6824034334763949
0.6824034334763949
0.6824034334763949
0.6824034334763949
0.6952595936794582
0.6952595936794582
0.6952595936794582
0.6952595936794582
0.6952595936794582
0.7553444180522565
0.7553444180522565
0.7553444180522565
0.7553444180522565
0.7553444180522565
0.7553444180522565
0.7553444180522565
0.7553444180522565
0.7553444180522565
0.7553444180522565
0.7553444180522565
0.7553444180522565
0.7553444180522565
0.7553444180522565
0.7553444180522565
0.7553444180522565
0.7553444180522565
0.7553444180522565
0.7553444180522565
0.7553444180522565
0.7553444180522565
0.7553444180522565
0.7553444180522565
0.7553444180522565
0.7553444180522565
0.7553444180522565
0.7553444180522565
0.7553444180522565
0.7553444180522565
0.7553444180522565
0.7553444180522565
0.7553444180522565
0.7695961995249406
0.7695961995249406
0.7695961995249406
0.7695961995249406
0.7695961995249406
0.7695961995249406
0.7695961995249406
0.7695961995249406
0.7695961995249406
0.7695961995249406
0.7
0.7
0.7
0.7
0.7
0.7
0.7
0.7
0.7
0.7
0.7
0.7
0.7
0.7
0.7
0.7
0.7
0.7
0.7
0.7
0.7
0.7
0.7
0.7
0.7
0.7
0.7
0.7
0.7
0.7
0.7
0.7
0.7
0.7
0.7
0.7
0.7
0.7
0.7
0.7
0.7
0.7
0.7
0.7
0.7
0.7
0.7
0.7
0.7
0.7
0.7
0.7
0.7
0.7
0.7
0.7
0.7
0.7
0.7
0.7
0.7
0.7
0.7
0.7
0.7
0.7
0.7
0.7
0.7
0.7
0.7
0.7
0.7
0.7
0.7
0.6210526315789474
0.6210526315789474
0.6052631578947368
0.6052631578947368
0.6052631578947368
0.6052631578947368
0.6052631578947368
0.6052631578947368
0.6052631578947368
0.67
0.67
0.67
0.67
0.6368421052631579
0.6368421052631579
0.7695961995249406
0.7695961995249406
0.7695961995249406
0.7695961995249406
0.7695961995249406
0.7695961995249406
0.7695961995249406
0.7695961995249406
0.7695961995249406
0.7695961995249406
0.7695961995249406
0.7695961995249406
0.7695961995249406
0.7695961995249406
0.7695961995249406
0.7695961995249406
0.7695961995249406
0.7695961995249406
0.69
0.69
0.69
0.69
0.69
0.69
0.69
0.69
0.69
0.69
0.69
0.69
0.69
0.69
0.69
0.69
0.69
0.69
0.69
0.69
0.69
0.69
0.69
0.69
0.69
0.69
0.69
0.69
0.69
0.69
0.69
0.69
0.69
0.69
0.69
0.69
0.69
0.69
0.69
0.69
0.69
0.6105263157894737
0.6105263157894737
0.5706371191135734
0.5706371191135734
0.5706371191135734
0.5706371191135734
0.5526315789473685
0.5526315789473685
0.5817174515235457
0.5817174515235457
0.5817174515235457
0.5817174515235457
0.5817174515235457
0.5817174515235457
0.5817174515235457
0.5817174515235457
0.5817174515235457
0.5817174515235457
0.5817174515235457
0.5817174515235457
0.531578947368421
0.531578947368421
0.531578947368421
0.531578947368421
0.5421052631578948
0.5421052631578948
0.5421052631578948
0.5421052631578948
0.5421052631578948
0.5421052631578948
0.5761772853185596
0.5761772853185596
0.5761772853185596
0.5761772853185596
0.5761772853185596
0.5761772853185596
0.5789473684210527
0.5789473684210527
0.5789473684210527
0.5789473684210527
0.575
0.7695961995249406
0.7695961995249406
0.7695961995249406
0.7695961995249406
0.7695961995249406
0.7695961995249406
0.7695961995249406
0.7695961995249406
0.7695961995249406
0.7695961995249406
0.7695961995249406
0.7695961995249406
0.7695961995249406
0.7695961995249406
0.7695961995249406
0.7695961995249406
0.7695961995249406
0.7695961995249406
0.7695961995249406
0.7695961995249406
0.7695961995249406
0.7695961995249406
0.7695961995249406
0.7695961995249406
0.7695961995249406
0.7695961995249406
0.7695961995249406
0.7695961995249406
0.7695961995249406
0.7695961995249406
0.7695961995249406
0.7695961995249406
0.7695961995249406
0.7695961995249406
0.7695961995249406
0.7695961995249406
0.7695961995249406
0.7695961995249406
0.7695961995249406
0.7695961995249406
0.7695961995249406
0.7695961995249406
0.7695961995249406
0.7695961995249406
0.7695961995249406
0.7695961995249406
0.7695961995249406
0.7695961995249406
0.7695961995249406
0.7695961995249406
0.7695961995249406
0.7695961995249406
0.7695961995249406
0.7695961995249406
0.7695961995249406
0.7695961995249406
0.7695961995249406
0.7695961995249406
0.7695961995249406
0.7695961995249406
0.7695961995249406
0.7695961995249406
0.7695961995249406
0.7695961995249406
0.7695961995249406
0.7695961995249406
0.7695961995249406
0.7695961995249406
0.7695961995249406
0.7695961995249406
0.7358916478555305
0.7358916478555305
0.7358916478555305
0.7358916478555305
0.7553444180522565
0.7553444180522565
0.7553444180522565
0.7553444180522565
0.7553444180522565
0.7553444180522565
0.7553444180522565
0.7553444180522565
0.7553444180522565
0.7553444180522565
0.7553444180522565
0.7553444180522565
0.7553444180522565
0.7553444180522565
0.7553444180522565
0.7553444180522565
0.7553444180522565
0.7553444180522565
0.7553444180522565
0.7553444180522565
0.7553444180522565
0.7584650112866818
0.7584650112866818
0.7584650112866818
0.7584650112866818
0.7584650112866818
0.7695961995249406
0.7695961995249406
0.7695961995249406
0.7695961995249406
0.7695961995249406
0.7695961995249406
0.7695961995249406
0.7695961995249406
0.7695961995249406
0.7695961995249406
0.7695961995249406
0.7695961995249406
0.7695961995249406
0.7695961995249406
0.7695961995249406
0.7695961995249406
0.7695961995249406
0.7695961995249406
0.7695961995249406
0.7695961995249406
0.7358916478555305
0.7358916478555305
0.7358916478555305
0.7358916478555305
0.684085510688836
0.684085510688836
0.684085510688836
0.684085510688836
0.684085510688836
0.684085510688836
0.684085510688836
0.684085510688836
0.71
0.71
0.71
0.71
0.71
0.71
0.71
0.71
0.71
0.71
0.71
0.6745843230403801
0.6745843230403801
0.6745843230403801
0.6745843230403801
0.6745843230403801
0.6745843230403801
0.6745843230403801
0.6455981941309256
0.6455981941309256
0.6455981941309256
0.6455981941309256
0.6455981941309256
0.6455981941309256
0.6745843230403801
0.6745843230403801
0.6745843230403801
0.6745843230403801
0.6745843230403801
0.6745843230403801
0.6745843230403801
0.6745843230403801
0.665083135391924
0.665083135391924
0.636568848758465
0.636568848758465
0.6501128668171557
0.6501128668171557
0.6501128668171557
0.6501128668171557
0.6501128668171557
0.6501128668171557
0.6501128668171557
0.6501128668171557
0.5653206650831354
0.5653206650831354
0.5653206650831354
0.53
0.53
0.53
0.5
0.5
0.5
0.5
0.505
0.5083135391923991
0.5083135391923991
0.53
0.53
0.53
0.53
0.53
0.53
0.531578947368421
0.531578947368421
0.531578947368421
0.531578947368421
0.531578947368421
0.7695961995249406
0.7695961995249406
0.7695961995249406
0.7695961995249406
0.7695961995249406
0.7695961995249406
0.7695961995249406
0.7695961995249406
0.7695961995249406
0.7695961995249406
0.7695961995249406
0.7695961995249406
0.7695961995249406
0.7695961995249406
0.7695961995249406
0.7695961995249406
0.7695961995249406
0.7695961995249406
0.7695961995249406
0.7695961995249406
0.7695961995249406
0.7695961995249406
0.7695961995249406
0.7695961995249406
0.7695961995249406
0.7695961995249406
0.7695961995249406
0.7695961995249406
0.7695961995249406
0.7695961995249406
0.7695961995249406
0.7695961995249406
0.7695961995249406
0.7695961995249406
0.7695961995249406
0.7695961995249406
0.7695961995249406
0.7695961995249406
0.7695961995249406
0.7695961995249406
0.7695961995249406
0.7695961995249406
0.7695961995249406
0.7695961995249406
0.7695961995249406
0.7695961995249406
0.7695961995249406
0.7695961995249406
0.7695961995249406
0.7695961995249406
0.7695961995249406
0.7695961995249406
0.7695961995249406
0.7695961995249406
0.7695961995249406
0.7695961995249406
0.7695961995249406
0.7695961995249406
0.7695961995249406
0.7695961995249406
0.7695961995249406
0.7695961995249406
0.7695961995249406
0.7695961995249406
0.7695961995249406
0.7695961995249406
0.7695961995249406
0.7695961995249406
0.7695961995249406
0.7695961995249406
0.7695961995249406
0.7695961995249406
0.7695961995249406
0.7695961995249406
0.7404063205417607
0.7404063205417607
0.7404063205417607
0.7404063205417607
0.7404063205417607
0.7404063205417607
0.7404063205417607
0.7404063205417607
0.7404063205417607
0.7404063205417607
0.7404063205417607
0.7404063205417607
0.7404063205417607
0.7404063205417607
0.7404063205417607
0.7404063205417607
0.7404063205417607
0.7404063205417607
0.7404063205417607
0.7404063205417607
0.7404063205417607
0.7404063205417607
0.7404063205417607
0.7404063205417607
0.7404063205417607
0.7404063205417607
0.7695961995249406
0.7695961995249406
0.7695961995249406
0.7695961995249406
0.7404063205417607
0.7404063205417607
0.7404063205417607
0.7404063205417607
0.7404063205417607
0.7404063205417607
0.7404063205417607
0.7404063205417607
0.7404063205417607
0.7404063205417607
0.7404063205417607
0.7404063205417607
0.7404063205417607
0.7404063205417607
0.7404063205417607
0.7404063205417607
0.7404063205417607
0.7404063205417607
0.7404063205417607
0.7404063205417607
0.7404063205417607
0.7404063205417607
0.7404063205417607
0.7404063205417607
0.7404063205417607
0.7695961995249406
0.7695961995249406
0.7600950118764845
0.7600950118764845
0.7600950118764845
0.7600950118764845
0.7600950118764845
0.7600950118764845
0.7600950118764845
0.7600950118764845
0.7600950118764845
0.7600950118764845
0.7600950118764845
0.7600950118764845
0.7600950118764845
0.7600950118764845
0.7600950118764845
0.7600950118764845
0.7600950118764845
0.7553444180522565
0.7553444180522565
0.7553444180522565
0.7553444180522565
0.7553444180522565
0.7553444180522565
0.7553444180522565
0.7553444180522565
0.7553444180522565
0.7553444180522565
0.7553444180522565
0.7553444180522565
0.7553444180522565
0.7553444180522565
0.7553444180522565
0.7553444180522565
0.7553444180522565
0.7553444180522565
0.7553444180522565
0.7553444180522565
0.7553444180522565
0.7553444180522565
0.7553444180522565
0.7553444180522565
0.7553444180522565
0.7553444180522565
0.7553444180522565
0.7553444180522565
0.7553444180522565
0.7553444180522565
0.7553444180522565
0.7553444180522565
0.7553444180522565
0.7553444180522565
0.7553444180522565
0.7553444180522565
0.7553444180522565
0.7553444180522565
0.7553444180522565
0.7553444180522565
0.7553444180522565
0.7553444180522565
0.7553444180522565
0.7553444180522565
0.7553444180522565
0.7553444180522565
0.7553444180522565
0.7553444180522565
0.7553444180522565
0.7553444180522565
0.7553444180522565
0.7553444180522565
0.7695961995249406
0.7695961995249406
0.7695961995249406
0.7695961995249406
0.7695961995249406
0.7695961995249406
0.7695961995249406
0.7695961995249406
0.7695961995249406
0.7695961995249406
0.7695961995249406
0.7695961995249406
0.7695961995249406
0.7695961995249406
0.7695961995249406
0.7695961995249406
0.7695961995249406
0.7695961995249406
0.7695961995249406
0.7695961995249406
0.7695961995249406
0.7695961995249406
0.7695961995249406
0.7695961995249406
0.7695961995249406
0.7695961995249406
0.7695961995249406
0.7695961995249406
0.7695961995249406
0.7695961995249406
0.7695961995249406
0.7695961995249406
0.7695961995249406
0.7695961995249406
0.7695961995249406
0.7695961995249406
0.7695961995249406
0.7695961995249406
0.7695961995249406
0.7695961995249406
0.7695961995249406
0.7695961995249406
0.7695961995249406
0.7695961995249406
0.7695961995249406
0.7695961995249406
0.7458432304038005
0.7458432304038005
0.7458432304038005
0.7458432304038005
0.6772009029345373
0.6772009029345373
0.6772009029345373
0.6772009029345373
0.6772009029345373
0.6223277909738717
0.6223277909738717
0.6223277909738717
0.6223277909738717
0.6223277909738717
0.6223277909738717
0.5914221218961625
0.5914221218961625
0.5914221218961625
0.6223277909738717
0.6223277909738717
0.7
0.7
0.7
0.7
0.7
0.7
0.7
0.7
0.7
0.7
0.7
0.7
0.7
0.7
0.7
0.7
0.7
0.7
0.7
0.7
0.6603325415676959
0.6603325415676959
0.6603325415676959
0.6603325415676959
0.6603325415676959
0.6603325415676959
0.61
0.61
0.61
0.61
0.6128266033254157
0.5598194130925508
0.5558194774346793
0.5558194774346793
0.7695961995249406
0.7695961995249406
0.7695961995249406
0.7695961995249406
0.7695961995249406
0.7695961995249406
0.7695961995249406
0.7695961995249406
0.7695961995249406
0.7695961995249406
0.7695961995249406
0.7695961995249406
0.7695961995249406
0.7695961995249406
0.7695961995249406
0.7695961995249406
0.7695961995249406
0.7695961995249406
0.7358916478555305
0.7358916478555305
0.7358916478555305
0.7358916478555305
0.7358916478555305
0.7358916478555305
0.7358916478555305
0.7358916478555305
0.7358916478555305
0.7358916478555305
0.7358916478555305
0.6995708154506438
0.6995708154506438
0.6995708154506438
0.6995708154506438
0.6995708154506438
0.6995708154506438
0.6995708154506438
0.6995708154506438
0.6995708154506438
0.6995708154506438
0.6995708154506438
0.6995708154506438
0.6995708154506438
0.6995708154506438
0.6995708154506438
0.6995708154506438
0.744920993227991
0.744920993227991
0.744920993227991
0.744920993227991
0.744920993227991
0.744920993227991
0.744920993227991
0.744920993227991
0.744920993227991
0.744920993227991
0.744920993227991
0.744920993227991
0.744920993227991
0.744920993227991
0.744920993227991
0.6995708154506438
0.6995708154506438
0.6995708154506438
0.6995708154506438
0.6995708154506438
0.6995708154506438
0.6995708154506438
0.6995708154506438
0.6995708154506438
0.6995708154506438
0.6995708154506438
0.6995708154506438
0.6995708154506438
0.6995708154506438
0.6455981941309256
0.6455981941309256
0.669833729216152
0.669833729216152
0.669833729216152
0.669833729216152
0.669833729216152
0.669833729216152
0.669833729216152
0.685
0.685
0.685
0.685
0.685
0.685
0.685
0.685
0.685
0.685
0.685
0.685
0.685
0.685
0.685
0.685
0.685
0.7695961995249406
0.7695961995249406
0.7695961995249406
0.7695961995249406
0.7695961995249406
0.7695961995249406
0.7223476297968398
0.7223476297968398
0.7223476297968398
0.7223476297968398
0.7223476297968398
0.7223476297968398
0.7223476297968398
0.7223476297968398
0.7223476297968398
0.7223476297968398
0.669833729216152
0.669833729216152
0.669833729216152
0.669833729216152
0.6603325415676959
0.6603325415676959
0.6603325415676959
0.6603325415676959
0.6603325415676959
0.6603325415676959
0.6603325415676959
0.6603325415676959
0.6603325415676959
0.6603325415676959
0.6603325415676959
0.6603325415676959
0.6603325415676959
0.6603325415676959
0.6603325415676959
0.69
0.69
0.69
0.69
0.69
0.69
0.69
0.69
0.69
0.69
0.69
0.69
0.69
0.69
0.69
0.69
0.69
0.69
0.69
0.69
0.69
0.69
0.69
0.69
0.69
0.69
0.69
0.69
0.69
0.69
0.69
0.69
0.69
0.69
0.69
0.69
0.69
0.69
0.69
0.69
0.69
0.69
0.69
0.69
0.69
0.69
0.69
0.69
0.69
0.69
0.69
0.69
0.695
0.695
0.695
0.695
0.695
0.695
0.695
0.695
0.695
0.695
0.695
0.7
0.7
0.7695961995249406
0.7695961995249406
0.7695961995249406
0.7695961995249406
0.7695961995249406
0.7695961995249406
0.7695961995249406
0.7695961995249406
0.7695961995249406
0.7695961995249406
0.7695961995249406
0.7695961995249406
0.7695961995249406
0.7695961995249406
0.7695961995249406
0.7695961995249406
0.7695961995249406
0.7695961995249406
0.7695961995249406
0.7695961995249406
0.7695961995249406
0.7695961995249406
0.7695961995249406
0.7695961995249406
0.7695961995249406
0.7695961995249406
0.7695961995249406
0.7695961995249406
0.7695961995249406
0.7695961995249406
0.7695961995249406
0.7695961995249406
0.7695961995249406
0.7695961995249406
0.7695961995249406
0.7695961995249406
0.7695961995249406
0.7695961995249406
0.7695961995249406
0.7695961995249406
0.7695961995249406
0.7695961995249406
0.7695961995249406
0.7695961995249406
0.7695961995249406
0.7695961995249406
0.7695961995249406
0.7695961995249406
0.7695961995249406
0.7695961995249406
0.7695961995249406
0.7695961995249406
0.7695961995249406
0.7695961995249406
0.7695961995249406
0.7695961995249406
0.7695961995249406
0.7695961995249406
0.7695961995249406
0.7695961995249406
0.7695961995249406
0.7695961995249406
0.7695961995249406
0.7695961995249406
0.7695961995249406
0.7695961995249406
0.7695961995249406
0.7695961995249406
0.7695961995249406
0.7695961995249406
0.7695961995249406
0.7695961995249406
0.7695961995249406
0.7695961995249406
0.7695961995249406
0.7695961995249406
0.7695961995249406
0.7695961995249406
0.7695961995249406
0.7695961995249406
0.7695961995249406
0.7695961995249406
0.7695961995249406
0.7695961995249406
0.7695961995249406
0.7695961995249406
0.7695961995249406
0.7695961995249406
0.7695961995249406
0.7695961995249406
0.7695961995249406
0.7695961995249406
0.7695961995249406
0.7695961995249406
0.7695961995249406
0.7695961995249406
0.7695961995249406
0.7695961995249406
0.7695961995249406
0.7695961995249406
0.7695961995249406
0.7695961995249406
0.7695961995249406
0.7553444180522565
0.7553444180522565
0.7553444180522565
0.7553444180522565
0.7553444180522565
0.7553444180522565
0.7553444180522565
0.7553444180522565
0.7553444180522565
0.7553444180522565
0.7553444180522565
0.7553444180522565
0.7553444180522565
0.7553444180522565
0.7553444180522565
0.7553444180522565
0.7553444180522565
0.7553444180522565
0.7553444180522565
0.7553444180522565
0.7553444180522565
0.7553444180522565
0.7553444180522565
0.7553444180522565
0.7553444180522565
0.7553444180522565
0.7553444180522565
0.7553444180522565
0.7553444180522565
0.7553444180522565
0.7553444180522565
0.7553444180522565
0.7553444180522565
0.7553444180522565
0.7553444180522565
0.7553444180522565
0.7553444180522565
0.7553444180522565
0.7553444180522565
0.7553444180522565
0.7553444180522565
0.7553444180522565
0.7553444180522565
0.7553444180522565
0.7553444180522565
0.7553444180522565
0.7553444180522565
0.7553444180522565
0.7600950118764845
0.7600950118764845
0.7600950118764845
0.7600950118764845
0.7600950118764845
0.7600950118764845
0.7600950118764845
0.7600950118764845
0.7600950118764845
0.7268623024830699
0.7268623024830699
0.7268623024830699
0.7268623024830699
0.7268623024830699
0.7268623024830699
0.7268623024830699
0.7268623024830699
0.7268623024830699
0.7268623024830699
0.7268623024830699
0.7268623024830699
0.7268623024830699
0.7268623024830699
0.7268623024830699
0.7268623024830699
0.7268623024830699
0.7268623024830699
0.7268623024830699
0.7268623024830699
0.7268623024830699
0.7268623024830699
0.7268623024830699
0.7268623024830699
0.7268623024830699
0.7268623024830699
0.7268623024830699
0.7268623024830699
0.7268623024830699
0.7268623024830699
0.7268623024830699
0.7268623024830699
0.7268623024830699
0.7268623024830699
0.7268623024830699
0.7268623024830699
0.7268623024830699
0.7268623024830699
0.7268623024830699
0.7268623024830699
0.7695961995249406
0.7695961995249406
0.7695961995249406
0.7695961995249406
0.7695961995249406
0.7695961995249406
0.7553444180522565
0.7553444180522565
0.7553444180522565
0.7553444180522565
0.7553444180522565
0.7553444180522565
0.7553444180522565
0.7315914489311164
0.7315914489311164
0.7315914489311164
0.7315914489311164
0.7315914489311164
0.7315914489311164
0.7315914489311164
0.7315914489311164
0.7315914489311164
0.7315914489311164
0.7315914489311164
0.7315914489311164
0.7315914489311164
0.7315914489311164
0.7315914489311164
0.7315914489311164
0.7315914489311164
0.7315914489311164
0.7315914489311164
0.7315914489311164
0.7315914489311164
0.7315914489311164
0.7315914489311164
0.7315914489311164
0.7315914489311164
0.7315914489311164
0.7315914489311164
0.7315914489311164
0.7315914489311164
0.7315914489311164
0.7315914489311164
0.7315914489311164
0.7315914489311164
0.7315914489311164
0.7315914489311164
0.7315914489311164
0.7315914489311164
0.7315914489311164
0.7315914489311164
0.7315914489311164
0.7315914489311164
0.7315914489311164
0.7315914489311164
0.7315914489311164
0.7315914489311164
0.7315914489311164
0.7315914489311164
0.69
0.69
0.69
0.69
0.69
0.69
0.69
0.6
0.6
0.6
0.6
0.6
0.69
0.69
0.69
0.69
0.69
0.69
0.69
0.69
0.6983372921615202
0.6983372921615202
0.6603325415676959
0.6603325415676959
0.6603325415676959
0.6603325415676959
0.6603325415676959
0.6603325415676959
0.6603325415676959
0.6603325415676959
0.6603325415676959
0.6603325415676959
0.6603325415676959
0.6603325415676959
0.6603325415676959
0.6603325415676959
0.6603325415676959
0.6603325415676959
0.6603325415676959
0.6603325415676959
0.7695961995249406
0.7695961995249406
0.7695961995249406
0.7695961995249406
0.7695961995249406
0.7695961995249406
0.7695961995249406
0.7695961995249406
0.7695961995249406
0.7695961995249406
0.7695961995249406
0.7695961995249406
0.7695961995249406
0.7695961995249406
0.7695961995249406
0.7695961995249406
0.7695961995249406
0.7695961995249406
0.7695961995249406
0.7695961995249406
0.7695961995249406
0.7695961995249406
0.7695961995249406
0.7695961995249406
0.7695961995249406
0.7695961995249406
0.7695961995249406
0.7695961995249406
0.7695961995249406
0.7695961995249406
0.7695961995249406
0.7695961995249406
0.7695961995249406
0.7695961995249406
0.7695961995249406
0.7695961995249406
0.7695961995249406
0.7695961995249406
0.7695961995249406
0.7695961995249406
0.7695961995249406
0.7695961995249406
0.7695961995249406
0.7695961995249406
0.7695961995249406
0.7695961995249406
0.7695961995249406
0.7695961995249406
0.7695961995249406
0.7695961995249406
0.7695961995249406
0.7695961995249406
0.7695961995249406
0.7695961995249406
0.7695961995249406
0.7695961995249406
0.7695961995249406
0.7695961995249406
0.7458432304038005
0.7458432304038005
0.7458432304038005
0.7458432304038005
0.7458432304038005
0.7458432304038005
0.7458432304038005
0.7458432304038005
0.7458432304038005
0.7458432304038005
0.7458432304038005
0.7458432304038005
0.7458432304038005
0.7458432304038005
0.7458432304038005
0.7458432304038005
0.7458432304038005
0.7458432304038005
0.7458432304038005
0.7458432304038005
0.7458432304038005
0.7458432304038005
0.7458432304038005
0.7458432304038005
0.7458432304038005
0.7458432304038005
0.7458432304038005
0.7458432304038005
0.7458432304038005
0.7458432304038005
0.7458432304038005
0.7458432304038005
0.7458432304038005
0.7458432304038005
0.7458432304038005
0.7458432304038005
0.7458432304038005
0.7458432304038005
0.7458432304038005
0.7458432304038005
0.7458432304038005
0.7458432304038005
0.7695961995249406
0.7695961995249406
0.7695961995249406
0.7695961995249406
0.7695961995249406
0.7695961995249406
0.7695961995249406
0.7695961995249406
0.7695961995249406
0.7695961995249406
0.7695961995249406
0.7695961995249406
0.7695961995249406
0.7695961995249406
0.7695961995249406
0.7695961995249406
0.7695961995249406
0.7695961995249406
0.7695961995249406
0.7695961995249406
0.7695961995249406
0.7695961995249406
0.7695961995249406
0.7695961995249406
0.67
0.6128266033254157
0.6128266033254157
0.6128266033254157
0.6128266033254157
0.6128266033254157
0.6591422121896162
0.6591422121896162
0.6591422121896162
0.6591422121896162
0.6591422121896162
0.6591422121896162
0.6591422121896162
0.6591422121896162
0.6591422121896162
0.6591422121896162
0.6591422121896162
0.6591422121896162
0.6591422121896162
0.6591422121896162
0.6591422121896162
0.6591422121896162
0.6591422121896162
0.6935866983372921
0.6935866983372921
0.6935866983372921
0.6935866983372921
0.6935866983372921
0.6935866983372921
0.6935866983372921
0.6935866983372921
0.6935866983372921
0.6935866983372921
0.6935866983372921
0.6935866983372921
0.6935866983372921
0.6935866983372921
0.6935866983372921
0.6935866983372921
0.6935866983372921
0.6935866983372921
0.6935866983372921
0.6935866983372921
0.6935866983372921
0.6935866983372921
0.6935866983372921
0.6935866983372921
0.6935866983372921
0.6935866983372921
0.6935866983372921
0.6935866983372921
0.6935866983372921
0.6935866983372921
0.6935866983372921
0.6935866983372921
0.6935866983372921
0.6935866983372921
0.6935866983372921
0.6935866983372921
0.6935866983372921
0.6935866983372921
0.6935866983372921
0.6935866983372921
0.6935866983372921
0.6935866983372921
0.6935866983372921
0.6935866983372921
0.6935866983372921
0.6935866983372921
0.6935866983372921
0.6935866983372921
0.6935866983372921
0.6935866983372921
0.6935866983372921
0.6935866983372921
0.6793349168646081
0.7695961995249406
0.7695961995249406
0.7695961995249406
0.7695961995249406
0.7695961995249406
0.7695961995249406
0.7695961995249406
0.7695961995249406
0.7695961995249406
0.7695961995249406
0.7695961995249406
0.7695961995249406
0.7695961995249406
0.7695961995249406
0.7695961995249406
0.7695961995249406
0.7695961995249406
0.7695961995249406
0.7695961995249406
0.7695961995249406
0.7695961995249406
0.7695961995249406
0.7695961995249406
0.7695961995249406
0.7695961995249406
0.7695961995249406
0.7695961995249406
0.7695961995249406
0.7695961995249406
0.7695961995249406
0.7695961995249406
0.7695961995249406
0.7695961995249406
0.7695961995249406
0.7695961995249406
0.7695961995249406
0.7695961995249406
0.7695961995249406
0.7695961995249406
0.7695961995249406
0.7695961995249406
0.7695961995249406
0.7695961995249406
0.7695961995249406
0.7695961995249406
0.6817155756207675
0.7695961995249406
0.7695961995249406
0.7695961995249406
0.7695961995249406
0.7695961995249406
0.7695961995249406
0.7695961995249406
0.7458432304038005
0.7458432304038005
0.7458432304038005
0.7458432304038005
0.7458432304038005
0.7458432304038005
0.7223476297968398
0.7223476297968398
0.7223476297968398
0.7223476297968398
0.7223476297968398
0.7223476297968398
0.7223476297968398
0.7223476297968398
0.7223476297968398
0.7223476297968398
0.7223476297968398
0.7223476297968398
0.7223476297968398
0.7223476297968398
0.7223476297968398
0.7223476297968398
0.7223476297968398
0.7223476297968398
0.7223476297968398
0.7223476297968398
0.7223476297968398
0.7223476297968398
0.7223476297968398
0.7223476297968398
0.7223476297968398
0.7223476297968398
0.7223476297968398
0.7223476297968398
0.7223476297968398
0.7223476297968398
0.7223476297968398
0.7223476297968398
0.7223476297968398
0.7223476297968398
0.7223476297968398
0.6824034334763949
0.654627539503386
0.654627539503386
0.654627539503386
0.6365795724465558
0.6365795724465558
0.7695961995249406
0.7695961995249406
0.7695961995249406
0.7695961995249406
0.7695961995249406
0.7695961995249406
0.7695961995249406
0.7695961995249406
0.7695961995249406
0.7695961995249406
0.7695961995249406
0.7695961995249406
0.7695961995249406
0.7695961995249406
0.7695961995249406
0.7695961995249406
0.7695961995249406
0.7695961995249406
0.7695961995249406
0.7695961995249406
0.7695961995249406
0.7695961995249406
0.7695961995249406
0.7695961995249406
0.7695961995249406
0.7695961995249406
0.7695961995249406
0.7695961995249406
0.7695961995249406
0.7695961995249406
0.7695961995249406
0.7695961995249406
0.7695961995249406
0.7695961995249406
0.7695961995249406
0.7695961995249406
0.7695961995249406
0.7695961995249406
0.7695961995249406
0.7695961995249406
0.7695961995249406
0.7695961995249406
0.7695961995249406
0.7695961995249406
0.7695961995249406
0.7695961995249406
0.7695961995249406
0.7695961995249406
0.7695961995249406
0.7695961995249406
0.7695961995249406
0.7695961995249406
0.7695961995249406
0.7695961995249406
0.7695961995249406
0.7695961995249406
0.7695961995249406
0.7695961995249406
0.7695961995249406
0.7695961995249406
0.7695961995249406
0.7695961995249406
0.7695961995249406
0.7695961995249406
0.7695961995249406
0.7695961995249406
0.7695961995249406
0.7695961995249406
0.7695961995249406
0.7695961995249406
0.7695961995249406
0.7695961995249406
0.7695961995249406
0.7695961995249406
0.7695961995249406
0.7600950118764845
0.7600950118764845
0.7600950118764845
0.7600950118764845
0.7600950118764845
0.7600950118764845
0.7600950118764845
0.7600950118764845
0.7600950118764845
0.7600950118764845
0.7600950118764845
0.7600950118764845
0.7600950118764845
0.7600950118764845
0.7600950118764845
0.7600950118764845
0.7600950118764845
0.7600950118764845
0.7600950118764845
0.7600950118764845
0.7600950118764845
0.7600950118764845
0.7600950118764845
0.7600950118764845
0.7600950118764845
0.7695961995249406
0.7695961995249406
0.7695961995249406
0.7695961995249406
0.7695961995249406
0.7695961995249406
0.7695961995249406
0.7695961995249406
0.7695961995249406
0.7695961995249406
0.7695961995249406
0.7695961995249406
0.7695961995249406
0.7695961995249406
0.7695961995249406
0.7695961995249406
0.7695961995249406
0.7695961995249406
0.7695961995249406
0.7695961995249406
0.7695961995249406
0.7695961995249406
0.7695961995249406
0.7695961995249406
0.7695961995249406
0.7695961995249406
0.7695961995249406
0.7695961995249406
0.7695961995249406
0.7695961995249406
0.7695961995249406
0.7695961995249406
0.7695961995249406
0.7695961995249406
0.7695961995249406
0.7695961995249406
0.7695961995249406
0.7695961995249406
0.7695961995249406
0.7695961995249406
0.7695961995249406
0.7695961995249406
0.7695961995249406
0.7695961995249406
0.7695961995249406
0.7695961995249406
0.7695961995249406
0.7695961995249406
0.7695961995249406
0.7695961995249406
0.7695961995249406
0.7695961995249406
0.7695961995249406
0.7695961995249406
0.7695961995249406
0.7695961995249406
0.7695961995249406
0.7695961995249406
0.7695961995249406
0.7695961995249406
0.7695961995249406
0.7695961995249406
0.7695961995249406
0.7695961995249406
0.7695961995249406
0.7695961995249406
0.7695961995249406
0.7695961995249406
0.7695961995249406
0.7695961995249406
0.7695961995249406
0.7695961995249406
0.7695961995249406
0.7695961995249406
0.7695961995249406
0.7695961995249406
0.7695961995249406
0.7695961995249406
0.7695961995249406
0.7695961995249406
0.7695961995249406
0.7695961995249406
0.7695961995249406
0.7695961995249406
0.7695961995249406
0.7695961995249406
0.7695961995249406
0.7695961995249406
0.7695961995249406
0.7695961995249406
0.7695961995249406
0.7695961995249406
0.7695961995249406
0.7695961995249406
0.7695961995249406
0.7695961995249406
0.7695961995249406
0.7695961995249406
0.7695961995249406
0.7695961995249406
0.7695961995249406
0.7695961995249406
0.7695961995249406
0.7695961995249406
0.7695961995249406
0.7695961995249406
0.7695961995249406
0.7695961995249406
0.7695961995249406
0.7695961995249406
0.7695961995249406
0.7695961995249406
0.7695961995249406
0.7695961995249406
0.7695961995249406
0.7695961995249406
0.7695961995249406
0.7695961995249406
0.7695961995249406
0.7695961995249406
0.7695961995249406
0.7695961995249406
0.7695961995249406
0.7695961995249406
0.7695961995249406
0.7695961995249406
0.7695961995249406
0.7695961995249406
0.7695961995249406
0.7695961995249406
0.7695961995249406
0.7695961995249406
0.7695961995249406
0.7695961995249406
0.7695961995249406
0.7695961995249406
0.7695961995249406
0.7695961995249406
0.7695961995249406
0.7553444180522565
0.7553444180522565
0.7553444180522565
0.7553444180522565
0.7553444180522565
0.7553444180522565
0.7553444180522565
0.7553444180522565
0.7553444180522565
0.7553444180522565
0.7553444180522565
0.7553444180522565
0.7553444180522565
0.7553444180522565
0.7553444180522565
0.7553444180522565
0.7553444180522565
0.7553444180522565
0.7553444180522565
0.7553444180522565
0.7553444180522565
0.7553444180522565
0.7553444180522565
0.7553444180522565
0.7553444180522565
0.7553444180522565
0.7553444180522565
0.7553444180522565
0.7553444180522565
0.7553444180522565
0.7553444180522565
0.7553444180522565
0.7553444180522565
0.7553444180522565
0.7553444180522565
0.7553444180522565
0.7553444180522565
0.7553444180522565
0.7553444180522565
0.7553444180522565
0.7553444180522565
0.7553444180522565
0.7553444180522565
0.7553444180522565
0.7553444180522565
0.7553444180522565
0.7553444180522565
0.7553444180522565
0.7553444180522565
0.7553444180522565
0.7553444180522565
0.7553444180522565
0.7553444180522565
0.7553444180522565
0.7553444180522565
0.7600950118764845
0.7600950118764845
0.7600950118764845
0.7600950118764845
0.7600950118764845
0.7600950118764845
0.7695961995249406
0.7695961995249406
0.7695961995249406
0.7695961995249406
0.7695961995249406
0.7695961995249406
0.7695961995249406
0.7695961995249406
0.7695961995249406
0.7695961995249406
0.7695961995249406
0.7695961995249406
0.7695961995249406
0.7695961995249406
0.7695961995249406
0.7695961995249406
0.7695961995249406
0.7695961995249406
0.7695961995249406
0.7695961995249406
0.7695961995249406
0.7695961995249406
0.7695961995249406
0.7695961995249406
0.7695961995249406
0.7695961995249406
0.7695961995249406
0.7695961995249406
0.7695961995249406
0.7695961995249406
0.7695961995249406
0.7695961995249406
0.7695961995249406
0.7695961995249406
0.7695961995249406
0.7695961995249406
0.7695961995249406
0.7695961995249406
0.7695961995249406
0.7695961995249406
0.7695961995249406
0.7695961995249406
0.7695961995249406
0.7695961995249406
0.7695961995249406
0.7695961995249406
0.7695961995249406
0.7695961995249406
0.7695961995249406
0.7695961995249406
0.7695961995249406
0.7695961995249406
0.7695961995249406
0.7695961995249406
0.7695961995249406
0.7695961995249406
0.7695961995249406
0.7695961995249406
0.7695961995249406
0.7695961995249406
0.7695961995249406
0.7695961995249406
0.7695961995249406
0.7695961995249406
0.7695961995249406
0.7695961995249406
0.7695961995249406
0.7695961995249406
0.7695961995249406
0.7695961995249406
0.7695961995249406
0.7695961995249406
0.7695961995249406
0.7695961995249406
0.7695961995249406
0.7695961995249406
0.7695961995249406
0.7695961995249406
0.7695961995249406
0.7695961995249406
0.7695961995249406
0.7695961995249406
0.7695961995249406
0.7695961995249406
0.7695961995249406
0.7695961995249406
0.7695961995249406
0.7695961995249406
0.7695961995249406
0.7695961995249406
0.7695961995249406
0.7695961995249406
0.7695961995249406
0.7695961995249406
0.7695961995249406
0.7695961995249406
0.7695961995249406
0.7695961995249406
0.7695961995249406
0.7695961995249406
0.7695961995249406
0.7695961995249406
0.7695961995249406
0.7695961995249406
0.7695961995249406
0.7695961995249406
0.7695961995249406
0.7268623024830699
0.7268623024830699
0.7268623024830699
0.7268623024830699
0.7553444180522565
0.7553444180522565
0.7553444180522565
0.7553444180522565
0.7553444180522565
0.7553444180522565
0.7553444180522565
0.7553444180522565
0.7553444180522565
0.7553444180522565
0.7553444180522565
0.7553444180522565
0.7553444180522565
0.7553444180522565
0.7553444180522565
0.7553444180522565
0.7553444180522565
0.7553444180522565
0.7553444180522565
0.7553444180522565
0.7553444180522565
0.7695961995249406
0.7695961995249406
0.7695961995249406
0.7695961995249406
0.7695961995249406
0.7695961995249406
0.7695961995249406
0.7695961995249406
0.7695961995249406
0.7695961995249406
0.7695961995249406
0.7695961995249406
0.7695961995249406
0.7695961995249406
0.7695961995249406
0.7695961995249406
0.7695961995249406
0.7695961995249406
0.7695961995249406
0.7695961995249406
0.7695961995249406
0.7695961995249406
0.7695961995249406
0.7695961995249406
0.7695961995249406
0.7695961995249406
0.7695961995249406
0.7695961995249406
0.7695961995249406
0.7695961995249406
0.7695961995249406
0.7695961995249406
0.7695961995249406
0.7695961995249406
0.7695961995249406
0.7695961995249406
0.7223476297968398
0.7223476297968398
0.7223476297968398
0.7223476297968398
0.7223476297968398
0.7223476297968398
0.7223476297968398
0.7223476297968398
0.7223476297968398
0.7223476297968398
0.7223476297968398
0.7223476297968398
0.7223476297968398
0.7223476297968398
0.7223476297968398
0.7223476297968398
0.7223476297968398
0.7223476297968398
0.7223476297968398
0.7223476297968398
0.7223476297968398
0.7223476297968398
0.7223476297968398
0.7223476297968398
0.7223476297968398
0.7223476297968398
0.7223476297968398
0.7223476297968398
0.7223476297968398
0.7223476297968398
0.7223476297968398
0.7223476297968398
0.7695961995249406
0.7695961995249406
0.7695961995249406
0.7695961995249406
0.7695961995249406
0.7695961995249406
0.7695961995249406
0.7695961995249406
0.6862302483069977
0.6862302483069977
0.6862302483069977
0.7695961995249406
0.7695961995249406
0.7695961995249406
0.7695961995249406
0.7695961995249406
0.7695961995249406
0.7695961995249406
0.7695961995249406
0.7695961995249406
0.7695961995249406
0.7695961995249406
0.744920993227991
0.744920993227991
0.744920993227991
0.744920993227991
0.744920993227991
0.744920993227991
0.744920993227991
0.744920993227991
0.744920993227991
0.744920993227991
0.744920993227991
0.7600950118764845
0.7600950118764845
0.7600950118764845
0.7600950118764845
0.7600950118764845
0.7600950118764845
0.7600950118764845
0.7600950118764845
0.7600950118764845
0.7600950118764845
0.7600950118764845
0.7600950118764845
0.7600950118764845
0.7600950118764845
0.7600950118764845
0.7600950118764845
0.7600950118764845
0.7600950118764845
0.7600950118764845
0.7600950118764845
0.7600950118764845
0.7600950118764845
0.7600950118764845
0.7600950118764845
0.7600950118764845
0.7600950118764845
0.7600950118764845
0.7600950118764845
0.7600950118764845
0.7600950118764845
0.7600950118764845
0.7600950118764845
0.7600950118764845
0.7600950118764845
0.7600950118764845
0.7600950118764845
0.7600950118764845
0.7600950118764845
0.7600950118764845
0.7600950118764845
0.7600950118764845
0.7600950118764845
0.7600950118764845
0.7600950118764845
0.7600950118764845
0.7600950118764845
0.7600950118764845
0.7600950118764845
0.7600950118764845
0.7600950118764845
0.7600950118764845
0.7600950118764845
0.7600950118764845
0.7600950118764845
0.7600950118764845
0.7600950118764845
0.7600950118764845
0.7600950118764845
0.7600950118764845
0.7600950118764845
0.7600950118764845
0.7600950118764845
0.7600950118764845
0.7600950118764845
0.7600950118764845
0.7600950118764845
0.7600950118764845
0.7695961995249406
0.7695961995249406
0.7695961995249406
0.7695961995249406
0.7695961995249406
0.7695961995249406
0.7695961995249406
0.7695961995249406
0.7695961995249406
0.7695961995249406
0.7695961995249406
0.7695961995249406
0.7695961995249406
0.7695961995249406
0.7695961995249406
0.7695961995249406
0.7695961995249406
0.7695961995249406
0.7695961995249406
0.7695961995249406
0.7695961995249406
0.7695961995249406
0.7695961995249406
0.7695961995249406
0.7695961995249406
0.7695961995249406
0.7695961995249406
0.7695961995249406
0.7695961995249406
0.7695961995249406
0.7078384798099763
0.7078384798099763
0.7078384798099763
0.7078384798099763
0.7078384798099763
0.7078384798099763
0.7078384798099763
0.7078384798099763
0.7078384798099763
0.7078384798099763
0.7078384798099763
0.7078384798099763
0.7078384798099763
0.7078384798099763
0.7078384798099763
0.7078384798099763
0.7078384798099763
0.7078384798099763
0.7078384798099763
0.7078384798099763
0.7078384798099763
0.7078384798099763
0.7078384798099763
0.7078384798099763
0.7078384798099763
0.7078384798099763
0.7078384798099763
0.7078384798099763
0.6745843230403801
0.6745843230403801
0.6745843230403801
0.6745843230403801
0.65
0.65
0.6033254156769596
0.6033254156769596
0.6033254156769596
0.6033254156769596
0.5914221218961625
0.5914221218961625
0.5914221218961625
0.5914221218961625
0.5914221218961625
0.5914221218961625
0.5914221218961625
0.5914221218961625
0.5914221218961625
0.5914221218961625
0.6365795724465558
0.6365795724465558
0.6365795724465558
0.6365795724465558
0.6365795724465558
0.5959367945823928
0.5959367945823928
0.5415676959619953
0.5415676959619953
0.555
0.555
0.555
0.5684210526315789
0.5684210526315789
0.5684210526315789
0.555
0.555
0.555
0.555
0.555
0.58
0.58
0.7695961995249406
0.7695961995249406
0.7695961995249406
0.7695961995249406
0.7695961995249406
0.7695961995249406
0.7695961995249406
0.7695961995249406
0.7695961995249406
0.7695961995249406
0.7695961995249406
0.7695961995249406
0.7695961995249406
0.7695961995249406
0.7695961995249406
0.7695961995249406
0.7695961995249406
0.7695961995249406
0.7695961995249406
0.7695961995249406
0.7358916478555305
0.7358916478555305
0.7358916478555305
0.7358916478555305
0.7358916478555305
0.7358916478555305
0.7358916478555305
0.6745843230403801
0.6745843230403801
0.7
0.7
0.665083135391924
0.665083135391924
0.665083135391924
0.665083135391924
0.665083135391924
0.665083135391924
0.665083135391924
0.665083135391924
0.665083135391924
0.665083135391924
0.665083135391924
0.665083135391924
0.665083135391924
0.665083135391924
0.665083135391924
0.665083135391924
0.665083135391924
0.665083135391924
0.665083135391924
0.665083135391924
0.665083135391924
0.7
0.7
0.7
0.7
0.7
0.7
0.7
0.6745843230403801
0.6745843230403801
0.6745843230403801
0.6745843230403801
0.6745843230403801
0.6745843230403801
0.6745843230403801
0.6745843230403801
0.685
0.685
0.685
0.7078384798099763
0.7078384798099763
0.7078384798099763
0.7078384798099763
0.7078384798099763
0.7078384798099763
0.7078384798099763
0.7078384798099763
0.7078384798099763
0.7078384798099763
0.7078384798099763
0.7078384798099763
0.7078384798099763
0.7078384798099763
0.7078384798099763
0.7078384798099763
0.7078384798099763
0.7078384798099763
0.7078384798099763
0.7078384798099763
0.7078384798099763
0.7078384798099763
0.6935866983372921
0.6935866983372921
0.6935866983372921
0.665
0.665
0.665
0.665
0.665
0.7695961995249406
0.7695961995249406
0.7695961995249406
0.7695961995249406
0.7695961995249406
0.7695961995249406
0.7695961995249406
0.7695961995249406
0.7695961995249406
0.7695961995249406
0.7695961995249406
0.7695961995249406
0.7695961995249406
0.7695961995249406
0.7695961995249406
0.7695961995249406
0.7695961995249406
0.7695961995249406
0.7695961995249406
0.7695961995249406
0.7695961995249406
0.7695961995249406
0.7695961995249406
0.7695961995249406
0.7695961995249406
0.7695961995249406
0.7695961995249406
0.7695961995249406
0.7695961995249406
0.7695961995249406
0.7695961995249406
0.7695961995249406
0.7695961995249406
0.7695961995249406
0.7695961995249406
0.7695961995249406
0.7695961995249406
0.7695961995249406
0.7695961995249406
0.7695961995249406
0.7695961995249406
0.7695961995249406
0.7695961995249406
0.7695961995249406
0.7695961995249406
0.7695961995249406
0.7695961995249406
0.7695961995249406
0.7695961995249406
0.7695961995249406
0.7695961995249406
0.7695961995249406
0.7695961995249406
0.7695961995249406
0.7695961995249406
0.7695961995249406
0.7695961995249406
0.7695961995249406
0.7695961995249406
0.7695961995249406
0.7695961995249406
0.7695961995249406
0.7695961995249406
0.7695961995249406
0.7695961995249406
0.7695961995249406
0.7695961995249406
0.7695961995249406
0.7695961995249406
0.7695961995249406
0.7695961995249406
0.7695961995249406
0.7695961995249406
0.7695961995249406
0.7695961995249406
0.7695961995249406
0.7695961995249406
0.7695961995249406
0.7695961995249406
0.7695961995249406
0.7695961995249406
0.7695961995249406
0.7695961995249406
0.7695961995249406
0.7695961995249406
0.7695961995249406
0.7695961995249406
0.7695961995249406
0.7695961995249406
0.7695961995249406
0.7695961995249406
0.7695961995249406
0.7695961995249406
0.7695961995249406
0.7695961995249406
0.7695961995249406
0.7695961995249406
0.7695961995249406
0.7695961995249406
0.7695961995249406
0.7695961995249406
0.7695961995249406
0.7695961995249406
0.7695961995249406
0.7695961995249406
0.7695961995249406
0.7695961995249406
0.7695961995249406
0.7695961995249406
0.7695961995249406
0.7695961995249406
0.7695961995249406
0.7695961995249406
0.7695961995249406
0.7695961995249406
0.7695961995249406
0.7695961995249406
0.7695961995249406
0.7695961995249406
0.7695961995249406
0.7695961995249406
0.7695961995249406
0.7695961995249406
0.7695961995249406
0.7695961995249406
0.7695961995249406
0.7695961995249406
0.7695961995249406
0.7695961995249406
0.7695961995249406
0.7695961995249406
0.7695961995249406
0.7695961995249406
0.7695961995249406
0.7695961995249406
0.7695961995249406
0.7695961995249406
0.7695961995249406
0.7695961995249406
0.7695961995249406
0.7695961995249406
0.7695961995249406
0.7695961995249406
0.7695961995249406
0.7695961995249406
0.7695961995249406
0.7695961995249406
0.7695961995249406
0.7695961995249406
0.7695961995249406
0.7695961995249406
0.7695961995249406
0.7695961995249406
0.7695961995249406
0.7695961995249406
0.7695961995249406
0.7695961995249406
0.7695961995249406
0.7695961995249406
0.7695961995249406
0.7600950118764845
0.7600950118764845
0.7600950118764845
0.7600950118764845
0.7600950118764845
0.7600950118764845
0.7600950118764845
0.7600950118764845
0.7600950118764845
0.7600950118764845
0.7600950118764845
0.675
0.675
0.675
0.675
0.675
0.675
0.675
0.675
0.675
0.675
0.675
0.675
0.675
0.675
0.675
0.675
0.675
0.675
0.675
0.675
0.675
0.5947368421052631
0.5947368421052631
0.5947368421052631
0.585
0.585
0.585
0.585
0.585
0.7695961995249406
0.7695961995249406
0.7695961995249406
0.71
0.71
0.6603325415676959
0.6603325415676959
0.6603325415676959
0.6603325415676959
0.6603325415676959
0.71
0.71
0.71
0.71
0.71
0.71
0.71
0.71
0.71
0.71
0.71
0.71
0.71
0.71
0.71
0.71
0.6745843230403801
0.6745843230403801
0.6745843230403801
0.6745843230403801
0.6745843230403801
0.6745843230403801
0.6745843230403801
0.6745843230403801
0.6745843230403801
0.6745843230403801
0.6745843230403801
0.6745843230403801
0.6745843230403801
0.6745843230403801
0.6745843230403801
0.6745843230403801
0.6745843230403801
0.6745843230403801
0.6745843230403801
0.6745843230403801
0.6745843230403801
0.6320541760722348
0.665083135391924
0.665083135391924
0.595
0.631578947368421
0.631578947368421
0.631578947368421
0.631578947368421
0.631578947368421
0.631578947368421
0.631578947368421
0.631578947368421
0.6038781163434903
0.6038781163434903
0.6038781163434903
0.6038781163434903
0.6038781163434903
0.6038781163434903
0.6038781163434903
0.6038781163434903
0.6038781163434903
0.6038781163434903
0.5817174515235457
0.5817174515235457
0.5817174515235457
0.5817174515235457
0.5830903790087464
0.5830903790087464
0.5830903790087464
0.5830903790087464
0.5830903790087464
0.5830903790087464
0.5830903790087464
0.5761772853185596
0.5761772853185596
0.5761772853185596
0.5421052631578948
0.5421052631578948
0.5595567867036011
0.5595567867036011
0.5595567867036011
0.5595567867036011
0.5595567867036011
0.5595567867036011
0.5595567867036011
0.5631578947368421
0.531578947368421
0.531578947368421
0.525
0.525
0.525
0.5473684210526316
0.5473684210526316
0.7695961995249406
0.7695961995249406
0.7695961995249406
0.7695961995249406
0.7695961995249406
0.7695961995249406
0.7695961995249406
0.7695961995249406
0.7695961995249406
0.7695961995249406
0.7695961995249406
0.7695961995249406
0.7695961995249406
0.7695961995249406
0.7695961995249406
0.7600950118764845
0.7600950118764845
0.7600950118764845
0.7600950118764845
0.7600950118764845
0.7600950118764845
0.7600950118764845
0.7600950118764845
0.7600950118764845
0.7600950118764845
0.7600950118764845
0.7600950118764845
0.7600950118764845
0.7600950118764845
0.7600950118764845
0.7600950118764845
0.7600950118764845
0.7600950118764845
0.7600950118764845
0.7600950118764845
0.7600950118764845
0.7600950118764845
0.672686230248307
0.7600950118764845
0.7600950118764845
0.7600950118764845
0.7600950118764845
0.7600950118764845
0.7600950118764845
0.7600950118764845
0.7600950118764845
0.7313769751693002
0.7313769751693002
0.7313769751693002
0.7313769751693002
0.7313769751693002
0.7600950118764845
0.7600950118764845
0.7600950118764845
0.7600950118764845
0.7600950118764845
0.7600950118764845
0.7600950118764845
0.7600950118764845
0.7600950118764845
0.7600950118764845
0.7600950118764845
0.7600950118764845
0.7600950118764845
0.7600950118764845
0.7553444180522565
0.7553444180522565
0.7553444180522565
0.7553444180522565
0.7553444180522565
0.7553444180522565
0.7553444180522565
0.7553444180522565
0.7553444180522565
0.7553444180522565
0.7553444180522565
0.7553444180522565
0.7553444180522565
0.7553444180522565
0.7553444180522565
0.7553444180522565
0.7553444180522565
0.7553444180522565
0.7553444180522565
0.7553444180522565
0.7553444180522565
0.7553444180522565
0.7553444180522565
0.7553444180522565
0.7553444180522565
0.7553444180522565
0.7553444180522565
0.7553444180522565
0.7553444180522565
0.7553444180522565
0.7553444180522565
0.7553444180522565
0.7553444180522565
0.7553444180522565
0.7553444180522565
0.7695961995249406
0.7695961995249406
0.7695961995249406
0.7695961995249406
0.7695961995249406
0.7695961995249406
0.7695961995249406
0.7695961995249406
0.7695961995249406
0.7695961995249406
0.7695961995249406
0.7695961995249406
0.7695961995249406
0.7695961995249406
0.7695961995249406
0.7695961995249406
0.7695961995249406
0.7695961995249406
0.7695961995249406
0.7695961995249406
0.7695961995249406
0.7695961995249406
0.7695961995249406
0.7695961995249406
0.7695961995249406
0.7695961995249406
0.7695961995249406
0.7695961995249406
0.7695961995249406
0.7695961995249406
0.7695961995249406
0.7695961995249406
0.7695961995249406
0.7695961995249406
0.7695961995249406
0.7695961995249406
0.7695961995249406
0.7695961995249406
0.7695961995249406
0.7695961995249406
0.7695961995249406
0.7695961995249406
0.7695961995249406
0.7695961995249406
0.7695961995249406
0.7695961995249406
0.7695961995249406
0.7695961995249406
0.7695961995249406
0.7695961995249406
0.7695961995249406
0.7695961995249406
0.7695961995249406
0.7695961995249406
0.7695961995249406
0.7695961995249406
0.7695961995249406
0.7695961995249406
0.7695961995249406
0.7695961995249406
0.7695961995249406
0.7695961995249406
0.7695961995249406
0.7695961995249406
0.7695961995249406
0.7695961995249406
0.7695961995249406
0.7695961995249406
0.7
0.7
0.6263157894736842
0.6263157894736842
0.6648199445983379
0.6648199445983379
0.6648199445983379
0.6648199445983379
0.6648199445983379
0.6263157894736842
0.6842105263157895
0.6842105263157895
0.6842105263157895
0.6842105263157895
0.6842105263157895
0.6842105263157895
0.6842105263157895
0.6842105263157895
0.6842105263157895
0.6842105263157895
0.6842105263157895
0.6842105263157895
0.665
0.665
0.665
0.665
0.665
0.665
0.665
0.665
0.665
0.665
0.7695961995249406
0.7695961995249406
0.7695961995249406
0.7695961995249406
0.7695961995249406
0.7695961995249406
0.7695961995249406
0.7695961995249406
0.7695961995249406
0.7695961995249406
0.7695961995249406
0.7695961995249406
0.7695961995249406
0.7695961995249406
0.7695961995249406
0.7695961995249406
0.7695961995249406
0.7695961995249406
0.7695961995249406
0.7695961995249406
0.7695961995249406
0.7695961995249406
0.7695961995249406
0.7695961995249406
0.7695961995249406
0.7695961995249406
0.7695961995249406
0.7695961995249406
0.7695961995249406
0.7695961995249406
0.7695961995249406
0.7695961995249406
0.7695961995249406
0.7313769751693002
0.7313769751693002
0.7313769751693002
0.7313769751693002
0.7313769751693002
0.669833729216152
0.669833729216152
0.669833729216152
0.669833729216152
0.669833729216152
0.669833729216152
0.669833729216152
0.669833729216152
0.669833729216152
0.669833729216152
0.669833729216152
0.669833729216152
0.669833729216152
0.669833729216152
0.669833729216152
0.669833729216152
0.669833729216152
0.669833729216152
0.7
0.7
0.7
0.7
0.6263157894736842
0.57
0.57
0.57
0.57
0.57
0.57
0.5736842105263158
0.5736842105263158
0.5736842105263158
0.5736842105263158
0.5736842105263158
0.5736842105263158
0.5736842105263158
0.5872576177285319
0.5872576177285319
0.5947521865889213
0.5947521865889213
0.5947521865889213
0.5947521865889213
0.5947521865889213
0.5947521865889213
0.5817174515235457
0.5817174515235457
0.5817174515235457
0.5947521865889213
0.5947521865889213
0.5947521865889213
0.5947521865889213
0.5947521865889213
0.5947521865889213
0.5947521865889213
0.6371191135734072
0.6371191135734072
0.6371191135734072
0.6371191135734072
0.6371191135734072
0.6371191135734072
0.6371191135734072
0.6371191135734072
0.7695961995249406
0.7695961995249406
0.7695961995249406
0.7695961995249406
0.7695961995249406
0.7695961995249406
0.7695961995249406
0.7695961995249406
0.7695961995249406
0.7695961995249406
0.7695961995249406
0.7695961995249406
0.7695961995249406
0.7695961995249406
0.7695961995249406
0.7695961995249406
0.7695961995249406
0.7695961995249406
0.7695961995249406
0.7600950118764845
0.7600950118764845
0.7600950118764845
0.7600950118764845
0.7600950118764845
0.7600950118764845
0.7600950118764845
0.7600950118764845
0.7600950118764845
0.7600950118764845
0.7600950118764845
0.7600950118764845
0.7600950118764845
0.7363420427553444
0.7363420427553444
0.7363420427553444
0.7363420427553444
0.7363420427553444
0.7363420427553444
0.690744920993228
0.690744920993228
0.690744920993228
0.690744920993228
0.690744920993228
0.690744920993228
0.690744920993228
0.690744920993228
0.690744920993228
0.690744920993228
0.6365795724465558
0.6365795724465558
0.6365795724465558
0.6365795724465558
0.6365795724465558
0.6365795724465558
0.6365795724465558
0.6365795724465558
0.6365795724465558
0.6365795724465558
0.6365795724465558
0.6365795724465558
0.6365795724465558
0.6365795724465558
0.6080760095011877
0.6128266033254157
0.6128266033254157
0.6128266033254157
0.6128266033254157
0.57
0.57
0.57
0.57
0.57
0.57
0.57
0.57
0.55
0.55
0.55
0.55
0.55
0.55
0.55
0.55
0.55
0.55
0.55
0.55
0.55
0.55
0.55
0.55
0.55
0.5684210526315789
0.5684210526315789
0.5650969529085873
0.5650969529085873
0.5650969529085873
0.5650969529085873
0.5650969529085873
0.6052631578947368
0.7695961995249406
0.7695961995249406
0.7695961995249406
0.7695961995249406
0.7695961995249406
0.7695961995249406
0.7695961995249406
0.7695961995249406
0.7695961995249406
0.7695961995249406
0.7695961995249406
0.7695961995249406
0.7695961995249406
0.7695961995249406
0.7695961995249406
0.7695961995249406
0.7695961995249406
0.7695961995249406
0.7695961995249406
0.7695961995249406
0.7695961995249406
0.7695961995249406
0.7695961995249406
0.7695961995249406
0.7695961995249406
0.7695961995249406
0.7695961995249406
0.7695961995249406
0.7695961995249406
0.7695961995249406
0.7695961995249406
0.7695961995249406
0.7695961995249406
0.7695961995249406
0.7404063205417607
0.7404063205417607
0.7404063205417607
0.7404063205417607
0.7404063205417607
0.7404063205417607
0.7404063205417607
0.7404063205417607
0.7404063205417607
0.7404063205417607
0.7404063205417607
0.7404063205417607
0.7404063205417607
0.7404063205417607
0.7404063205417607
0.7404063205417607
0.7404063205417607
0.7404063205417607
0.7404063205417607
0.7404063205417607
0.7404063205417607
0.7404063205417607
0.7404063205417607
0.7404063205417607
0.7404063205417607
0.7404063205417607
0.7404063205417607
0.7404063205417607
0.7404063205417607
0.7404063205417607
0.7404063205417607
0.7404063205417607
0.7404063205417607
0.7404063205417607
0.7404063205417607
0.7404063205417607
0.7404063205417607
0.7404063205417607
0.7404063205417607
0.7404063205417607
0.7404063205417607
0.7404063205417607
0.7404063205417607
0.7404063205417607
0.7404063205417607
0.7404063205417607
0.7404063205417607
0.7404063205417607
0.7404063205417607
0.7404063205417607
0.7404063205417607
0.7404063205417607
0.7404063205417607
0.7404063205417607
0.7404063205417607
0.7404063205417607
0.7404063205417607
0.7404063205417607
0.7404063205417607
0.7404063205417607
0.7404063205417607
0.7404063205417607
0.7404063205417607
0.7695961995249406
0.7695961995249406
0.7695961995249406
0.7695961995249406
0.7695961995249406
0.7695961995249406
0.7695961995249406
0.7695961995249406
0.7695961995249406
0.7695961995249406
0.7695961995249406
0.7695961995249406
0.7695961995249406
0.7695961995249406
0.7695961995249406
0.7695961995249406
0.7695961995249406
0.7695961995249406
0.7695961995249406
0.7695961995249406
0.7695961995249406
0.7695961995249406
0.7695961995249406
0.7695961995249406
0.7695961995249406
0.7695961995249406
0.7695961995249406
0.7600950118764845
0.7600950118764845
0.7600950118764845
0.7600950118764845
0.7600950118764845
0.7600950118764845
0.7600950118764845
0.7600950118764845
0.7600950118764845
0.7600950118764845
0.7600950118764845
0.7600950118764845
0.7600950118764845
0.7600950118764845
0.7600950118764845
0.7600950118764845
0.7600950118764845
0.7600950118764845
0.7600950118764845
0.7600950118764845
0.7600950118764845
0.7600950118764845
0.7600950118764845
0.7600950118764845
0.7600950118764845
0.7600950118764845
0.7358916478555305
0.7358916478555305
0.7358916478555305
0.7358916478555305
0.7358916478555305
0.7358916478555305
0.7358916478555305
0.7358916478555305
0.7358916478555305
0.7358916478555305
0.7358916478555305
0.7358916478555305
0.7358916478555305
0.7358916478555305
0.7358916478555305
0.7358916478555305
0.7358916478555305
0.7358916478555305
0.7358916478555305
0.7358916478555305
0.7600950118764845
0.7600950118764845
0.7600950118764845
0.7600950118764845
0.7600950118764845
0.7600950118764845
0.7600950118764845
0.7600950118764845
0.7600950118764845
0.7600950118764845
0.7600950118764845
0.7600950118764845
0.7600950118764845
0.7600950118764845
0.7600950118764845
0.7600950118764845
0.7600950118764845
0.7600950118764845
0.7600950118764845
0.7600950118764845
0.7600950118764845
0.7600950118764845
0.7600950118764845
0.7600950118764845
0.7600950118764845
0.7358916478555305
0.7358916478555305
0.7358916478555305
0.7358916478555305
0.7358916478555305
0.7695961995249406
0.7695961995249406
0.7695961995249406
0.7695961995249406
0.7695961995249406
0.7313769751693002
0.7313769751693002
0.7313769751693002
0.7695961995249406
0.7695961995249406
0.7695961995249406
0.7695961995249406
0.7695961995249406
0.7695961995249406
0.7695961995249406
0.7695961995249406
0.7695961995249406
0.7695961995249406
0.744920993227991
0.744920993227991
0.744920993227991
0.744920993227991
0.744920993227991
0.744920993227991
0.744920993227991
0.744920993227991
0.7268623024830699
0.7268623024830699
0.7268623024830699
0.7268623024830699
0.7268623024830699
0.7268623024830699
0.7268623024830699
0.7268623024830699
0.7268623024830699
0.7410926365795725
0.7410926365795725
0.7410926365795725
0.7410926365795725
0.7410926365795725
0.7410926365795725
0.7410926365795725
0.7410926365795725
0.7410926365795725
0.7410926365795725
0.7410926365795725
0.7410926365795725
0.7410926365795725
0.7410926365795725
0.7410926365795725
0.7410926365795725
0.7410926365795725
0.7410926365795725
0.7410926365795725
0.7410926365795725
0.7410926365795725
0.7410926365795725
0.7410926365795725
0.7410926365795725
0.7410926365795725
0.7410926365795725
0.7410926365795725
0.7410926365795725
0.7410926365795725
0.7410926365795725
0.7410926365795725
0.7410926365795725
0.7410926365795725
0.7410926365795725
0.7410926365795725
0.7410926365795725
0.7410926365795725
0.7410926365795725
0.7410926365795725
0.7410926365795725
0.7410926365795725
0.7410926365795725
0.7410926365795725
0.7410926365795725
0.7410926365795725
0.7410926365795725
0.7410926365795725
0.7410926365795725
0.7410926365795725
0.7410926365795725
0.7410926365795725
0.7410926365795725
0.7410926365795725
0.7410926365795725
0.7410926365795725
0.7410926365795725
0.7410926365795725
0.7410926365795725
0.7410926365795725
0.7410926365795725
0.7410926365795725
0.7410926365795725
0.7410926365795725
0.7410926365795725
0.7410926365795725
0.7695961995249406
0.7695961995249406
0.7695961995249406
0.7695961995249406
0.7695961995249406
0.7695961995249406
0.7695961995249406
0.7695961995249406
0.7695961995249406
0.7695961995249406
0.7695961995249406
0.7695961995249406
0.7695961995249406
0.7695961995249406
0.7695961995249406
0.7695961995249406
0.7695961995249406
0.7695961995249406
0.7695961995249406
0.7695961995249406
0.7695961995249406
0.7695961995249406
0.7695961995249406
0.7695961995249406
0.7695961995249406
0.7695961995249406
0.7695961995249406
0.7695961995249406
0.7695961995249406
0.7695961995249406
0.7695961995249406
0.7695961995249406
0.7695961995249406
0.7695961995249406
0.7695961995249406
0.7695961995249406
0.7695961995249406
0.7695961995249406
0.7695961995249406
0.7695961995249406
0.7695961995249406
0.7695961995249406
0.7695961995249406
0.7553444180522565
0.7553444180522565
0.7553444180522565
0.7553444180522565
0.7553444180522565
0.7553444180522565
0.7553444180522565
0.7553444180522565
0.7553444180522565
0.7553444180522565
0.7553444180522565
0.7553444180522565
0.7553444180522565
0.7553444180522565
0.7553444180522565
0.7553444180522565
0.7553444180522565
0.7
0.7
0.7
0.7
0.7
0.7
0.7
0.7
0.7
0.7
0.7
0.7
0.7
0.7
0.7
0.7
0.7
0.7
0.7
0.7
0.7
0.7
0.67
0.67
0.67
0.67
0.67
0.67
0.67
0.67
0.67
0.67
0.67
0.67
0.67
0.6555819477434679
0.6555819477434679
0.6555819477434679
0.6555819477434679
0.6555819477434679
0.7695961995249406
0.7695961995249406
0.7695961995249406
0.7695961995249406
0.7695961995249406
0.7695961995249406
0.7695961995249406
0.7695961995249406
0.7695961995249406
0.7695961995249406
0.7695961995249406
0.7695961995249406
0.7695961995249406
0.7695961995249406
0.7695961995249406
0.7695961995249406
0.7695961995249406
0.7695961995249406
0.7695961995249406
0.7695961995249406
0.7695961995249406
0.7695961995249406
0.7695961995249406
0.7695961995249406
0.7695961995249406
0.7695961995249406
0.7695961995249406
0.7695961995249406
0.7695961995249406
0.7695961995249406
0.7695961995249406
0.7695961995249406
0.7695961995249406
0.7695961995249406
0.7
0.7
0.7
0.7
0.7
0.7
0.7
0.7
0.7
0.7
0.7
0.7
0.7
0.7
0.7
0.7
0.7
0.7
0.7
0.7
0.7
0.6745843230403801
0.6745843230403801
0.6745843230403801
0.6745843230403801
0.7
0.7
0.7
0.7
0.7
0.7
0.7
0.7
0.7
0.7
0.7
0.7
0.7
0.7
0.7
0.7
0.7
0.7
0.7
0.7
0.7
0.7
0.7
0.7
0.7
0.7
0.7
0.7
0.7
0.7
0.7
0.7
0.7
0.7
0.7
0.7
0.7
0.7
0.7
0.7
0.7
0.7695961995249406
0.7695961995249406
0.7695961995249406
0.7695961995249406
0.7695961995249406
0.7695961995249406
0.7695961995249406
0.7695961995249406
0.7695961995249406
0.7695961995249406
0.7695961995249406
0.7695961995249406
0.7695961995249406
0.7695961995249406
0.7695961995249406
0.7695961995249406
0.7695961995249406
0.7695961995249406
0.7695961995249406
0.7695961995249406
0.7695961995249406
0.7695961995249406
0.7695961995249406
0.7695961995249406
0.7695961995249406
0.7695961995249406
0.7695961995249406
0.7695961995249406
0.7695961995249406
0.7695961995249406
0.7695961995249406
0.7695961995249406
0.7695961995249406
0.7695961995249406
0.7695961995249406
0.7695961995249406
0.7695961995249406
0.7695961995249406
0.7695961995249406
0.7695961995249406
0.7695961995249406
0.7695961995249406
0.7695961995249406
0.7695961995249406
0.7695961995249406
0.7695961995249406
0.7695961995249406
0.7695961995249406
0.7695961995249406
0.7695961995249406
0.7695961995249406
0.7695961995249406
0.7695961995249406
0.7695961995249406
0.7695961995249406
0.7695961995249406
0.7695961995249406
0.7695961995249406
0.7695961995249406
0.7695961995249406
0.7695961995249406
0.7695961995249406
0.7695961995249406
0.7695961995249406
0.7695961995249406
0.7695961995249406
0.7695961995249406
0.7695961995249406
0.7695961995249406
0.7695961995249406
0.7695961995249406
0.7695961995249406
0.7695961995249406
0.7695961995249406
0.7695961995249406
0.7695961995249406
0.7
0.7
0.7
0.7
0.7
0.7
0.7
0.7
0.7
0.7
0.7
0.7
0.7
0.7
0.685
0.685
0.685
0.6745843230403801
0.6745843230403801
0.6745843230403801
0.6745843230403801
0.6745843230403801
0.6745843230403801
0.6033254156769596
0.7695961995249406
0.7695961995249406
0.7695961995249406
0.7695961995249406
0.7695961995249406
0.7695961995249406
0.7695961995249406
0.7695961995249406
0.7695961995249406
0.7695961995249406
0.7695961995249406
0.7695961995249406
0.7695961995249406
0.7695961995249406
0.7695961995249406
0.7695961995249406
0.7695961995249406
0.7695961995249406
0.7695961995249406
0.7695961995249406
0.7695961995249406
0.7695961995249406
0.7695961995249406
0.7695961995249406
0.7695961995249406
0.7695961995249406
0.7695961995249406
0.7695961995249406
0.7695961995249406
0.7695961995249406
0.7695961995249406
0.7695961995249406
0.7695961995249406
0.7695961995249406
0.7695961995249406
0.7695961995249406
0.7695961995249406
0.7404063205417607
0.7404063205417607
0.7404063205417607
0.7404063205417607
0.7404063205417607
0.7404063205417607
0.7404063205417607
0.7404063205417607
0.7404063205417607
0.7404063205417607
0.7695961995249406
0.7695961995249406
0.7695961995249406
0.7695961995249406
0.7695961995249406
0.7695961995249406
0.7695961995249406
0.7695961995249406
0.7695961995249406
0.7695961995249406
0.7695961995249406
0.7695961995249406
0.7695961995249406
0.7695961995249406
0.7695961995249406
0.7695961995249406
0.7695961995249406
0.7695961995249406
0.7695961995249406
0.7695961995249406
0.7695961995249406
0.7695961995249406
0.7695961995249406
0.7695961995249406
0.7695961995249406
0.7695961995249406
0.7695961995249406
0.7695961995249406
0.7695961995249406
0.7695961995249406
0.7695961995249406
0.7695961995249406
0.7695961995249406
0.7695961995249406
0.7695961995249406
0.7695961995249406
0.7695961995249406
0.7695961995249406
0.7695961995249406
0.7695961995249406
0.7695961995249406
0.7695961995249406
0.7695961995249406
0.7695961995249406
0.7695961995249406
0.7695961995249406
0.7695961995249406
0.7695961995249406
0.7695961995249406
0.7695961995249406
0.7695961995249406
0.7358916478555305
0.7358916478555305
0.7695961995249406
0.7695961995249406
0.7695961995249406
0.7695961995249406
0.7695961995249406
0.7695961995249406
0.7695961995249406
0.7695961995249406
0.7695961995249406
0.7695961995249406
0.7695961995249406
0.7695961995249406
0.7695961995249406
0.7695961995249406
0.7695961995249406
0.7695961995249406
0.7695961995249406
0.7695961995249406
0.7695961995249406
0.7695961995249406
0.7695961995249406
0.7695961995249406
0.7695961995249406
0.744920993227991
0.744920993227991
0.744920993227991
0.744920993227991
0.744920993227991
0.744920993227991
0.744920993227991
0.7695961995249406
0.7695961995249406
0.7695961995249406
0.7695961995249406
0.7695961995249406
0.7695961995249406
0.7695961995249406
0.7695961995249406
0.7695961995249406
0.7695961995249406
0.7695961995249406
0.7695961995249406
0.7695961995249406
0.7695961995249406
0.7695961995249406
0.7695961995249406
0.7695961995249406
0.7695961995249406
0.7695961995249406
0.7695961995249406
0.7695961995249406
0.7695961995249406
0.7695961995249406
0.7695961995249406
0.7695961995249406
0.7695961995249406
0.7695961995249406
0.7695961995249406
0.7695961995249406
0.7695961995249406
0.7695961995249406
0.7695961995249406
0.7600950118764845
0.6636568848758465
0.6636568848758465
0.6636568848758465
0.6636568848758465
0.6636568848758465
0.6636568848758465
0.6636568848758465
0.6636568848758465
0.6636568848758465
0.6636568848758465
0.6636568848758465
0.6636568848758465
0.6636568848758465
0.6636568848758465
0.6636568848758465
0.6636568848758465
0.6394849785407726
0.6394849785407726
0.6394849785407726
0.6394849785407726
0.6394849785407726
0.6394849785407726
0.6394849785407726
0.6394849785407726
0.6394849785407726
0.6394849785407726
0.6394849785407726
0.6394849785407726
0.6394849785407726
0.6394849785407726
0.6394849785407726
0.6394849785407726
0.6394849785407726
0.6394849785407726
0.6394849785407726
0.6394849785407726
0.6394849785407726
